0 verbose cli C:\Program Files\nodejs\node.exe C:\Program Files\nodejs\node_modules\npm\bin\npm-cli.js
1 info using npm@10.9.3
2 info using node@v22.19.0
3 silly config load:file:C:\Program Files\nodejs\node_modules\npm\npmrc
4 silly config load:file:C:\Users\NGUYEN MINH TRI\OneDrive\Desktop\JobConect4Student\Client\.npmrc
5 silly config load:file:C:\Users\NGUYEN MINH TRI\.npmrc
6 silly config load:file:C:\Users\NGUYEN MINH TRI\AppData\Roaming\npm\etc\npmrc
7 verbose title npm install
8 verbose argv "install" "--ignore-scripts"
9 verbose logfile logs-max:10 dir:C:\Users\NGUYEN MINH TRI\OneDrive\Desktop\JobConect4Student\Client\.npm-cache\_logs\2026-04-25T14_28_02_803Z-
10 verbose logfile C:\Users\NGUYEN MINH TRI\OneDrive\Desktop\JobConect4Student\Client\.npm-cache\_logs\2026-04-25T14_28_02_803Z-debug-0.log
11 silly logfile done cleaning log files
12 silly packumentCache heap:4345298944 maxSize:1086324736 maxEntrySize:543162368
13 silly idealTree buildDeps
14 silly reify moves {}
15 http fetch GET 200 https://registry.npmjs.org/npm 1058ms
16 silly audit bulk request {
16 silly audit   '@alloc/quick-lru': [ '5.2.0' ],
16 silly audit   '@ampproject/remapping': [ '2.3.0' ],
16 silly audit   '@babel/code-frame': [ '7.26.2' ],
16 silly audit   '@babel/compat-data': [ '7.26.8' ],
16 silly audit   '@babel/core': [ '7.26.9' ],
16 silly audit   semver: [ '6.3.1', '7.7.1', '7.7.2', '5.7.2' ],
16 silly audit   '@babel/eslint-parser': [ '7.26.8' ],
16 silly audit   'eslint-visitor-keys': [ '2.1.0', '3.4.3' ],
16 silly audit   '@babel/generator': [ '7.26.9' ],
16 silly audit   '@babel/helper-annotate-as-pure': [ '7.25.9' ],
16 silly audit   '@babel/helper-compilation-targets': [ '7.26.5' ],
16 silly audit   'lru-cache': [ '5.1.1', '10.4.3' ],
16 silly audit   '@babel/helper-create-class-features-plugin': [ '7.26.9' ],
16 silly audit   '@babel/helper-create-regexp-features-plugin': [ '7.26.3' ],
16 silly audit   '@babel/helper-define-polyfill-provider': [ '0.6.3' ],
16 silly audit   '@babel/helper-member-expression-to-functions': [ '7.25.9' ],
16 silly audit   '@babel/helper-module-imports': [ '7.25.9' ],
16 silly audit   '@babel/helper-module-transforms': [ '7.26.0' ],
16 silly audit   '@babel/helper-optimise-call-expression': [ '7.25.9' ],
16 silly audit   '@babel/helper-plugin-utils': [ '7.26.5' ],
16 silly audit   '@babel/helper-remap-async-to-generator': [ '7.25.9' ],
16 silly audit   '@babel/helper-replace-supers': [ '7.26.5' ],
16 silly audit   '@babel/helper-skip-transparent-expression-wrappers': [ '7.25.9' ],
16 silly audit   '@babel/helper-string-parser': [ '7.25.9' ],
16 silly audit   '@babel/helper-validator-identifier': [ '7.25.9' ],
16 silly audit   '@babel/helper-validator-option': [ '7.25.9' ],
16 silly audit   '@babel/helper-wrap-function': [ '7.25.9' ],
16 silly audit   '@babel/helpers': [ '7.26.9' ],
16 silly audit   '@babel/parser': [ '7.26.9' ],
16 silly audit   '@babel/plugin-bugfix-firefox-class-in-computed-class-key': [ '7.25.9' ],
16 silly audit   '@babel/plugin-bugfix-safari-class-field-initializer-scope': [ '7.25.9' ],
16 silly audit   '@babel/plugin-bugfix-safari-id-destructuring-collision-in-function-expression': [ '7.25.9' ],
16 silly audit   '@babel/plugin-bugfix-v8-spread-parameters-in-optional-chaining': [ '7.25.9' ],
16 silly audit   '@babel/plugin-bugfix-v8-static-class-fields-redefine-readonly': [ '7.25.9' ],
16 silly audit   '@babel/plugin-proposal-class-properties': [ '7.18.6' ],
16 silly audit   '@babel/plugin-proposal-decorators': [ '7.25.9' ],
16 silly audit   '@babel/plugin-proposal-nullish-coalescing-operator': [ '7.18.6' ],
16 silly audit   '@babel/plugin-proposal-numeric-separator': [ '7.18.6' ],
16 silly audit   '@babel/plugin-proposal-optional-chaining': [ '7.21.0' ],
16 silly audit   '@babel/plugin-proposal-private-methods': [ '7.18.6' ],
16 silly audit   '@babel/plugin-proposal-private-property-in-object': [ '7.21.0-placeholder-for-preset-env.2', '7.21.11' ],
16 silly audit   '@babel/plugin-syntax-async-generators': [ '7.8.4' ],
16 silly audit   '@babel/plugin-syntax-bigint': [ '7.8.3' ],
16 silly audit   '@babel/plugin-syntax-class-properties': [ '7.12.13' ],
16 silly audit   '@babel/plugin-syntax-class-static-block': [ '7.14.5' ],
16 silly audit   '@babel/plugin-syntax-decorators': [ '7.25.9' ],
16 silly audit   '@babel/plugin-syntax-flow': [ '7.26.0' ],
16 silly audit   '@babel/plugin-syntax-import-assertions': [ '7.26.0' ],
16 silly audit   '@babel/plugin-syntax-import-attributes': [ '7.26.0' ],
16 silly audit   '@babel/plugin-syntax-import-meta': [ '7.10.4' ],
16 silly audit   '@babel/plugin-syntax-json-strings': [ '7.8.3' ],
16 silly audit   '@babel/plugin-syntax-jsx': [ '7.25.9' ],
16 silly audit   '@babel/plugin-syntax-logical-assignment-operators': [ '7.10.4' ],
16 silly audit   '@babel/plugin-syntax-nullish-coalescing-operator': [ '7.8.3' ],
16 silly audit   '@babel/plugin-syntax-numeric-separator': [ '7.10.4' ],
16 silly audit   '@babel/plugin-syntax-object-rest-spread': [ '7.8.3' ],
16 silly audit   '@babel/plugin-syntax-optional-catch-binding': [ '7.8.3' ],
16 silly audit   '@babel/plugin-syntax-optional-chaining': [ '7.8.3' ],
16 silly audit   '@babel/plugin-syntax-private-property-in-object': [ '7.14.5' ],
16 silly audit   '@babel/plugin-syntax-top-level-await': [ '7.14.5' ],
16 silly audit   '@babel/plugin-syntax-typescript': [ '7.25.9' ],
16 silly audit   '@babel/plugin-syntax-unicode-sets-regex': [ '7.18.6' ],
16 silly audit   '@babel/plugin-transform-arrow-functions': [ '7.25.9' ],
16 silly audit   '@babel/plugin-transform-async-generator-functions': [ '7.26.8' ],
16 silly audit   '@babel/plugin-transform-async-to-generator': [ '7.25.9' ],
16 silly audit   '@babel/plugin-transform-block-scoped-functions': [ '7.26.5' ],
16 silly audit   '@babel/plugin-transform-block-scoping': [ '7.25.9' ],
16 silly audit   '@babel/plugin-transform-class-properties': [ '7.25.9' ],
16 silly audit   '@babel/plugin-transform-class-static-block': [ '7.26.0' ],
16 silly audit   '@babel/plugin-transform-classes': [ '7.25.9' ],
16 silly audit   '@babel/plugin-transform-computed-properties': [ '7.25.9' ],
16 silly audit   '@babel/plugin-transform-destructuring': [ '7.25.9' ],
16 silly audit   '@babel/plugin-transform-dotall-regex': [ '7.25.9' ],
16 silly audit   '@babel/plugin-transform-duplicate-keys': [ '7.25.9' ],
16 silly audit   '@babel/plugin-transform-duplicate-named-capturing-groups-regex': [ '7.25.9' ],
16 silly audit   '@babel/plugin-transform-dynamic-import': [ '7.25.9' ],
16 silly audit   '@babel/plugin-transform-exponentiation-operator': [ '7.26.3' ],
16 silly audit   '@babel/plugin-transform-export-namespace-from': [ '7.25.9' ],
16 silly audit   '@babel/plugin-transform-flow-strip-types': [ '7.26.5' ],
16 silly audit   '@babel/plugin-transform-for-of': [ '7.26.9' ],
16 silly audit   '@babel/plugin-transform-function-name': [ '7.25.9' ],
16 silly audit   '@babel/plugin-transform-json-strings': [ '7.25.9' ],
16 silly audit   '@babel/plugin-transform-literals': [ '7.25.9' ],
16 silly audit   '@babel/plugin-transform-logical-assignment-operators': [ '7.25.9' ],
16 silly audit   '@babel/plugin-transform-member-expression-literals': [ '7.25.9' ],
16 silly audit   '@babel/plugin-transform-modules-amd': [ '7.25.9' ],
16 silly audit   '@babel/plugin-transform-modules-commonjs': [ '7.26.3' ],
16 silly audit   '@babel/plugin-transform-modules-systemjs': [ '7.25.9' ],
16 silly audit   '@babel/plugin-transform-modules-umd': [ '7.25.9' ],
16 silly audit   '@babel/plugin-transform-named-capturing-groups-regex': [ '7.25.9' ],
16 silly audit   '@babel/plugin-transform-new-target': [ '7.25.9' ],
16 silly audit   '@babel/plugin-transform-nullish-coalescing-operator': [ '7.26.6' ],
16 silly audit   '@babel/plugin-transform-numeric-separator': [ '7.25.9' ],
16 silly audit   '@babel/plugin-transform-object-rest-spread': [ '7.25.9' ],
16 silly audit   '@babel/plugin-transform-object-super': [ '7.25.9' ],
16 silly audit   '@babel/plugin-transform-optional-catch-binding': [ '7.25.9' ],
16 silly audit   '@babel/plugin-transform-optional-chaining': [ '7.25.9' ],
16 silly audit   '@babel/plugin-transform-parameters': [ '7.25.9' ],
16 silly audit   '@babel/plugin-transform-private-methods': [ '7.25.9' ],
16 silly audit   '@babel/plugin-transform-private-property-in-object': [ '7.25.9' ],
16 silly audit   '@babel/plugin-transform-property-literals': [ '7.25.9' ],
16 silly audit   '@babel/plugin-transform-react-constant-elements': [ '7.25.9' ],
16 silly audit   '@babel/plugin-transform-react-display-name': [ '7.25.9' ],
16 silly audit   '@babel/plugin-transform-react-jsx': [ '7.25.9' ],
16 silly audit   '@babel/plugin-transform-react-jsx-development': [ '7.25.9' ],
16 silly audit   '@babel/plugin-transform-react-pure-annotations': [ '7.25.9' ],
16 silly audit   '@babel/plugin-transform-regenerator': [ '7.25.9' ],
16 silly audit   '@babel/plugin-transform-regexp-modifiers': [ '7.26.0' ],
16 silly audit   '@babel/plugin-transform-reserved-words': [ '7.25.9' ],
16 silly audit   '@babel/plugin-transform-runtime': [ '7.26.9' ],
16 silly audit   'babel-plugin-polyfill-corejs3': [ '0.10.6', '0.11.1' ],
16 silly audit   '@babel/plugin-transform-shorthand-properties': [ '7.25.9' ],
16 silly audit   '@babel/plugin-transform-spread': [ '7.25.9' ],
16 silly audit   '@babel/plugin-transform-sticky-regex': [ '7.25.9' ],
16 silly audit   '@babel/plugin-transform-template-literals': [ '7.26.8' ],
16 silly audit   '@babel/plugin-transform-typeof-symbol': [ '7.26.7' ],
16 silly audit   '@babel/plugin-transform-typescript': [ '7.26.8' ],
16 silly audit   '@babel/plugin-transform-unicode-escapes': [ '7.25.9' ],
16 silly audit   '@babel/plugin-transform-unicode-property-regex': [ '7.25.9' ],
16 silly audit   '@babel/plugin-transform-unicode-regex': [ '7.25.9' ],
16 silly audit   '@babel/plugin-transform-unicode-sets-regex': [ '7.25.9' ],
16 silly audit   '@babel/preset-env': [ '7.26.9' ],
16 silly audit   '@babel/preset-modules': [ '0.1.6-no-external-plugins' ],
16 silly audit   '@babel/preset-react': [ '7.26.3' ],
16 silly audit   '@babel/preset-typescript': [ '7.26.0' ],
16 silly audit   '@babel/runtime': [ '7.29.2' ],
16 silly audit   '@babel/template': [ '7.26.9' ],
16 silly audit   '@babel/traverse': [ '7.26.9' ],
16 silly audit   '@babel/types': [ '7.26.9' ],
16 silly audit   '@bcoe/v8-coverage': [ '0.2.3' ],
16 silly audit   '@csstools/normalize.css': [ '12.1.1' ],
16 silly audit   '@csstools/postcss-cascade-layers': [ '1.1.1' ],
16 silly audit   '@csstools/postcss-color-function': [ '1.1.1' ],
16 silly audit   '@csstools/postcss-font-format-keywords': [ '1.0.1' ],
16 silly audit   '@csstools/postcss-hwb-function': [ '1.0.2' ],
16 silly audit   '@csstools/postcss-ic-unit': [ '1.0.1' ],
16 silly audit   '@csstools/postcss-is-pseudo-class': [ '2.0.7' ],
16 silly audit   '@csstools/postcss-nested-calc': [ '1.0.0' ],
16 silly audit   '@csstools/postcss-normalize-display-values': [ '1.0.1' ],
16 silly audit   '@csstools/postcss-oklab-function': [ '1.1.1' ],
16 silly audit   '@csstools/postcss-progressive-custom-properties': [ '1.3.0' ],
16 silly audit   '@csstools/postcss-stepped-value-functions': [ '1.0.1' ],
16 silly audit   '@csstools/postcss-text-decoration-shorthand': [ '1.0.0' ],
16 silly audit   '@csstools/postcss-trigonometric-functions': [ '1.0.2' ],
16 silly audit   '@csstools/postcss-unset-value': [ '1.0.2' ],
16 silly audit   '@csstools/selector-specificity': [ '2.2.0' ],
16 silly audit   '@cypress/request': [ '3.0.8' ],
16 silly audit   'form-data': [ '4.0.3', '4.0.2', '3.0.3' ],
16 silly audit   qs: [ '6.14.0', '6.13.0' ],
16 silly audit   'tough-cookie': [ '5.1.2', '4.1.4' ],
16 silly audit   uuid: [ '8.3.2', '13.0.0' ],
16 silly audit   '@cypress/xvfb': [ '1.2.4' ],
16 silly audit   debug: [ '3.2.7', '2.6.9', '4.4.0' ],
16 silly audit   '@emotion/babel-plugin': [ '11.13.5' ],
16 silly audit   'convert-source-map': [ '1.9.0', '2.0.0' ],
16 silly audit   'source-map': [ '0.5.7', '0.6.1', '0.7.4', '0.8.0-beta.0' ],
16 silly audit   '@emotion/cache': [ '11.14.0' ],
16 silly audit   '@emotion/hash': [ '0.9.2' ],
16 silly audit   '@emotion/is-prop-valid': [ '1.3.1' ],
16 silly audit   '@emotion/memoize': [ '0.9.0' ],
16 silly audit   '@emotion/react': [ '11.14.0' ],
16 silly audit   '@emotion/serialize': [ '1.3.3' ],
16 silly audit   '@emotion/sheet': [ '1.4.0' ],
16 silly audit   '@emotion/styled': [ '11.14.0' ],
16 silly audit   '@emotion/unitless': [ '0.10.0' ],
16 silly audit   '@emotion/use-insertion-effect-with-fallbacks': [ '1.2.0' ],
16 silly audit   '@emotion/utils': [ '1.4.2' ],
16 silly audit   '@emotion/weak-memoize': [ '0.4.0' ],
16 silly audit   '@eslint-community/eslint-utils': [ '4.4.1' ],
16 silly audit   '@eslint-community/regexpp': [ '4.12.1' ],
16 silly audit   '@eslint/eslintrc': [ '2.1.4' ],
16 silly audit   argparse: [ '2.0.1', '1.0.10' ],
16 silly audit   'brace-expansion': [ '1.1.11', '2.0.1' ],
16 silly audit   globals: [ '13.24.0', '11.12.0' ],
16 silly audit   'js-yaml': [ '4.1.0', '3.14.1' ],
16 silly audit   minimatch: [ '3.1.2', '5.1.6', '8.0.4', '9.0.5' ],
16 silly audit   'type-fest': [ '0.20.2', '0.16.0', '0.21.3' ],
16 silly audit   '@eslint/js': [ '8.57.1' ],
16 silly audit   '@firebase/analytics': [ '0.10.12' ],
16 silly audit   '@firebase/analytics-compat': [ '0.2.18' ],
16 silly audit   '@firebase/analytics-types': [ '0.8.3' ],
16 silly audit   '@firebase/app': [ '0.11.2' ],
16 silly audit   '@firebase/app-check': [ '0.8.12' ],
16 silly audit   '@firebase/app-check-compat': [ '0.3.19' ],
16 silly audit   '@firebase/app-check-interop-types': [ '0.3.3' ],
16 silly audit   '@firebase/app-check-types': [ '0.5.3' ],
16 silly audit   '@firebase/app-compat': [ '0.2.51' ],
16 silly audit   '@firebase/app-types': [ '0.9.3' ],
16 silly audit   '@firebase/auth': [ '1.9.1' ],
16 silly audit   '@firebase/auth-compat': [ '0.5.19' ],
16 silly audit   '@firebase/auth-interop-types': [ '0.2.4' ],
16 silly audit   '@firebase/auth-types': [ '0.13.0' ],
16 silly audit   '@firebase/component': [ '0.6.13' ],
16 silly audit   '@firebase/data-connect': [ '0.3.1' ],
16 silly audit   '@firebase/database': [ '1.0.13' ],
16 silly audit   '@firebase/database-compat': [ '2.0.4' ],
16 silly audit   '@firebase/database-types': [ '1.0.9' ],
16 silly audit   '@firebase/firestore': [ '4.7.9' ],
16 silly audit   '@firebase/firestore-compat': [ '0.3.44' ],
16 silly audit   '@firebase/firestore-types': [ '3.0.3' ],
16 silly audit   '@firebase/functions': [ '0.12.3' ],
16 silly audit   '@firebase/functions-compat': [ '0.3.20' ],
16 silly audit   '@firebase/functions-types': [ '0.6.3' ],
16 silly audit   '@firebase/installations': [ '0.6.13' ],
16 silly audit   '@firebase/installations-compat': [ '0.2.13' ],
16 silly audit   '@firebase/installations-types': [ '0.5.3' ],
16 silly audit   '@firebase/logger': [ '0.4.4' ],
16 silly audit   '@firebase/messaging': [ '0.12.17' ],
16 silly audit   '@firebase/messaging-compat': [ '0.2.17' ],
16 silly audit   '@firebase/messaging-interop-types': [ '0.2.3' ],
16 silly audit   '@firebase/performance': [ '0.7.1' ],
16 silly audit   '@firebase/performance-compat': [ '0.2.14' ],
16 silly audit   '@firebase/performance-types': [ '0.2.3' ],
16 silly audit   '@firebase/remote-config': [ '0.6.0' ],
16 silly audit   '@firebase/remote-config-compat': [ '0.2.13' ],
16 silly audit   '@firebase/remote-config-types': [ '0.4.0' ],
16 silly audit   '@firebase/storage': [ '0.13.7' ],
16 silly audit   '@firebase/storage-compat': [ '0.3.17' ],
16 silly audit   '@firebase/storage-types': [ '0.8.3' ],
16 silly audit   '@firebase/util': [ '1.11.0' ],
16 silly audit   '@firebase/vertexai': [ '1.1.0' ],
16 silly audit   '@firebase/webchannel-wrapper': [ '1.0.3' ],
16 silly audit   '@floating-ui/core': [ '1.6.9' ],
16 silly audit   '@floating-ui/dom': [ '1.6.13' ],
16 silly audit   '@floating-ui/react': [ '0.27.5' ],
16 silly audit   '@floating-ui/react-dom': [ '2.1.2' ],
16 silly audit   '@floating-ui/utils': [ '0.2.9' ],
16 silly audit   '@fortawesome/fontawesome-common-types': [ '6.7.2' ],
16 silly audit   '@fortawesome/fontawesome-svg-core': [ '6.7.2' ],
16 silly audit   '@fortawesome/free-brands-svg-icons': [ '6.7.2' ],
16 silly audit   '@fortawesome/free-solid-svg-icons': [ '6.7.2' ],
16 silly audit   '@fortawesome/react-fontawesome': [ '0.2.2' ],
16 silly audit   '@grpc/grpc-js': [ '1.9.15' ],
16 silly audit   '@grpc/proto-loader': [ '0.7.13' ],
16 silly audit   cliui: [ '8.0.1', '7.0.4' ],
16 silly audit   yargs: [ '17.7.2', '16.2.0' ],
16 silly audit   'yargs-parser': [ '21.1.1', '20.2.9' ],
16 silly audit   '@humanwhocodes/config-array': [ '0.13.0' ],
16 silly audit   '@humanwhocodes/module-importer': [ '1.0.1' ],
16 silly audit   '@humanwhocodes/object-schema': [ '2.0.3' ],
16 silly audit   '@isaacs/cliui': [ '8.0.2' ],
16 silly audit   'ansi-regex': [ '6.1.0', '5.0.1' ],
16 silly audit   'ansi-styles': [ '6.2.1', '4.3.0', '3.2.1', '5.2.0' ],
16 silly audit   'string-width': [ '5.1.2', '4.2.3' ],
16 silly audit   'strip-ansi': [ '7.1.0', '6.0.1' ],
16 silly audit   'wrap-ansi': [ '8.1.0', '6.2.0', '7.0.0' ],
16 silly audit   '@istanbuljs/load-nyc-config': [ '1.1.0' ],
16 silly audit   camelcase: [ '5.3.1', '6.3.0' ],
16 silly audit   'find-up': [ '4.1.0', '5.0.0', '3.0.0' ],
16 silly audit   'locate-path': [ '5.0.0', '6.0.0', '3.0.0' ],
16 silly audit   'p-locate': [ '4.1.0', '5.0.0', '3.0.0' ],
16 silly audit   'path-exists': [ '4.0.0', '3.0.0' ],
16 silly audit   '@istanbuljs/schema': [ '0.1.3' ],
16 silly audit   '@jest/console': [ '27.5.1', '28.1.3' ],
16 silly audit   '@jest/core': [ '27.5.1' ],
16 silly audit   '@jest/environment': [ '27.5.1' ],
16 silly audit   '@jest/fake-timers': [ '27.5.1' ],
16 silly audit   '@jest/globals': [ '27.5.1' ],
16 silly audit   '@jest/reporters': [ '27.5.1' ],
16 silly audit   glob: [ '7.2.3', '9.3.5', '10.4.5' ],
16 silly audit   '@jest/schemas': [ '28.1.3' ],
16 silly audit   '@jest/source-map': [ '27.5.1' ],
16 silly audit   '@jest/test-result': [ '27.5.1', '28.1.3' ],
16 silly audit   '@jest/test-sequencer': [ '27.5.1' ],
16 silly audit   '@jest/transform': [ '27.5.1' ],
16 silly audit   '@jest/types': [ '27.5.1', '28.1.3' ],
16 silly audit   '@jridgewell/gen-mapping': [ '0.3.8' ],
16 silly audit   '@jridgewell/resolve-uri': [ '3.1.2' ],
16 silly audit   '@jridgewell/set-array': [ '1.2.1' ],
16 silly audit   '@jridgewell/source-map': [ '0.3.6' ],
16 silly audit   '@jridgewell/sourcemap-codec': [ '1.5.0' ],
16 silly audit   '@jridgewell/trace-mapping': [ '0.3.25' ],
16 silly audit   '@leichtgewicht/ip-codec': [ '2.0.5' ],
16 silly audit   '@mui/core-downloads-tracker': [ '6.4.8' ],
16 silly audit   '@mui/material': [ '6.4.8' ],
16 silly audit   'react-is': [ '19.0.0', '18.3.1', '17.0.2', '16.13.1' ],
16 silly audit   '@mui/private-theming': [ '6.4.8' ],
16 silly audit   '@mui/styled-engine': [ '6.4.8' ],
16 silly audit   '@mui/system': [ '6.4.8' ],
16 silly audit   '@mui/types': [ '7.2.24' ],
16 silly audit   '@mui/utils': [ '6.4.8' ],
16 silly audit   '@mui/x-date-pickers': [ '7.28.0' ],
16 silly audit   '@mui/x-internals': [ '7.28.0' ],
16 silly audit   '@nicolo-ribaudo/eslint-scope-5-internals': [ '5.1.1-v1' ],
16 silly audit   'eslint-scope': [ '5.1.1', '7.2.2' ],
16 silly audit   estraverse: [ '4.3.0', '5.3.0' ],
16 silly audit   '@nodelib/fs.scandir': [ '2.1.5' ],
16 silly audit   '@nodelib/fs.stat': [ '2.0.5' ],
16 silly audit   '@nodelib/fs.walk': [ '1.2.8' ],
16 silly audit   '@parcel/watcher': [ '2.5.1' ],
16 silly audit   '@parcel/watcher-android-arm64': [ '2.5.1' ],
16 silly audit   '@parcel/watcher-darwin-arm64': [ '2.5.1' ],
16 silly audit   '@parcel/watcher-darwin-x64': [ '2.5.1' ],
16 silly audit   '@parcel/watcher-freebsd-x64': [ '2.5.1' ],
16 silly audit   '@parcel/watcher-linux-arm-glibc': [ '2.5.1' ],
16 silly audit   '@parcel/watcher-linux-arm-musl': [ '2.5.1' ],
16 silly audit   '@parcel/watcher-linux-arm64-glibc': [ '2.5.1' ],
16 silly audit   '@parcel/watcher-linux-arm64-musl': [ '2.5.1' ],
16 silly audit   '@parcel/watcher-linux-x64-glibc': [ '2.5.1' ],
16 silly audit   '@parcel/watcher-linux-x64-musl': [ '2.5.1' ],
16 silly audit   '@parcel/watcher-win32-arm64': [ '2.5.1' ],
16 silly audit   '@parcel/watcher-win32-ia32': [ '2.5.1' ],
16 silly audit   '@parcel/watcher-win32-x64': [ '2.5.1' ],
16 silly audit   '@pkgjs/parseargs': [ '0.11.0' ],
16 silly audit   '@pmmmwh/react-refresh-webpack-plugin': [ '0.5.15' ],
16 silly audit   '@popperjs/core': [ '2.11.8' ],
16 silly audit   '@protobufjs/aspromise': [ '1.1.2' ],
16 silly audit   '@protobufjs/base64': [ '1.1.2' ],
16 silly audit   '@protobufjs/codegen': [ '2.0.4' ],
16 silly audit   '@protobufjs/eventemitter': [ '1.1.0' ],
16 silly audit   '@protobufjs/fetch': [ '1.1.0' ],
16 silly audit   '@protobufjs/float': [ '1.0.2' ],
16 silly audit   '@protobufjs/inquire': [ '1.1.0' ],
16 silly audit   '@protobufjs/path': [ '1.1.2' ],
16 silly audit   '@protobufjs/pool': [ '1.1.0' ],
16 silly audit   '@protobufjs/utf8': [ '1.1.0' ],
16 silly audit   '@rollup/plugin-babel': [ '5.3.1' ],
16 silly audit   '@rollup/plugin-node-resolve': [ '11.2.1' ],
16 silly audit   '@rollup/plugin-replace': [ '2.4.2' ],
16 silly audit   '@rollup/pluginutils': [ '3.1.0' ],
16 silly audit   '@types/estree': [ '0.0.39', '1.0.6' ],
16 silly audit   '@rtsao/scc': [ '1.1.0' ],
16 silly audit   '@rushstack/eslint-patch': [ '1.10.5' ],
16 silly audit   '@sinclair/typebox': [ '0.24.51' ],
16 silly audit   '@sinonjs/commons': [ '1.8.6' ],
16 silly audit   '@sinonjs/fake-timers': [ '8.1.0' ],
16 silly audit   '@surma/rollup-plugin-off-main-thread': [ '2.2.3' ],
16 silly audit   '@svgr/babel-plugin-add-jsx-attribute': [ '5.4.0' ],
16 silly audit   '@svgr/babel-plugin-remove-jsx-attribute': [ '5.4.0' ],
16 silly audit   '@svgr/babel-plugin-remove-jsx-empty-expression': [ '5.0.1' ],
16 silly audit   '@svgr/babel-plugin-replace-jsx-attribute-value': [ '5.0.1' ],
16 silly audit   '@svgr/babel-plugin-svg-dynamic-title': [ '5.4.0' ],
16 silly audit   '@svgr/babel-plugin-svg-em-dimensions': [ '5.4.0' ],
16 silly audit   '@svgr/babel-plugin-transform-react-native-svg': [ '5.4.0' ],
16 silly audit   '@svgr/babel-plugin-transform-svg-component': [ '5.5.0' ],
16 silly audit   '@svgr/babel-preset': [ '5.5.0' ],
16 silly audit   '@svgr/core': [ '5.5.0' ],
16 silly audit   '@svgr/hast-util-to-babel-ast': [ '5.5.0' ],
16 silly audit   '@svgr/plugin-jsx': [ '5.5.0' ],
16 silly audit   '@svgr/plugin-svgo': [ '5.5.0' ],
16 silly audit   '@svgr/webpack': [ '5.5.0' ],
16 silly audit   '@tippyjs/react': [ '4.2.6' ],
16 silly audit   '@tootallnate/once': [ '1.1.2' ],
16 silly audit   '@trysound/sax': [ '0.2.0' ],
16 silly audit   '@types/babel__core': [ '7.20.5' ],
16 silly audit   '@types/babel__generator': [ '7.6.8' ],
16 silly audit   '@types/babel__template': [ '7.4.4' ],
16 silly audit   '@types/babel__traverse': [ '7.20.6' ],
16 silly audit   '@types/body-parser': [ '1.19.5' ],
16 silly audit   '@types/bonjour': [ '3.5.13' ],
16 silly audit   '@types/connect': [ '3.4.38' ],
16 silly audit   '@types/connect-history-api-fallback': [ '1.5.4' ],
16 silly audit   '@types/cookie': [ '0.6.0' ],
16 silly audit   '@types/d3-array': [ '3.2.1' ],
16 silly audit   '@types/d3-color': [ '3.1.3' ],
16 silly audit   '@types/d3-ease': [ '3.0.2' ],
16 silly audit   '@types/d3-interpolate': [ '3.0.4' ],
16 silly audit   '@types/d3-path': [ '3.1.1' ],
16 silly audit   '@types/d3-scale': [ '4.0.9' ],
16 silly audit   '@types/d3-shape': [ '3.1.7' ],
16 silly audit   '@types/d3-time': [ '3.0.4' ],
16 silly audit   '@types/d3-timer': [ '3.0.2' ],
16 silly audit   '@types/eslint': [ '8.56.12' ],
16 silly audit   '@types/eslint-scope': [ '3.7.7' ],
16 silly audit   '@types/express': [ '4.17.21' ],
16 silly audit   '@types/express-serve-static-core': [ '5.0.6', '4.19.6' ],
16 silly audit   '@types/graceful-fs': [ '4.1.9' ],
16 silly audit   '@types/html-minifier-terser': [ '6.1.0' ],
16 silly audit   '@types/http-errors': [ '2.0.4' ],
16 silly audit   '@types/http-proxy': [ '1.17.16' ],
16 silly audit   '@types/istanbul-lib-coverage': [ '2.0.6' ],
16 silly audit   '@types/istanbul-lib-report': [ '3.0.3' ],
16 silly audit   '@types/istanbul-reports': [ '3.0.4' ],
16 silly audit   '@types/json-schema': [ '7.0.15' ],
16 silly audit   '@types/json5': [ '0.0.29' ],
16 silly audit   '@types/mime': [ '1.3.5' ],
16 silly audit   '@types/node': [ '22.13.9' ],
16 silly audit   '@types/node-forge': [ '1.3.11' ],
16 silly audit   '@types/pako': [ '2.0.4' ],
16 silly audit   '@types/parse-json': [ '4.0.2' ],
16 silly audit   '@types/prettier': [ '2.7.3' ],
16 silly audit   '@types/prop-types': [ '15.7.14' ],
16 silly audit   '@types/q': [ '1.5.8' ],
16 silly audit   '@types/qs': [ '6.9.18' ],
16 silly audit   '@types/raf': [ '3.4.3' ],
16 silly audit   '@types/range-parser': [ '1.2.7' ],
16 silly audit   '@types/react': [ '19.2.14' ],
16 silly audit   '@types/react-transition-group': [ '4.4.12' ],
16 silly audit   '@types/resolve': [ '1.17.1' ],
16 silly audit   '@types/retry': [ '0.12.0' ],
16 silly audit   '@types/semver': [ '7.5.8' ],
16 silly audit   '@types/send': [ '0.17.4' ],
16 silly audit   '@types/serve-index': [ '1.9.4' ],
16 silly audit   '@types/serve-static': [ '1.15.7' ],
16 silly audit   '@types/sinonjs__fake-timers': [ '8.1.1' ],
16 silly audit   '@types/sizzle': [ '2.3.9' ],
16 silly audit   '@types/sockjs': [ '0.3.36' ],
16 silly audit   '@types/stack-utils': [ '2.0.3' ],
16 silly audit   '@types/trusted-types': [ '2.0.7' ],
16 silly audit   '@types/ws': [ '8.18.0' ],
16 silly audit   '@types/yargs': [ '16.0.9', '17.0.33' ],
16 silly audit   '@types/yargs-parser': [ '21.0.3' ],
16 silly audit   '@types/yauzl': [ '2.10.3' ],
16 silly audit   '@typescript-eslint/eslint-plugin': [ '5.62.0' ],
16 silly audit   '@typescript-eslint/experimental-utils': [ '5.62.0' ],
16 silly audit   '@typescript-eslint/parser': [ '5.62.0' ],
16 silly audit   '@typescript-eslint/scope-manager': [ '5.62.0' ],
16 silly audit   '@typescript-eslint/type-utils': [ '5.62.0' ],
16 silly audit   '@typescript-eslint/types': [ '5.62.0' ],
16 silly audit   '@typescript-eslint/typescript-estree': [ '5.62.0' ],
16 silly audit   '@typescript-eslint/utils': [ '5.62.0' ],
16 silly audit   '@typescript-eslint/visitor-keys': [ '5.62.0' ],
16 silly audit   '@ungap/structured-clone': [ '1.3.0' ],
16 silly audit   '@webassemblyjs/ast': [ '1.14.1' ],
16 silly audit   '@webassemblyjs/floating-point-hex-parser': [ '1.13.2' ],
16 silly audit   '@webassemblyjs/helper-api-error': [ '1.13.2' ],
16 silly audit   '@webassemblyjs/helper-buffer': [ '1.14.1' ],
16 silly audit   '@webassemblyjs/helper-numbers': [ '1.13.2' ],
16 silly audit   '@webassemblyjs/helper-wasm-bytecode': [ '1.13.2' ],
16 silly audit   '@webassemblyjs/helper-wasm-section': [ '1.14.1' ],
16 silly audit   '@webassemblyjs/ieee754': [ '1.13.2' ],
16 silly audit   '@webassemblyjs/leb128': [ '1.13.2' ],
16 silly audit   '@webassemblyjs/utf8': [ '1.13.2' ],
16 silly audit   '@webassemblyjs/wasm-edit': [ '1.14.1' ],
16 silly audit   '@webassemblyjs/wasm-gen': [ '1.14.1' ],
16 silly audit   '@webassemblyjs/wasm-opt': [ '1.14.1' ],
16 silly audit   '@webassemblyjs/wasm-parser': [ '1.14.1' ],
16 silly audit   '@webassemblyjs/wast-printer': [ '1.14.1' ],
16 silly audit   '@xtuc/ieee754': [ '1.2.0' ],
16 silly audit   '@xtuc/long': [ '4.2.2' ],
16 silly audit   abab: [ '2.0.6' ],
16 silly audit   accepts: [ '1.3.8' ],
16 silly audit   negotiator: [ '0.6.3', '0.6.4' ],
16 silly audit   acorn: [ '8.14.1', '7.4.1' ],
16 silly audit   'acorn-globals': [ '6.0.0' ],
16 silly audit   'acorn-jsx': [ '5.3.2' ],
16 silly audit   'acorn-walk': [ '7.2.0' ],
16 silly audit   add: [ '2.0.6' ],
16 silly audit   address: [ '1.2.2' ],
16 silly audit   'adjust-sourcemap-loader': [ '4.0.0' ],
16 silly audit   'agent-base': [ '6.0.2' ],
16 silly audit   'aggregate-error': [ '3.1.0' ],
16 silly audit   ajv: [ '6.12.6', '8.17.1' ],
16 silly audit   'ajv-formats': [ '2.1.1' ],
16 silly audit   'json-schema-traverse': [ '1.0.0', '0.4.1' ],
16 silly audit   'ajv-keywords': [ '3.5.2', '5.1.0' ],
16 silly audit   'ansi-colors': [ '4.1.3' ],
16 silly audit   'ansi-escapes': [ '4.3.2' ],
16 silly audit   'ansi-html': [ '0.0.9' ],
16 silly audit   'ansi-html-community': [ '0.0.8' ],
16 silly audit   'any-promise': [ '1.3.0' ],
16 silly audit   anymatch: [ '3.1.3' ],
16 silly audit   aos: [ '2.3.4' ],
16 silly audit   arch: [ '2.2.0' ],
16 silly audit   arg: [ '5.0.2' ],
16 silly audit   'aria-query': [ '5.3.2' ],
16 silly audit   'array-buffer-byte-length': [ '1.0.2' ],
16 silly audit   'array-flatten': [ '1.1.1' ],
16 silly audit   'array-includes': [ '3.1.8' ],
16 silly audit   'array-union': [ '2.1.0' ],
16 silly audit   'array.prototype.findlast': [ '1.2.5' ],
16 silly audit   'array.prototype.findlastindex': [ '1.2.5' ],
16 silly audit   'array.prototype.flat': [ '1.3.3' ],
16 silly audit   'array.prototype.flatmap': [ '1.3.3' ],
16 silly audit   'array.prototype.reduce': [ '1.0.7' ],
16 silly audit   'array.prototype.tosorted': [ '1.1.4' ],
16 silly audit   'arraybuffer.prototype.slice': [ '1.0.4' ],
16 silly audit   asap: [ '2.0.6' ],
16 silly audit   asn1: [ '0.2.6' ],
16 silly audit   'assert-plus': [ '1.0.0' ],
16 silly audit   'ast-types-flow': [ '0.0.8' ],
16 silly audit   'astral-regex': [ '2.0.0' ],
16 silly audit   async: [ '3.2.6' ],
16 silly audit   'async-function': [ '1.0.0' ],
16 silly audit   asynckit: [ '0.4.0' ],
16 silly audit   'at-least-node': [ '1.0.0' ],
16 silly audit   autoprefixer: [ '10.4.20' ],
16 silly audit   'available-typed-arrays': [ '1.0.7' ],
16 silly audit   'aws-sign2': [ '0.7.0' ],
16 silly audit   aws4: [ '1.13.2' ],
16 silly audit   'axe-core': [ '4.10.3' ],
16 silly audit   axios: [ '1.8.4' ],
16 silly audit   'axobject-query': [ '4.1.0' ],
16 silly audit   'babel-jest': [ '27.5.1' ],
16 silly audit   'babel-loader': [ '8.4.1' ],
16 silly audit   'schema-utils': [ '2.7.1', '3.3.0', '2.7.0', '4.3.0' ],
16 silly audit   'babel-plugin-istanbul': [ '6.1.1' ],
16 silly audit   'babel-plugin-jest-hoist': [ '27.5.1' ],
16 silly audit   'babel-plugin-macros': [ '3.1.0' ],
16 silly audit   'babel-plugin-module-resolver': [ '5.0.2' ],
16 silly audit   'babel-plugin-named-asset-import': [ '0.3.8' ],
16 silly audit   'babel-plugin-polyfill-corejs2': [ '0.4.12' ],
16 silly audit   'babel-plugin-polyfill-regenerator': [ '0.6.3' ],
16 silly audit   'babel-plugin-transform-react-remove-prop-types': [ '0.4.24' ],
16 silly audit   'babel-preset-current-node-syntax': [ '1.1.0' ],
16 silly audit   'babel-preset-jest': [ '27.5.1' ],
16 silly audit   'babel-preset-react-app': [ '10.1.0' ],
16 silly audit   'balanced-match': [ '1.0.2' ],
16 silly audit   'base64-arraybuffer': [ '1.0.2' ],
16 silly audit   'base64-js': [ '1.5.1' ],
16 silly audit   batch: [ '0.6.1' ],
16 silly audit   'bcrypt-pbkdf': [ '1.0.2' ],
16 silly audit   bfj: [ '7.1.0' ],
16 silly audit   'big.js': [ '5.2.2' ],
16 silly audit   'binary-extensions': [ '2.3.0' ],
16 silly audit   'blob-util': [ '2.0.2' ],
16 silly audit   bluebird: [ '3.7.2' ],
16 silly audit   'body-parser': [ '1.20.3' ],
16 silly audit   'iconv-lite': [ '0.4.24', '0.6.3' ],
16 silly audit   ms: [ '2.0.0', '2.1.3' ],
16 silly audit   'bonjour-service': [ '1.3.0' ],
16 silly audit   boolbase: [ '1.0.0' ],
16 silly audit   braces: [ '3.0.3' ],
16 silly audit   'browser-process-hrtime': [ '1.0.0' ],
16 silly audit   browserslist: [ '4.24.4' ],
16 silly audit   bser: [ '2.1.1' ],
16 silly audit   buffer: [ '5.7.1' ],
16 silly audit   'buffer-crc32': [ '0.2.13' ],
16 silly audit   'buffer-from': [ '1.1.2' ],
16 silly audit   'builtin-modules': [ '3.3.0' ],
16 silly audit   bytes: [ '3.1.2' ],
16 silly audit   cachedir: [ '2.4.0' ],
16 silly audit   'call-bind': [ '1.0.8' ],
16 silly audit   'call-bind-apply-helpers': [ '1.0.2' ],
16 silly audit   'call-bound': [ '1.0.4' ],
16 silly audit   callsites: [ '3.1.0' ],
16 silly audit   'camel-case': [ '4.1.2' ],
16 silly audit   'camelcase-css': [ '2.0.1' ],
16 silly audit   'caniuse-api': [ '3.0.0' ],
16 silly audit   'caniuse-lite': [ '1.0.30001702' ],
16 silly audit   canvg: [ '3.0.11' ],
16 silly audit   'case-sensitive-paths-webpack-plugin': [ '2.4.0' ],
16 silly audit   caseless: [ '0.12.0' ],
16 silly audit   chalk: [ '4.1.2', '2.4.2' ],
16 silly audit   'char-regex': [ '1.0.2', '2.0.2' ],
16 silly audit   'check-more-types': [ '2.24.0' ],
16 silly audit   'check-types': [ '11.2.3' ],
16 silly audit   chokidar: [ '3.6.0', '4.0.3' ],
16 silly audit   'glob-parent': [ '5.1.2', '6.0.2' ],
16 silly audit   'chrome-trace-event': [ '1.0.4' ],
16 silly audit   'ci-info': [ '3.9.0', '4.2.0' ],
16 silly audit   'cjs-module-lexer': [ '1.4.3' ],
16 silly audit   'classlist-polyfill': [ '1.2.0' ],
16 silly audit   classname: [ '0.0.0' ],
16 silly audit   classnames: [ '2.5.1' ],
16 silly audit   'clean-css': [ '5.3.3' ],
16 silly audit   'clean-stack': [ '2.2.0' ],
16 silly audit   'cli-cursor': [ '3.1.0' ],
16 silly audit   'cli-table3': [ '0.6.1' ],
16 silly audit   'cli-truncate': [ '2.1.0' ],
16 silly audit   clsx: [ '2.1.1' ],
16 silly audit   co: [ '4.6.0' ],
16 silly audit   coa: [ '2.0.2' ],
16 silly audit   'color-convert': [ '1.9.3', '2.0.1' ],
16 silly audit   'color-name': [ '1.1.3', '1.1.4' ],
16 silly audit   'escape-string-regexp': [ '1.0.5', '4.0.0', '2.0.0' ],
16 silly audit   'has-flag': [ '3.0.0', '4.0.0' ],
16 silly audit   'supports-color': [ '5.5.0', '8.1.1', '7.2.0' ],
16 silly audit   'collect-v8-coverage': [ '1.0.2' ],
16 silly audit   colord: [ '2.9.3' ],
16 silly audit   colorette: [ '2.0.20' ],
16 silly audit   colors: [ '1.4.0' ],
16 silly audit   'combined-stream': [ '1.0.8' ],
16 silly audit   commander: [ '8.3.0', '6.2.1', '7.2.0', '4.1.1', '2.20.3' ],
16 silly audit   'common-tags': [ '1.8.2' ],
16 silly audit   commondir: [ '1.0.1' ],
16 silly audit   compressible: [ '2.0.18' ],
16 silly audit   compression: [ '1.8.0' ],
16 silly audit   'concat-map': [ '0.0.1' ],
16 silly audit   'confusing-browser-globals': [ '1.0.11' ],
16 silly audit   'connect-history-api-fallback': [ '2.0.0' ],
16 silly audit   'content-disposition': [ '0.5.4' ],
16 silly audit   'content-type': [ '1.0.5' ],
16 silly audit   cookie: [ '1.0.2', '0.7.1' ],
16 silly audit   'cookie-signature': [ '1.0.6' ],
16 silly audit   'core-js': [ '3.41.0' ],
16 silly audit   'core-js-compat': [ '3.41.0' ],
16 silly audit   'core-js-pure': [ '3.41.0' ],
16 silly audit   'core-util-is': [ '1.0.3', '1.0.2' ],
16 silly audit   cosmiconfig: [ '7.1.0', '6.0.0' ],
16 silly audit   'cra-template': [ '1.2.0' ],
16 silly audit   'cross-spawn': [ '7.0.6' ],
16 silly audit   'crypto-random-string': [ '2.0.0' ],
16 silly audit   'css-blank-pseudo': [ '3.0.3' ],
16 silly audit   'css-declaration-sorter': [ '6.4.1' ],
16 silly audit   'css-has-pseudo': [ '3.0.4' ],
16 silly audit   'css-line-break': [ '2.1.0' ],
16 silly audit   'css-loader': [ '6.11.0' ],
16 silly audit   'css-mediaquery': [ '0.1.2' ],
16 silly audit   'css-minimizer-webpack-plugin': [ '3.4.1' ],
16 silly audit   'css-prefers-color-scheme': [ '6.0.3' ],
16 silly audit   'css-select': [ '4.3.0', '2.1.0' ],
16 silly audit   'css-select-base-adapter': [ '0.1.1' ],
16 silly audit   'css-tree': [ '1.0.0-alpha.37', '1.1.3' ],
16 silly audit   'css-what': [ '6.1.0', '3.4.2' ],
16 silly audit   cssdb: [ '7.11.2' ],
16 silly audit   cssesc: [ '3.0.0' ],
16 silly audit   cssnano: [ '5.1.15' ],
16 silly audit   'cssnano-preset-default': [ '5.2.14' ],
16 silly audit   'cssnano-utils': [ '3.1.0' ],
16 silly audit   csso: [ '4.2.0' ],
16 silly audit   'mdn-data': [ '2.0.14', '2.0.4' ],
16 silly audit   cssom: [ '0.4.4', '0.3.8' ],
16 silly audit   cssstyle: [ '2.3.0' ],
16 silly audit   csstype: [ '3.2.3' ],
16 silly audit   'customize-cra': [ '1.0.0' ],
16 silly audit   cypress: [ '14.4.1' ],
16 silly audit   execa: [ '4.1.0', '5.1.1' ],
16 silly audit   'fs-extra': [ '9.1.0', '10.1.0' ],
16 silly audit   'get-stream': [ '5.2.0', '6.0.1' ],
16 silly audit   'human-signals': [ '1.1.1', '2.1.0' ],
16 silly audit   'proxy-from-env': [ '1.0.0', '1.1.0' ],
16 silly audit   'd3-array': [ '3.2.4' ],
16 silly audit   'd3-color': [ '3.1.0' ],
16 silly audit   'd3-ease': [ '3.0.1' ],
16 silly audit   'd3-format': [ '3.1.0' ],
16 silly audit   'd3-interpolate': [ '3.0.1' ],
16 silly audit   'd3-path': [ '3.1.0' ],
16 silly audit   'd3-scale': [ '4.0.2' ],
16 silly audit   'd3-shape': [ '3.2.0' ],
16 silly audit   'd3-time': [ '3.1.0' ],
16 silly audit   'd3-time-format': [ '4.1.0' ],
16 silly audit   'd3-timer': [ '3.0.1' ],
16 silly audit   'damerau-levenshtein': [ '1.0.8' ],
16 silly audit   dashdash: [ '1.14.1' ],
16 silly audit   'data-urls': [ '2.0.0' ],
16 silly audit   'data-view-buffer': [ '1.0.2' ],
16 silly audit   'data-view-byte-length': [ '1.0.2' ],
16 silly audit   'data-view-byte-offset': [ '1.0.1' ],
16 silly audit   'date-fns': [ '2.30.0', '4.1.0' ],
16 silly audit   dayjs: [ '1.11.13' ],
16 silly audit   'decimal.js': [ '10.5.0' ],
16 silly audit   'decimal.js-light': [ '2.5.1' ],
16 silly audit   dedent: [ '0.7.0' ],
16 silly audit   'deep-is': [ '0.1.4' ],
16 silly audit   deepmerge: [ '4.3.1' ],
16 silly audit   'default-gateway': [ '6.0.3' ],
16 silly audit   'define-data-property': [ '1.1.4' ],
16 silly audit   'define-lazy-prop': [ '2.0.0' ],
16 silly audit   'define-properties': [ '1.2.1' ],
16 silly audit   'delayed-stream': [ '1.0.0' ],
16 silly audit   depd: [ '2.0.0', '1.1.2' ],
16 silly audit   destroy: [ '1.2.0' ],
16 silly audit   'detect-libc': [ '1.0.3' ],
16 silly audit   'detect-newline': [ '3.1.0' ],
16 silly audit   'detect-node': [ '2.1.0' ],
16 silly audit   'detect-port-alt': [ '1.1.6' ],
16 silly audit   didyoumean: [ '1.2.2' ],
16 silly audit   'diff-sequences': [ '27.5.1' ],
16 silly audit   'dir-glob': [ '3.0.1' ],
16 silly audit   dlv: [ '1.1.3' ],
16 silly audit   'dns-packet': [ '5.6.1' ],
16 silly audit   doctrine: [ '3.0.0', '2.1.0' ],
16 silly audit   'dom-converter': [ '0.2.0' ],
16 silly audit   'dom-helpers': [ '5.2.1' ],
16 silly audit   'dom-serializer': [ '1.4.1', '0.2.2' ],
16 silly audit   domelementtype: [ '2.3.0', '1.3.1' ],
16 silly audit   domexception: [ '2.0.1' ],
16 silly audit   'webidl-conversions': [ '5.0.0', '6.1.0', '4.0.2' ],
16 silly audit   domhandler: [ '4.3.1' ],
16 silly audit   dompurify: [ '3.3.3' ],
16 silly audit   domutils: [ '2.8.0', '1.7.0' ],
16 silly audit   'dot-case': [ '3.0.4' ],
16 silly audit   dotenv: [ '10.0.0' ],
16 silly audit   'dotenv-expand': [ '5.1.0' ],
16 silly audit   'dunder-proto': [ '1.0.1' ],
16 silly audit   duplexer: [ '0.1.2' ],
16 silly audit   eastasianwidth: [ '0.2.0' ],
16 silly audit   'ecc-jsbn': [ '0.1.2' ],
16 silly audit   'ee-first': [ '1.1.1' ],
16 silly audit   ejs: [ '3.1.10' ],
16 silly audit   'electron-to-chromium': [ '1.5.112' ],
16 silly audit   emittery: [ '0.8.1', '0.10.2' ],
16 silly audit   'emoji-regex': [ '9.2.2', '8.0.0' ],
16 silly audit   'emojis-list': [ '3.0.0' ],
16 silly audit   encodeurl: [ '2.0.0', '1.0.2' ],
16 silly audit   'end-of-stream': [ '1.4.4' ],
16 silly audit   'enhanced-resolve': [ '5.18.1' ],
16 silly audit   enquirer: [ '2.4.1' ],
16 silly audit   entities: [ '2.2.0' ],
16 silly audit   'error-ex': [ '1.3.2' ],
16 silly audit   'error-stack-parser': [ '2.1.4' ],
16 silly audit   'es-abstract': [ '1.23.9' ],
16 silly audit   'es-array-method-boxes-properly': [ '1.0.0' ],
16 silly audit   'es-define-property': [ '1.0.1' ],
16 silly audit   'es-errors': [ '1.3.0' ],
16 silly audit   'es-iterator-helpers': [ '1.2.1' ],
16 silly audit   'es-module-lexer': [ '1.6.0' ],
16 silly audit   'es-object-atoms': [ '1.1.1' ],
16 silly audit   'es-set-tostringtag': [ '2.1.0' ],
16 silly audit   'es-shim-unscopables': [ '1.1.0' ],
16 silly audit   'es-to-primitive': [ '1.3.0' ],
16 silly audit   escalade: [ '3.2.0' ],
16 silly audit   'escape-html': [ '1.0.3' ],
16 silly audit   escodegen: [ '2.1.0', '1.14.3' ],
16 silly audit   eslint: [ '8.57.1' ],
16 silly audit   'eslint-config-react-app': [ '7.0.1' ],
16 silly audit   'eslint-import-resolver-node': [ '0.3.9' ],
16 silly audit   'eslint-module-utils': [ '2.12.0' ],
16 silly audit   'eslint-plugin-flowtype': [ '8.0.3' ],
16 silly audit   'eslint-plugin-import': [ '2.31.0' ],
16 silly audit   'eslint-plugin-jest': [ '25.7.0' ],
16 silly audit   'eslint-plugin-jsx-a11y': [ '6.10.2' ],
16 silly audit   'eslint-plugin-react': [ '7.37.4' ],
16 silly audit   'eslint-plugin-react-hooks': [ '4.6.2' ],
16 silly audit   resolve: [ '2.0.0-next.5', '1.22.10' ],
16 silly audit   'eslint-plugin-testing-library': [ '5.11.1' ],
16 silly audit   'eslint-webpack-plugin': [ '3.2.0' ],
16 silly audit   'jest-worker': [ '28.1.3', '27.5.1', '26.6.2' ],
16 silly audit   'p-limit': [ '3.1.0', '2.3.0' ],
16 silly audit   espree: [ '9.6.1' ],
16 silly audit   esprima: [ '4.0.1', '1.2.2' ],
16 silly audit   esquery: [ '1.6.0' ],
16 silly audit   esrecurse: [ '4.3.0' ],
16 silly audit   'estree-walker': [ '1.0.1' ],
16 silly audit   esutils: [ '2.0.3' ],
16 silly audit   etag: [ '1.8.1' ],
16 silly audit   eventemitter2: [ '6.4.7' ],
16 silly audit   eventemitter3: [ '4.0.7' ],
16 silly audit   events: [ '3.3.0' ],
16 silly audit   executable: [ '4.1.1' ],
16 silly audit   exit: [ '0.1.2' ],
16 silly audit   expect: [ '27.5.1' ],
16 silly audit   express: [ '4.21.2' ],
16 silly audit   extend: [ '3.0.2' ],
16 silly audit   'extract-zip': [ '2.0.1' ],
16 silly audit   extsprintf: [ '1.3.0' ],
16 silly audit   'fast-deep-equal': [ '3.1.3' ],
16 silly audit   'fast-equals': [ '5.2.2' ],
16 silly audit   'fast-glob': [ '3.3.3' ],
16 silly audit   'fast-json-stable-stringify': [ '2.1.0' ],
16 silly audit   'fast-levenshtein': [ '2.0.6' ],
16 silly audit   'fast-png': [ '6.4.0' ],
16 silly audit   'fast-uri': [ '3.0.6' ],
16 silly audit   fastq: [ '1.19.1' ],
16 silly audit   'faye-websocket': [ '0.11.4' ],
16 silly audit   'fb-watchman': [ '2.0.2' ],
16 silly audit   'fd-slicer': [ '1.1.0' ],
16 silly audit   fflate: [ '0.8.2' ],
16 silly audit   figures: [ '3.2.0' ],
16 silly audit   'file-entry-cache': [ '6.0.1' ],
16 silly audit   'file-loader': [ '6.2.0' ],
16 silly audit   filelist: [ '1.0.4' ],
16 silly audit   filesize: [ '8.0.7' ],
16 silly audit   'fill-range': [ '7.1.1' ],
16 silly audit   finalhandler: [ '1.3.1' ],
16 silly audit   'find-babel-config': [ '2.1.2' ],
16 silly audit   'find-cache-dir': [ '3.3.2' ],
16 silly audit   'find-root': [ '1.1.0' ],
16 silly audit   firebase: [ '11.4.0' ],
16 silly audit   'flat-cache': [ '3.2.0' ],
16 silly audit   flatted: [ '3.3.3' ],
16 silly audit   'follow-redirects': [ '1.15.9' ],
16 silly audit   'for-each': [ '0.3.5' ],
16 silly audit   'foreground-child': [ '3.3.1' ],
16 silly audit   'signal-exit': [ '4.1.0', '3.0.7' ],
16 silly audit   'forever-agent': [ '0.6.1' ],
16 silly audit   'fork-ts-checker-webpack-plugin': [ '6.5.3' ],
16 silly audit   tapable: [ '1.1.3', '2.2.1' ],
16 silly audit   forwarded: [ '0.2.0' ],
16 silly audit   'fraction.js': [ '4.3.7' ],
16 silly audit   'framer-motion': [ '12.6.3' ],
16 silly audit   fresh: [ '0.5.2' ],
16 silly audit   'fs-monkey': [ '1.0.6' ],
16 silly audit   'fs.realpath': [ '1.0.0' ],
16 silly audit   fsevents: [ '2.3.3' ],
16 silly audit   'function-bind': [ '1.1.2' ],
16 silly audit   'function.prototype.name': [ '1.1.8' ],
16 silly audit   'functions-have-names': [ '1.2.3' ],
16 silly audit   gensync: [ '1.0.0-beta.2' ],
16 silly audit   'get-caller-file': [ '2.0.5' ],
16 silly audit   'get-intrinsic': [ '1.3.0' ],
16 silly audit   'get-own-enumerable-property-symbols': [ '3.0.2' ],
16 silly audit   'get-package-type': [ '0.1.0' ],
16 silly audit   'get-proto': [ '1.0.1' ],
16 silly audit   'get-symbol-description': [ '1.1.0' ],
16 silly audit   getos: [ '3.2.1' ],
16 silly audit   getpass: [ '0.1.7' ],
16 silly audit   'glob-to-regexp': [ '0.4.1' ],
16 silly audit   'global-dirs': [ '3.0.1' ],
16 silly audit   ini: [ '2.0.0', '1.3.8' ],
16 silly audit   'global-modules': [ '2.0.0' ],
16 silly audit   'global-prefix': [ '3.0.0' ],
16 silly audit   which: [ '1.3.1', '2.0.2' ],
16 silly audit   globalthis: [ '1.0.4' ],
16 silly audit   globby: [ '11.1.0' ],
16 silly audit   gopd: [ '1.2.0' ],
16 silly audit   'graceful-fs': [ '4.2.11' ],
16 silly audit   graphemer: [ '1.4.0' ],
16 silly audit   'gzip-size': [ '6.0.0' ],
16 silly audit   'handle-thing': [ '2.0.1' ],
16 silly audit   'harmony-reflect': [ '1.6.2' ],
16 silly audit   'has-bigints': [ '1.1.0' ],
16 silly audit   'has-property-descriptors': [ '1.0.2' ],
16 silly audit   'has-proto': [ '1.2.0' ],
16 silly audit   'has-symbols': [ '1.1.0' ],
16 silly audit   'has-tostringtag': [ '1.0.2' ],
16 silly audit   hasown: [ '2.0.2' ],
16 silly audit   he: [ '1.2.0' ],
16 silly audit   'hoist-non-react-statics': [ '3.3.2' ],
16 silly audit   hoopy: [ '0.1.4' ],
16 silly audit   'hpack.js': [ '2.1.6' ],
16 silly audit   isarray: [ '1.0.0', '2.0.5' ],
16 silly audit   'readable-stream': [ '2.3.8', '3.6.2' ],
16 silly audit   'safe-buffer': [ '5.1.2', '5.2.1' ],
16 silly audit   string_decoder: [ '1.1.1', '1.3.0' ],
16 silly audit   'html-encoding-sniffer': [ '2.0.1' ],
16 silly audit   'html-entities': [ '2.5.2' ],
16 silly audit   'html-escaper': [ '2.0.2' ],
16 silly audit   'html-minifier-terser': [ '6.1.0' ],
16 silly audit   'html-webpack-plugin': [ '5.6.3' ],
16 silly audit   html2canvas: [ '1.4.1' ],
16 silly audit   htmlparser2: [ '6.1.0' ],
16 silly audit   'http-deceiver': [ '1.2.7' ],
16 silly audit   'http-errors': [ '2.0.0', '1.6.3' ],
16 silly audit   'http-parser-js': [ '0.5.9' ],
16 silly audit   'http-proxy': [ '1.18.1' ],
16 silly audit   'http-proxy-agent': [ '4.0.1' ],
16 silly audit   'http-proxy-middleware': [ '2.0.7' ],
16 silly audit   'http-signature': [ '1.4.0' ],
16 silly audit   'https-proxy-agent': [ '5.0.1' ],
16 silly audit   'hyphenate-style-name': [ '1.1.0' ],
16 silly audit   'icss-utils': [ '5.1.0' ],
16 silly audit   idb: [ '7.1.1' ],
16 silly audit   'identity-obj-proxy': [ '3.0.0' ],
16 silly audit   ieee754: [ '1.2.1' ],
16 silly audit   ignore: [ '5.3.2' ],
16 silly audit   immer: [ '9.0.21' ],
16 silly audit   immutable: [ '5.0.3' ],
16 silly audit   'import-fresh': [ '3.3.1' ],
16 silly audit   'resolve-from': [ '4.0.0', '5.0.0' ],
16 silly audit   'import-local': [ '3.2.0' ],
16 silly audit   imurmurhash: [ '0.1.4' ],
16 silly audit   'indent-string': [ '4.0.0' ],
16 silly audit   inflight: [ '1.0.6' ],
16 silly audit   inherits: [ '2.0.4', '2.0.3' ],
16 silly audit   'internal-slot': [ '1.1.0' ],
16 silly audit   internmap: [ '2.0.3' ],
16 silly audit   iobuffer: [ '5.4.0' ],
16 silly audit   'ipaddr.js': [ '2.2.0', '1.9.1' ],
16 silly audit   'is-array-buffer': [ '3.0.5' ],
16 silly audit   'is-arrayish': [ '0.2.1' ],
16 silly audit   'is-async-function': [ '2.1.1' ],
16 silly audit   'is-bigint': [ '1.1.0' ],
16 silly audit   'is-binary-path': [ '2.1.0' ],
16 silly audit   'is-boolean-object': [ '1.2.2' ],
16 silly audit   'is-callable': [ '1.2.7' ],
16 silly audit   'is-core-module': [ '2.16.1' ],
16 silly audit   'is-data-view': [ '1.0.2' ],
16 silly audit   'is-date-object': [ '1.1.0' ],
16 silly audit   'is-docker': [ '2.2.1' ],
16 silly audit   'is-extglob': [ '2.1.1' ],
16 silly audit   'is-finalizationregistry': [ '1.1.1' ],
16 silly audit   'is-fullwidth-code-point': [ '3.0.0' ],
16 silly audit   'is-generator-fn': [ '2.1.0' ],
16 silly audit   'is-generator-function': [ '1.1.0' ],
16 silly audit   'is-glob': [ '4.0.3' ],
16 silly audit   'is-installed-globally': [ '0.4.0' ],
16 silly audit   'is-map': [ '2.0.3' ],
16 silly audit   'is-module': [ '1.0.0' ],
16 silly audit   'is-number': [ '7.0.0' ],
16 silly audit   'is-number-object': [ '1.1.1' ],
16 silly audit   'is-obj': [ '1.0.1' ],
16 silly audit   'is-path-inside': [ '3.0.3' ],
16 silly audit   'is-plain-obj': [ '3.0.0' ],
16 silly audit   'is-potential-custom-element-name': [ '1.0.1' ],
16 silly audit   'is-regex': [ '1.2.1' ],
16 silly audit   'is-regexp': [ '1.0.0' ],
16 silly audit   'is-root': [ '2.1.0' ],
16 silly audit   'is-set': [ '2.0.3' ],
16 silly audit   'is-shared-array-buffer': [ '1.0.4' ],
16 silly audit   'is-stream': [ '2.0.1' ],
16 silly audit   'is-string': [ '1.1.1' ],
16 silly audit   'is-symbol': [ '1.1.1' ],
16 silly audit   'is-typed-array': [ '1.1.15' ],
16 silly audit   'is-typedarray': [ '1.0.0' ],
16 silly audit   'is-unicode-supported': [ '0.1.0' ],
16 silly audit   'is-weakmap': [ '2.0.2' ],
16 silly audit   'is-weakref': [ '1.1.1' ],
16 silly audit   'is-weakset': [ '2.0.4' ],
16 silly audit   'is-wsl': [ '2.2.0' ],
16 silly audit   isexe: [ '2.0.0' ],
16 silly audit   isstream: [ '0.1.2' ],
16 silly audit   'istanbul-lib-coverage': [ '3.2.2' ],
16 silly audit   'istanbul-lib-instrument': [ '5.2.1' ],
16 silly audit   'istanbul-lib-report': [ '3.0.1' ],
16 silly audit   'make-dir': [ '4.0.0', '3.1.0' ],
16 silly audit   'istanbul-lib-source-maps': [ '4.0.1' ],
16 silly audit   'istanbul-reports': [ '3.1.7' ],
16 silly audit   'iterator.prototype': [ '1.1.5' ],
16 silly audit   jackspeak: [ '3.4.3' ],
16 silly audit   jake: [ '10.9.2' ],
16 silly audit   jest: [ '27.5.1' ],
16 silly audit   'jest-changed-files': [ '27.5.1' ],
16 silly audit   'jest-circus': [ '27.5.1' ],
16 silly audit   'jest-cli': [ '27.5.1' ],
16 silly audit   'jest-config': [ '27.5.1' ],
16 silly audit   'jest-diff': [ '27.5.1' ],
16 silly audit   'jest-docblock': [ '27.5.1' ],
16 silly audit   'jest-each': [ '27.5.1' ],
16 silly audit   'jest-environment-jsdom': [ '27.5.1' ],
16 silly audit   'jest-environment-node': [ '27.5.1' ],
16 silly audit   'jest-get-type': [ '27.5.1' ],
16 silly audit   'jest-haste-map': [ '27.5.1' ],
16 silly audit   'jest-jasmine2': [ '27.5.1' ],
16 silly audit   'jest-leak-detector': [ '27.5.1' ],
16 silly audit   'jest-matcher-utils': [ '27.5.1' ],
16 silly audit   'jest-message-util': [ '27.5.1', '28.1.3' ],
16 silly audit   'jest-mock': [ '27.5.1' ],
16 silly audit   'jest-pnp-resolver': [ '1.2.3' ],
16 silly audit   'jest-regex-util': [ '27.5.1', '28.0.2' ],
16 silly audit   'jest-resolve': [ '27.5.1' ],
16 silly audit   'jest-resolve-dependencies': [ '27.5.1' ],
16 silly audit   'jest-runner': [ '27.5.1' ],
16 silly audit   'jest-runtime': [ '27.5.1' ],
16 silly audit   'jest-serializer': [ '27.5.1' ],
16 silly audit   'jest-snapshot': [ '27.5.1' ],
16 silly audit   'jest-util': [ '27.5.1', '28.1.3' ],
16 silly audit   'jest-validate': [ '27.5.1' ],
16 silly audit   'jest-watch-typeahead': [ '1.1.0' ],
16 silly audit   slash: [ '3.0.0', '4.0.0' ],
16 silly audit   'jest-watcher': [ '28.1.3', '27.5.1' ],
16 silly audit   'string-length': [ '4.0.2', '5.0.1' ],
16 silly audit   'pretty-format': [ '28.1.3', '27.5.1' ],
16 silly audit   jiti: [ '1.21.7' ],
16 silly audit   'js-tokens': [ '4.0.0' ],
16 silly audit   jsbn: [ '0.1.1' ],
16 silly audit   jsdom: [ '16.7.0' ],
16 silly audit   jsesc: [ '3.1.0', '3.0.2' ],
16 silly audit   'json-buffer': [ '3.0.1' ],
16 silly audit   'json-parse-even-better-errors': [ '2.3.1' ],
16 silly audit   'json-schema': [ '0.4.0' ],
16 silly audit   'json-stable-stringify-without-jsonify': [ '1.0.1' ],
16 silly audit   'json-stringify-safe': [ '5.0.1' ],
16 silly audit   json5: [ '2.2.3', '1.0.2' ],
16 silly audit   jsonfile: [ '6.1.0' ],
16 silly audit   jsonpath: [ '1.1.1' ],
16 silly audit   jsonpointer: [ '5.0.1' ],
16 silly audit   jspdf: [ '4.2.0' ],
16 silly audit   jsprim: [ '2.0.2' ],
16 silly audit   'jsx-ast-utils': [ '3.3.5' ],
16 silly audit   keyv: [ '4.5.4' ],
16 silly audit   'kind-of': [ '6.0.3' ],
16 silly audit   kleur: [ '3.0.3' ],
16 silly audit   klona: [ '2.0.6' ],
16 silly audit   'language-subtag-registry': [ '0.3.23' ],
16 silly audit   'language-tags': [ '1.0.9' ],
16 silly audit   'launch-editor': [ '2.10.0' ],
16 silly audit   'lazy-ass': [ '1.6.0' ],
16 silly audit   leven: [ '3.1.0' ],
16 silly audit   levn: [ '0.4.1', '0.3.0' ],
16 silly audit   lilconfig: [ '2.1.0', '3.1.3' ],
16 silly audit   'lines-and-columns': [ '1.2.4' ],
16 silly audit   listr2: [ '3.14.0' ],
16 silly audit   'loader-runner': [ '4.3.0' ],
16 silly audit   'loader-utils': [ '2.0.4', '3.3.1' ],
16 silly audit   lodash: [ '4.17.21' ],
16 silly audit   'lodash.camelcase': [ '4.3.0' ],
16 silly audit   'lodash.debounce': [ '4.0.8' ],
16 silly audit   'lodash.flow': [ '3.5.0' ],
16 silly audit   'lodash.memoize': [ '4.1.2' ],
16 silly audit   'lodash.merge': [ '4.6.2' ],
16 silly audit   'lodash.once': [ '4.1.1' ],
16 silly audit   'lodash.sortby': [ '4.7.0' ],
16 silly audit   'lodash.throttle': [ '4.1.1' ],
16 silly audit   'lodash.uniq': [ '4.5.0' ],
16 silly audit   'log-symbols': [ '4.1.0' ],
16 silly audit   'log-update': [ '4.0.0' ],
16 silly audit   'slice-ansi': [ '4.0.0', '3.0.0' ],
16 silly audit   long: [ '5.3.1' ],
16 silly audit   'loose-envify': [ '1.4.0' ],
16 silly audit   'lower-case': [ '2.0.2' ],
16 silly audit   'magic-string': [ '0.25.9' ],
16 silly audit   makeerror: [ '1.0.12' ],
16 silly audit   matchmediaquery: [ '0.4.2' ],
16 silly audit   'math-intrinsics': [ '1.1.0' ],
16 silly audit   'media-typer': [ '0.3.0' ],
16 silly audit   memfs: [ '3.5.3' ],
16 silly audit   'merge-descriptors': [ '1.0.3' ],
16 silly audit   'merge-stream': [ '2.0.0' ],
16 silly audit   merge2: [ '1.4.1' ],
16 silly audit   methods: [ '1.1.2' ],
16 silly audit   micromatch: [ '4.0.8' ],
16 silly audit   mime: [ '1.6.0' ],
16 silly audit   'mime-db': [ '1.52.0' ],
16 silly audit   'mime-types': [ '2.1.35' ],
16 silly audit   'mimic-fn': [ '2.1.0' ],
16 silly audit   'mini-css-extract-plugin': [ '2.9.2' ],
16 silly audit   'minimalistic-assert': [ '1.0.1' ],
16 silly audit   minimist: [ '1.2.8' ],
16 silly audit   minipass: [ '4.2.8', '7.1.2' ],
16 silly audit   mkdirp: [ '0.5.6' ],
16 silly audit   moment: [ '2.30.1' ],
16 silly audit   'motion-dom': [ '12.6.3' ],
16 silly audit   'motion-utils': [ '12.6.3' ],
16 silly audit   'multicast-dns': [ '7.2.5' ],
16 silly audit   mz: [ '2.7.0' ],
16 silly audit   nanoid: [ '3.3.8' ],
16 silly audit   'natural-compare': [ '1.4.0' ],
16 silly audit   'natural-compare-lite': [ '1.4.0' ],
16 silly audit   'neo-async': [ '2.6.2' ],
16 silly audit   'no-case': [ '3.0.4' ],
16 silly audit   'node-addon-api': [ '7.1.1' ],
16 silly audit   'node-forge': [ '1.3.1' ],
16 silly audit   'node-int64': [ '0.4.0' ],
16 silly audit   'node-releases': [ '2.0.19' ],
16 silly audit   'normalize-path': [ '3.0.0' ],
16 silly audit   'normalize-range': [ '0.1.2' ],
16 silly audit   'normalize-url': [ '6.1.0' ],
16 silly audit   'normalize.css': [ '8.0.1' ],
16 silly audit   'npm-run-path': [ '4.0.1' ],
16 silly audit   'nth-check': [ '2.1.1', '1.0.2' ],
16 silly audit   nwsapi: [ '2.2.18' ],
16 silly audit   'object-assign': [ '4.1.1' ],
16 silly audit   'object-hash': [ '3.0.0' ],
16 silly audit   'object-inspect': [ '1.13.4' ],
16 silly audit   'object-keys': [ '1.1.1' ],
16 silly audit   'object.assign': [ '4.1.7' ],
16 silly audit   'object.entries': [ '1.1.8' ],
16 silly audit   'object.fromentries': [ '2.0.8' ],
16 silly audit   'object.getownpropertydescriptors': [ '2.1.8' ],
16 silly audit   'object.groupby': [ '1.0.3' ],
16 silly audit   'object.values': [ '1.2.1' ],
16 silly audit   obuf: [ '1.1.2' ],
16 silly audit   'on-finished': [ '2.4.1' ],
16 silly audit   'on-headers': [ '1.0.2' ],
16 silly audit   once: [ '1.4.0' ],
16 silly audit   onetime: [ '5.1.2' ],
16 silly audit   open: [ '8.4.2' ],
16 silly audit   optionator: [ '0.9.4', '0.8.3' ],
16 silly audit   ospath: [ '1.2.2' ],
16 silly audit   'own-keys': [ '1.0.1' ],
16 silly audit   'p-map': [ '4.0.0' ],
16 silly audit   'p-retry': [ '4.6.2' ],
16 silly audit   'p-try': [ '2.2.0' ],
16 silly audit   'package-json-from-dist': [ '1.0.1' ],
16 silly audit   pako: [ '2.1.0' ],
16 silly audit   'param-case': [ '3.0.4' ],
16 silly audit   'parent-module': [ '1.0.1' ],
16 silly audit   'parse-json': [ '5.2.0' ],
16 silly audit   parse5: [ '6.0.1' ],
16 silly audit   parseurl: [ '1.3.3' ],
16 silly audit   'pascal-case': [ '3.1.2' ],
16 silly audit   'path-is-absolute': [ '1.0.1' ],
16 silly audit   'path-key': [ '3.1.1' ],
16 silly audit   'path-parse': [ '1.0.7' ],
16 silly audit   'path-scurry': [ '1.11.1' ],
16 silly audit   'path-to-regexp': [ '0.1.12' ],
16 silly audit   'path-type': [ '4.0.0' ],
16 silly audit   pend: [ '1.2.0' ],
16 silly audit   'performance-now': [ '2.1.0' ],
16 silly audit   picocolors: [ '1.1.1', '0.2.1' ],
16 silly audit   picomatch: [ '2.3.1' ],
16 silly audit   pify: [ '2.3.0' ],
16 silly audit   pirates: [ '4.0.6' ],
16 silly audit   'pkg-dir': [ '4.2.0' ],
16 silly audit   'pkg-up': [ '3.1.0' ],
16 silly audit   'possible-typed-array-names': [ '1.1.0' ],
16 silly audit   postcss: [ '8.5.3', '7.0.39' ],
16 silly audit   'postcss-attribute-case-insensitive': [ '5.0.2' ],
16 silly audit   'postcss-browser-comments': [ '4.0.0' ],
16 silly audit   'postcss-calc': [ '8.2.4' ],
16 silly audit   'postcss-clamp': [ '4.1.0' ],
16 silly audit   'postcss-color-functional-notation': [ '4.2.4' ],
16 silly audit   'postcss-color-hex-alpha': [ '8.0.4' ],
16 silly audit   'postcss-color-rebeccapurple': [ '7.1.1' ],
16 silly audit   'postcss-colormin': [ '5.3.1' ],
16 silly audit   'postcss-convert-values': [ '5.1.3' ],
16 silly audit   'postcss-custom-media': [ '8.0.2' ],
16 silly audit   'postcss-custom-properties': [ '12.1.11' ],
16 silly audit   'postcss-custom-selectors': [ '6.0.3' ],
16 silly audit   'postcss-dir-pseudo-class': [ '6.0.5' ],
16 silly audit   'postcss-discard-comments': [ '5.1.2' ],
16 silly audit   'postcss-discard-duplicates': [ '5.1.0' ],
16 silly audit   'postcss-discard-empty': [ '5.1.1' ],
16 silly audit   'postcss-discard-overridden': [ '5.1.0' ],
16 silly audit   'postcss-double-position-gradients': [ '3.1.2' ],
16 silly audit   'postcss-env-function': [ '4.0.6' ],
16 silly audit   'postcss-flexbugs-fixes': [ '5.0.2' ],
16 silly audit   'postcss-focus-visible': [ '6.0.4' ],
16 silly audit   'postcss-focus-within': [ '5.0.4' ],
16 silly audit   'postcss-font-variant': [ '5.0.0' ],
16 silly audit   'postcss-gap-properties': [ '3.0.5' ],
16 silly audit   'postcss-image-set-function': [ '4.0.7' ],
16 silly audit   'postcss-import': [ '15.1.0' ],
16 silly audit   'postcss-initial': [ '4.0.1' ],
16 silly audit   'postcss-js': [ '4.0.1' ],
16 silly audit   'postcss-lab-function': [ '4.2.1' ],
16 silly audit   'postcss-load-config': [ '4.0.2' ],
16 silly audit   yaml: [ '2.7.0', '1.10.2' ],
16 silly audit   'postcss-loader': [ '6.2.1' ],
16 silly audit   'postcss-logical': [ '5.0.4' ],
16 silly audit   'postcss-media-minmax': [ '5.0.0' ],
16 silly audit   'postcss-merge-longhand': [ '5.1.7' ],
16 silly audit   'postcss-merge-rules': [ '5.1.4' ],
16 silly audit   'postcss-minify-font-values': [ '5.1.0' ],
16 silly audit   'postcss-minify-gradients': [ '5.1.1' ],
16 silly audit   'postcss-minify-params': [ '5.1.4' ],
16 silly audit   'postcss-minify-selectors': [ '5.2.1' ],
16 silly audit   'postcss-modules-extract-imports': [ '3.1.0' ],
16 silly audit   'postcss-modules-local-by-default': [ '4.2.0' ],
16 silly audit   'postcss-selector-parser': [ '7.1.0', '6.1.2' ],
16 silly audit   'postcss-modules-scope': [ '3.2.1' ],
16 silly audit   'postcss-modules-values': [ '4.0.0' ],
16 silly audit   'postcss-nested': [ '6.2.0' ],
16 silly audit   'postcss-nesting': [ '10.2.0' ],
16 silly audit   'postcss-normalize': [ '10.0.1' ],
16 silly audit   'postcss-normalize-charset': [ '5.1.0' ],
16 silly audit   'postcss-normalize-display-values': [ '5.1.0' ],
16 silly audit   'postcss-normalize-positions': [ '5.1.1' ],
16 silly audit   'postcss-normalize-repeat-style': [ '5.1.1' ],
16 silly audit   'postcss-normalize-string': [ '5.1.0' ],
16 silly audit   'postcss-normalize-timing-functions': [ '5.1.0' ],
16 silly audit   'postcss-normalize-unicode': [ '5.1.1' ],
16 silly audit   'postcss-normalize-url': [ '5.1.0' ],
16 silly audit   'postcss-normalize-whitespace': [ '5.1.1' ],
16 silly audit   'postcss-opacity-percentage': [ '1.1.3' ],
16 silly audit   'postcss-ordered-values': [ '5.1.3' ],
16 silly audit   'postcss-overflow-shorthand': [ '3.0.4' ],
16 silly audit   'postcss-page-break': [ '3.0.4' ],
16 silly audit   'postcss-place': [ '7.0.5' ],
16 silly audit   'postcss-preset-env': [ '7.8.3' ],
16 silly audit   'postcss-pseudo-class-any-link': [ '7.1.6' ],
16 silly audit   'postcss-reduce-initial': [ '5.1.2' ],
16 silly audit   'postcss-reduce-transforms': [ '5.1.0' ],
16 silly audit   'postcss-replace-overflow-wrap': [ '4.0.0' ],
16 silly audit   'postcss-selector-not': [ '6.0.1' ],
16 silly audit   'postcss-svgo': [ '5.1.0' ],
16 silly audit   svgo: [ '2.8.0', '1.3.2' ],
16 silly audit   'postcss-unique-selectors': [ '5.1.1' ],
16 silly audit   'postcss-value-parser': [ '4.2.0' ],
16 silly audit   'prelude-ls': [ '1.2.1', '1.1.2' ],
16 silly audit   'pretty-bytes': [ '5.6.0' ],
16 silly audit   'pretty-error': [ '4.0.0' ],
16 silly audit   process: [ '0.11.10' ],
16 silly audit   'process-nextick-args': [ '2.0.1' ],
16 silly audit   promise: [ '8.3.0' ],
16 silly audit   prompts: [ '2.4.2' ],
16 silly audit   'prop-types': [ '15.8.1' ],
16 silly audit   protobufjs: [ '7.4.0' ],
16 silly audit   'proxy-addr': [ '2.0.7' ],
16 silly audit   psl: [ '1.15.0' ],
16 silly audit   pump: [ '3.0.2' ],
16 silly audit   punycode: [ '2.3.1' ],
16 silly audit   q: [ '1.5.1' ],
16 silly audit   querystringify: [ '2.2.0' ],
16 silly audit   'queue-microtask': [ '1.2.3' ],
16 silly audit   raf: [ '3.4.1' ],
16 silly audit   randombytes: [ '2.1.0' ],
16 silly audit   'range-parser': [ '1.2.1' ],
16 silly audit   'raw-body': [ '2.5.2' ],
16 silly audit   react: [ '19.0.0' ],
16 silly audit   'react-app-polyfill': [ '3.0.0' ],
16 silly audit   'react-app-rewired': [ '2.2.1' ],
16 silly audit   'react-datepicker': [ '8.2.1' ],
16 silly audit   'react-dev-utils': [ '12.0.1' ],
16 silly audit   'react-dom': [ '19.0.0' ],
16 silly audit   'react-error-overlay': [ '6.1.0' ],
16 silly audit   'react-icons': [ '5.5.0' ],
16 silly audit   'react-refresh': [ '0.11.0' ],
16 silly audit   'react-responsive': [ '10.0.1' ],
16 silly audit   'react-router': [ '7.2.0' ],
16 silly audit   'react-router-dom': [ '7.2.0' ],
16 silly audit   'react-scripts': [ '5.0.1' ],
16 silly audit   'react-smooth': [ '4.0.4' ],
16 silly audit   'react-to-print': [ '3.1.0' ],
16 silly audit   'react-transition-group': [ '4.4.5' ],
16 silly audit   'read-cache': [ '1.0.0' ],
16 silly audit   readdirp: [ '3.6.0', '4.1.2' ],
16 silly audit   recharts: [ '2.15.1' ],
16 silly audit   'recharts-scale': [ '0.4.5' ],
16 silly audit   'recursive-readdir': [ '2.2.3' ],
16 silly audit   'reflect.getprototypeof': [ '1.0.10' ],
16 silly audit   regenerate: [ '1.4.2' ],
16 silly audit   'regenerate-unicode-properties': [ '10.2.0' ],
16 silly audit   'regenerator-runtime': [ '0.13.11' ],
16 silly audit   'regenerator-transform': [ '0.15.2' ],
16 silly audit   'regex-parser': [ '2.3.1' ],
16 silly audit   'regexp.prototype.flags': [ '1.5.4' ],
16 silly audit   'regexpu-core': [ '6.2.0' ],
16 silly audit   regjsgen: [ '0.8.0' ],
16 silly audit   regjsparser: [ '0.12.0' ],
16 silly audit   relateurl: [ '0.2.7' ],
16 silly audit   renderkid: [ '3.0.0' ],
16 silly audit   'request-progress': [ '3.0.0' ],
16 silly audit   'require-directory': [ '2.1.1' ],
16 silly audit   'require-from-string': [ '2.0.2' ],
16 silly audit   'requires-port': [ '1.0.0' ],
16 silly audit   reselect: [ '4.1.8' ],
16 silly audit   'resolve-cwd': [ '3.0.0' ],
16 silly audit   'resolve-url-loader': [ '4.0.0' ],
16 silly audit   'resolve.exports': [ '1.1.1' ],
16 silly audit   'restore-cursor': [ '3.1.0' ],
16 silly audit   retry: [ '0.13.1' ],
16 silly audit   reusify: [ '1.1.0' ],
16 silly audit   rfdc: [ '1.4.1' ],
16 silly audit   rgbcolor: [ '1.0.1' ],
16 silly audit   rimraf: [ '3.0.2' ],
16 silly audit   rollup: [ '2.79.2' ],
16 silly audit   'rollup-plugin-terser': [ '7.0.2' ],
16 silly audit   'serialize-javascript': [ '4.0.0', '6.0.2' ],
16 silly audit   'run-parallel': [ '1.2.0' ],
16 silly audit   rxjs: [ '7.8.2' ],
16 silly audit   'safe-array-concat': [ '1.1.3' ],
16 silly audit   'safe-push-apply': [ '1.0.0' ],
16 silly audit   'safe-regex-test': [ '1.1.0' ],
16 silly audit   'safer-buffer': [ '2.1.2' ],
16 silly audit   'sanitize.css': [ '13.0.0' ],
16 silly audit   sass: [ '1.85.1' ],
16 silly audit   'sass-loader': [ '12.6.0' ],
16 silly audit   sax: [ '1.2.4' ],
16 silly audit   saxes: [ '5.0.1' ],
16 silly audit   scheduler: [ '0.25.0' ],
16 silly audit   'select-hose': [ '2.0.0' ],
16 silly audit   selfsigned: [ '2.4.1' ],
16 silly audit   send: [ '0.19.0' ],
16 silly audit   'serve-index': [ '1.9.1' ],
16 silly audit   setprototypeof: [ '1.1.0', '1.2.0' ],
16 silly audit   statuses: [ '1.5.0', '2.0.1' ],
16 silly audit   'serve-static': [ '1.16.2' ],
16 silly audit   'set-cookie-parser': [ '2.7.1' ],
16 silly audit   'set-function-length': [ '1.2.2' ],
16 silly audit   'set-function-name': [ '2.0.2' ],
16 silly audit   'set-proto': [ '1.0.0' ],
16 silly audit   'shallow-equal': [ '3.1.0' ],
16 silly audit   'shebang-command': [ '2.0.0' ],
16 silly audit   'shebang-regex': [ '3.0.0' ],
16 silly audit   'shell-quote': [ '1.8.2' ],
16 silly audit   'side-channel': [ '1.1.0' ],
16 silly audit   'side-channel-list': [ '1.0.0' ],
16 silly audit   'side-channel-map': [ '1.0.1' ],
16 silly audit   'side-channel-weakmap': [ '1.0.2' ],
16 silly audit   sisteransi: [ '1.0.5' ],
16 silly audit   sockjs: [ '0.3.24' ],
16 silly audit   'source-list-map': [ '2.0.1' ],
16 silly audit   'source-map-js': [ '1.2.1' ],
16 silly audit   'source-map-loader': [ '3.0.2' ],
16 silly audit   'source-map-support': [ '0.5.21' ],
16 silly audit   'sourcemap-codec': [ '1.4.8' ],
16 silly audit   spdy: [ '4.0.2' ],
16 silly audit   'spdy-transport': [ '3.0.0' ],
16 silly audit   'sprintf-js': [ '1.0.3' ],
16 silly audit   sshpk: [ '1.18.0' ],
16 silly audit   stable: [ '0.1.8' ],
16 silly audit   'stack-utils': [ '2.0.6' ],
16 silly audit   'stackblur-canvas': [ '2.7.0' ],
16 silly audit   stackframe: [ '1.3.4' ],
16 silly audit   'static-eval': [ '2.0.2' ],
16 silly audit   'type-check': [ '0.3.2', '0.4.0' ],
16 silly audit   'string-natural-compare': [ '3.0.1' ],
16 silly audit   'string.prototype.includes': [ '2.0.1' ],
16 silly audit   'string.prototype.matchall': [ '4.0.12' ],
16 silly audit   'string.prototype.repeat': [ '1.0.0' ],
16 silly audit   'string.prototype.trim': [ '1.2.10' ],
16 silly audit   'string.prototype.trimend': [ '1.0.9' ],
16 silly audit   'string.prototype.trimstart': [ '1.0.8' ],
16 silly audit   'stringify-object': [ '3.3.0' ],
16 silly audit   'strip-bom': [ '4.0.0', '3.0.0' ],
16 silly audit   'strip-comments': [ '2.0.1' ],
16 silly audit   'strip-final-newline': [ '2.0.0' ],
16 silly audit   'strip-json-comments': [ '3.1.1' ],
16 silly audit   'style-loader': [ '3.3.4' ],
16 silly audit   stylehacks: [ '5.1.1' ],
16 silly audit   stylis: [ '4.2.0' ],
16 silly audit   sucrase: [ '3.35.0' ],
16 silly audit   'supports-hyperlinks': [ '2.3.0' ],
16 silly audit   'supports-preserve-symlinks-flag': [ '1.0.0' ],
16 silly audit   'svg-parser': [ '2.0.4' ],
16 silly audit   'svg-pathdata': [ '6.0.3' ],
16 silly audit   'symbol-tree': [ '3.2.4' ],
16 silly audit   tabbable: [ '6.2.0' ],
16 silly audit   tailwindcss: [ '3.4.17' ],
16 silly audit   'temp-dir': [ '2.0.0' ],
16 silly audit   tempy: [ '0.6.0' ],
16 silly audit   'terminal-link': [ '2.1.1' ],
16 silly audit   terser: [ '5.39.0' ],
16 silly audit   'terser-webpack-plugin': [ '5.3.13' ],
16 silly audit   'test-exclude': [ '6.0.0' ],
16 silly audit   'text-segmentation': [ '1.0.3' ],
16 silly audit   'text-table': [ '0.2.0' ],
16 silly audit   thenify: [ '3.3.1' ],
16 silly audit   'thenify-all': [ '1.6.0' ],
16 silly audit   throat: [ '6.0.2' ],
16 silly audit   throttleit: [ '1.0.1' ],
16 silly audit   through: [ '2.3.8' ],
16 silly audit   thunky: [ '1.1.0' ],
16 silly audit   'tiny-invariant': [ '1.3.3' ],
16 silly audit   'tippy.js': [ '6.3.7' ],
16 silly audit   tldts: [ '6.1.86' ],
16 silly audit   'tldts-core': [ '6.1.86' ],
16 silly audit   tmp: [ '0.2.3' ],
16 silly audit   tmpl: [ '1.0.5' ],
16 silly audit   'to-regex-range': [ '5.0.1' ],
16 silly audit   toidentifier: [ '1.0.1' ],
16 silly audit   universalify: [ '0.2.0', '2.0.1' ],
16 silly audit   tr46: [ '2.1.0', '1.0.1' ],
16 silly audit   'tree-kill': [ '1.2.2' ],
16 silly audit   tryer: [ '1.0.1' ],
16 silly audit   'ts-interface-checker': [ '0.1.13' ],
16 silly audit   'tsconfig-paths': [ '3.15.0' ],
16 silly audit   tslib: [ '2.8.1', '1.14.1' ],
16 silly audit   tsutils: [ '3.21.0' ],
16 silly audit   'tunnel-agent': [ '0.6.0' ],
16 silly audit   'turbo-stream': [ '2.4.0' ],
16 silly audit   tweetnacl: [ '0.14.5' ],
16 silly audit   'type-detect': [ '4.0.8' ],
16 silly audit   'type-is': [ '1.6.18' ],
16 silly audit   'typed-array-buffer': [ '1.0.3' ],
16 silly audit   'typed-array-byte-length': [ '1.0.3' ],
16 silly audit   'typed-array-byte-offset': [ '1.0.4' ],
16 silly audit   'typed-array-length': [ '1.0.7' ],
16 silly audit   'typedarray-to-buffer': [ '3.1.5' ],
16 silly audit   typescript: [ '4.9.5' ],
16 silly audit   'unbox-primitive': [ '1.1.0' ],
16 silly audit   underscore: [ '1.12.1' ],
16 silly audit   'undici-types': [ '6.20.0' ],
16 silly audit   'unicode-canonical-property-names-ecmascript': [ '2.0.1' ],
16 silly audit   'unicode-match-property-ecmascript': [ '2.0.0' ],
16 silly audit   'unicode-match-property-value-ecmascript': [ '2.2.0' ],
16 silly audit   'unicode-property-aliases-ecmascript': [ '2.1.0' ],
16 silly audit   'unique-string': [ '2.0.0' ],
16 silly audit   unpipe: [ '1.0.0' ],
16 silly audit   unquote: [ '1.1.1' ],
16 silly audit   untildify: [ '4.0.0' ],
16 silly audit   upath: [ '1.2.0' ],
16 silly audit   'update-browserslist-db': [ '1.1.3' ],
16 silly audit   'uri-js': [ '4.4.1' ],
16 silly audit   'url-loader': [ '4.1.1' ],
16 silly audit   'url-parse': [ '1.5.10' ],
16 silly audit   'util-deprecate': [ '1.0.2' ],
16 silly audit   'util.promisify': [ '1.0.1' ],
16 silly audit   utila: [ '0.4.0' ],
16 silly audit   'utils-merge': [ '1.0.1' ],
16 silly audit   utrie: [ '1.0.2' ],
16 silly audit   'v8-to-istanbul': [ '8.1.1' ],
16 silly audit   vary: [ '1.1.2' ],
16 silly audit   verror: [ '1.10.0' ],
16 silly audit   'victory-vendor': [ '36.9.2' ],
16 silly audit   'w3c-hr-time': [ '1.0.2' ],
16 silly audit   'w3c-xmlserializer': [ '2.0.0' ],
16 silly audit   walker: [ '1.0.8' ],
16 silly audit   watchpack: [ '2.4.2' ],
16 silly audit   wbuf: [ '1.7.3' ],
16 silly audit   'web-vitals': [ '4.2.4' ],
16 silly audit   webpack: [ '5.98.0' ],
16 silly audit   'webpack-dev-middleware': [ '5.3.4' ],
16 silly audit   'webpack-dev-server': [ '4.15.2' ],
16 silly audit   ws: [ '8.18.1', '7.5.10' ],
16 silly audit   'webpack-manifest-plugin': [ '4.1.1' ],
16 silly audit   'webpack-sources': [ '2.3.1', '3.2.3', '1.4.3' ],
16 silly audit   'websocket-driver': [ '0.7.4' ],
16 silly audit   'websocket-extensions': [ '0.1.4' ],
16 silly audit   'whatwg-encoding': [ '1.0.5' ],
16 silly audit   'whatwg-fetch': [ '3.6.20' ],
16 silly audit   'whatwg-mimetype': [ '2.3.0' ],
16 silly audit   'whatwg-url': [ '8.7.0', '7.1.0' ],
16 silly audit   'which-boxed-primitive': [ '1.1.1' ],
16 silly audit   'which-builtin-type': [ '1.2.1' ],
16 silly audit   'which-collection': [ '1.0.2' ],
16 silly audit   'which-typed-array': [ '1.1.18' ],
16 silly audit   'word-wrap': [ '1.2.5' ],
16 silly audit   'workbox-background-sync': [ '6.6.0' ],
16 silly audit   'workbox-broadcast-update': [ '6.6.0' ],
16 silly audit   'workbox-build': [ '6.6.0' ],
16 silly audit   '@apideck/better-ajv-errors': [ '0.3.6' ],
16 silly audit   'workbox-cacheable-response': [ '6.6.0' ],
16 silly audit   'workbox-core': [ '6.6.0' ],
16 silly audit   'workbox-expiration': [ '6.6.0' ],
16 silly audit   'workbox-google-analytics': [ '6.6.0' ],
16 silly audit   'workbox-navigation-preload': [ '6.6.0' ],
16 silly audit   'workbox-precaching': [ '6.6.0' ],
16 silly audit   'workbox-range-requests': [ '6.6.0' ],
16 silly audit   'workbox-recipes': [ '6.6.0' ],
16 silly audit   'workbox-routing': [ '6.6.0' ],
16 silly audit   'workbox-strategies': [ '6.6.0' ],
16 silly audit   'workbox-streams': [ '6.6.0' ],
16 silly audit   'workbox-sw': [ '6.6.0' ],
16 silly audit   'workbox-webpack-plugin': [ '6.6.0' ],
16 silly audit   'workbox-window': [ '6.6.0' ],
16 silly audit   wrappy: [ '1.0.2' ],
16 silly audit   'write-file-atomic': [ '3.0.3' ],
16 silly audit   'xml-name-validator': [ '3.0.0' ],
16 silly audit   xmlchars: [ '2.2.0' ],
16 silly audit   y18n: [ '5.0.8' ],
16 silly audit   yallist: [ '3.1.1' ],
16 silly audit   yauzl: [ '2.10.0' ],
16 silly audit   'yocto-queue': [ '0.1.0' ]
16 silly audit }
17 verbose reify failed optional dependency C:\Users\NGUYEN MINH TRI\OneDrive\Desktop\JobConect4Student\Client\node_modules\fsevents
18 silly reify mark deleted [
18 silly reify   'C:\\Users\\NGUYEN MINH TRI\\OneDrive\\Desktop\\JobConect4Student\\Client\\node_modules\\fsevents'
18 silly reify ]
19 verbose reify failed optional dependency C:\Users\NGUYEN MINH TRI\OneDrive\Desktop\JobConect4Student\Client\node_modules\@parcel\watcher-win32-ia32
20 silly reify mark deleted [
20 silly reify   'C:\\Users\\NGUYEN MINH TRI\\OneDrive\\Desktop\\JobConect4Student\\Client\\node_modules\\@parcel\\watcher-win32-ia32'
20 silly reify ]
21 verbose reify failed optional dependency C:\Users\NGUYEN MINH TRI\OneDrive\Desktop\JobConect4Student\Client\node_modules\@parcel\watcher-win32-arm64
22 silly reify mark deleted [
22 silly reify   'C:\\Users\\NGUYEN MINH TRI\\OneDrive\\Desktop\\JobConect4Student\\Client\\node_modules\\@parcel\\watcher-win32-arm64'
22 silly reify ]
23 verbose reify failed optional dependency C:\Users\NGUYEN MINH TRI\OneDrive\Desktop\JobConect4Student\Client\node_modules\@parcel\watcher-linux-x64-musl
24 silly reify mark deleted [
24 silly reify   'C:\\Users\\NGUYEN MINH TRI\\OneDrive\\Desktop\\JobConect4Student\\Client\\node_modules\\@parcel\\watcher-linux-x64-musl'
24 silly reify ]
25 verbose reify failed optional dependency C:\Users\NGUYEN MINH TRI\OneDrive\Desktop\JobConect4Student\Client\node_modules\@parcel\watcher-linux-x64-glibc
26 silly reify mark deleted [
26 silly reify   'C:\\Users\\NGUYEN MINH TRI\\OneDrive\\Desktop\\JobConect4Student\\Client\\node_modules\\@parcel\\watcher-linux-x64-glibc'
26 silly reify ]
27 verbose reify failed optional dependency C:\Users\NGUYEN MINH TRI\OneDrive\Desktop\JobConect4Student\Client\node_modules\@parcel\watcher-linux-arm64-musl
28 silly reify mark deleted [
28 silly reify   'C:\\Users\\NGUYEN MINH TRI\\OneDrive\\Desktop\\JobConect4Student\\Client\\node_modules\\@parcel\\watcher-linux-arm64-musl'
28 silly reify ]
29 verbose reify failed optional dependency C:\Users\NGUYEN MINH TRI\OneDrive\Desktop\JobConect4Student\Client\node_modules\@parcel\watcher-linux-arm64-glibc
30 silly reify mark deleted [
30 silly reify   'C:\\Users\\NGUYEN MINH TRI\\OneDrive\\Desktop\\JobConect4Student\\Client\\node_modules\\@parcel\\watcher-linux-arm64-glibc'
30 silly reify ]
31 verbose reify failed optional dependency C:\Users\NGUYEN MINH TRI\OneDrive\Desktop\JobConect4Student\Client\node_modules\@parcel\watcher-linux-arm-musl
32 silly reify mark deleted [
32 silly reify   'C:\\Users\\NGUYEN MINH TRI\\OneDrive\\Desktop\\JobConect4Student\\Client\\node_modules\\@parcel\\watcher-linux-arm-musl'
32 silly reify ]
33 verbose reify failed optional dependency C:\Users\NGUYEN MINH TRI\OneDrive\Desktop\JobConect4Student\Client\node_modules\@parcel\watcher-linux-arm-glibc
34 silly reify mark deleted [
34 silly reify   'C:\\Users\\NGUYEN MINH TRI\\OneDrive\\Desktop\\JobConect4Student\\Client\\node_modules\\@parcel\\watcher-linux-arm-glibc'
34 silly reify ]
35 verbose reify failed optional dependency C:\Users\NGUYEN MINH TRI\OneDrive\Desktop\JobConect4Student\Client\node_modules\@parcel\watcher-freebsd-x64
36 silly reify mark deleted [
36 silly reify   'C:\\Users\\NGUYEN MINH TRI\\OneDrive\\Desktop\\JobConect4Student\\Client\\node_modules\\@parcel\\watcher-freebsd-x64'
36 silly reify ]
37 verbose reify failed optional dependency C:\Users\NGUYEN MINH TRI\OneDrive\Desktop\JobConect4Student\Client\node_modules\@parcel\watcher-darwin-x64
38 silly reify mark deleted [
38 silly reify   'C:\\Users\\NGUYEN MINH TRI\\OneDrive\\Desktop\\JobConect4Student\\Client\\node_modules\\@parcel\\watcher-darwin-x64'
38 silly reify ]
39 verbose reify failed optional dependency C:\Users\NGUYEN MINH TRI\OneDrive\Desktop\JobConect4Student\Client\node_modules\@parcel\watcher-darwin-arm64
40 silly reify mark deleted [
40 silly reify   'C:\\Users\\NGUYEN MINH TRI\\OneDrive\\Desktop\\JobConect4Student\\Client\\node_modules\\@parcel\\watcher-darwin-arm64'
40 silly reify ]
41 verbose reify failed optional dependency C:\Users\NGUYEN MINH TRI\OneDrive\Desktop\JobConect4Student\Client\node_modules\@parcel\watcher-android-arm64
42 silly reify mark deleted [
42 silly reify   'C:\\Users\\NGUYEN MINH TRI\\OneDrive\\Desktop\\JobConect4Student\\Client\\node_modules\\@parcel\\watcher-android-arm64'
42 silly reify ]
43 http cache yocto-queue@https://registry.npmjs.org/yocto-queue/-/yocto-queue-0.1.0.tgz 0ms (cache hit)
44 http cache yauzl@https://registry.npmjs.org/yauzl/-/yauzl-2.10.0.tgz 0ms (cache hit)
45 http cache yallist@https://registry.npmjs.org/yallist/-/yallist-3.1.1.tgz 0ms (cache hit)
46 http cache yargs-parser@https://registry.npmjs.org/yargs-parser/-/yargs-parser-20.2.9.tgz 0ms (cache hit)
47 http cache yaml@https://registry.npmjs.org/yaml/-/yaml-1.10.2.tgz 0ms (cache hit)
48 http cache y18n@https://registry.npmjs.org/y18n/-/y18n-5.0.8.tgz 0ms (cache hit)
49 http cache yargs@https://registry.npmjs.org/yargs/-/yargs-16.2.0.tgz 0ms (cache hit)
50 http cache xml-name-validator@https://registry.npmjs.org/xml-name-validator/-/xml-name-validator-3.0.0.tgz 0ms (cache hit)
51 http cache ws@https://registry.npmjs.org/ws/-/ws-7.5.10.tgz 0ms (cache hit)
52 http cache xmlchars@https://registry.npmjs.org/xmlchars/-/xmlchars-2.2.0.tgz 0ms (cache hit)
53 http cache write-file-atomic@https://registry.npmjs.org/write-file-atomic/-/write-file-atomic-3.0.3.tgz 0ms (cache hit)
54 http cache wrappy@https://registry.npmjs.org/wrappy/-/wrappy-1.0.2.tgz 0ms (cache hit)
55 http cache workbox-window@https://registry.npmjs.org/workbox-window/-/workbox-window-6.6.0.tgz 0ms (cache hit)
56 http cache wrap-ansi-cjs@https://registry.npmjs.org/wrap-ansi/-/wrap-ansi-7.0.0.tgz 0ms (cache hit)
57 http cache wrap-ansi@https://registry.npmjs.org/wrap-ansi/-/wrap-ansi-7.0.0.tgz 0ms (cache hit)
58 http cache workbox-sw@https://registry.npmjs.org/workbox-sw/-/workbox-sw-6.6.0.tgz 0ms (cache hit)
59 http cache workbox-webpack-plugin@https://registry.npmjs.org/workbox-webpack-plugin/-/workbox-webpack-plugin-6.6.0.tgz 0ms (cache hit)
60 http cache workbox-streams@https://registry.npmjs.org/workbox-streams/-/workbox-streams-6.6.0.tgz 0ms (cache hit)
61 http cache workbox-strategies@https://registry.npmjs.org/workbox-strategies/-/workbox-strategies-6.6.0.tgz 0ms (cache hit)
62 http cache workbox-recipes@https://registry.npmjs.org/workbox-recipes/-/workbox-recipes-6.6.0.tgz 0ms (cache hit)
63 http cache workbox-range-requests@https://registry.npmjs.org/workbox-range-requests/-/workbox-range-requests-6.6.0.tgz 0ms (cache hit)
64 http cache workbox-navigation-preload@https://registry.npmjs.org/workbox-navigation-preload/-/workbox-navigation-preload-6.6.0.tgz 0ms (cache hit)
65 http cache workbox-precaching@https://registry.npmjs.org/workbox-precaching/-/workbox-precaching-6.6.0.tgz 0ms (cache hit)
66 http cache workbox-google-analytics@https://registry.npmjs.org/workbox-google-analytics/-/workbox-google-analytics-6.6.0.tgz 0ms (cache hit)
67 http cache workbox-routing@https://registry.npmjs.org/workbox-routing/-/workbox-routing-6.6.0.tgz 0ms (cache hit)
68 http cache workbox-expiration@https://registry.npmjs.org/workbox-expiration/-/workbox-expiration-6.6.0.tgz 0ms (cache hit)
69 http cache workbox-build@https://registry.npmjs.org/workbox-build/-/workbox-build-6.6.0.tgz 0ms (cache hit)
70 http cache workbox-cacheable-response@https://registry.npmjs.org/workbox-cacheable-response/-/workbox-cacheable-response-6.6.0.tgz 0ms (cache hit)
71 http cache workbox-background-sync@https://registry.npmjs.org/workbox-background-sync/-/workbox-background-sync-6.6.0.tgz 0ms (cache hit)
72 http cache workbox-core@https://registry.npmjs.org/workbox-core/-/workbox-core-6.6.0.tgz 0ms (cache hit)
73 http cache which-typed-array@https://registry.npmjs.org/which-typed-array/-/which-typed-array-1.1.18.tgz 0ms (cache hit)
74 http cache which-collection@https://registry.npmjs.org/which-collection/-/which-collection-1.0.2.tgz 0ms (cache hit)
75 http cache word-wrap@https://registry.npmjs.org/word-wrap/-/word-wrap-1.2.5.tgz 0ms (cache hit)
76 http cache workbox-broadcast-update@https://registry.npmjs.org/workbox-broadcast-update/-/workbox-broadcast-update-6.6.0.tgz 0ms (cache hit)
77 http cache which-builtin-type@https://registry.npmjs.org/which-builtin-type/-/which-builtin-type-1.2.1.tgz 0ms (cache hit)
78 http cache which-boxed-primitive@https://registry.npmjs.org/which-boxed-primitive/-/which-boxed-primitive-1.1.1.tgz 0ms (cache hit)
79 http cache whatwg-url@https://registry.npmjs.org/whatwg-url/-/whatwg-url-8.7.0.tgz 0ms (cache hit)
80 http cache whatwg-mimetype@https://registry.npmjs.org/whatwg-mimetype/-/whatwg-mimetype-2.3.0.tgz 0ms (cache hit)
81 http cache whatwg-fetch@https://registry.npmjs.org/whatwg-fetch/-/whatwg-fetch-3.6.20.tgz 0ms (cache hit)
82 http cache websocket-extensions@https://registry.npmjs.org/websocket-extensions/-/websocket-extensions-0.1.4.tgz 0ms (cache hit)
83 http cache which@https://registry.npmjs.org/which/-/which-2.0.2.tgz 0ms (cache hit)
84 http cache whatwg-encoding@https://registry.npmjs.org/whatwg-encoding/-/whatwg-encoding-1.0.5.tgz 0ms (cache hit)
85 http cache websocket-driver@https://registry.npmjs.org/websocket-driver/-/websocket-driver-0.7.4.tgz 0ms (cache hit)
86 http cache webpack-sources@https://registry.npmjs.org/webpack-sources/-/webpack-sources-3.2.3.tgz 0ms (cache hit)
87 http cache webpack-dev-server@https://registry.npmjs.org/webpack-dev-server/-/webpack-dev-server-4.15.2.tgz 0ms (cache hit)
88 http cache webpack@https://registry.npmjs.org/webpack/-/webpack-5.98.0.tgz 0ms (cache hit)
89 http cache webidl-conversions@https://registry.npmjs.org/webidl-conversions/-/webidl-conversions-6.1.0.tgz 0ms (cache hit)
90 http cache webpack-dev-middleware@https://registry.npmjs.org/webpack-dev-middleware/-/webpack-dev-middleware-5.3.4.tgz 0ms (cache hit)
91 http cache webpack-manifest-plugin@https://registry.npmjs.org/webpack-manifest-plugin/-/webpack-manifest-plugin-4.1.1.tgz 0ms (cache hit)
92 http cache web-vitals@https://registry.npmjs.org/web-vitals/-/web-vitals-4.2.4.tgz 0ms (cache hit)
93 http cache watchpack@https://registry.npmjs.org/watchpack/-/watchpack-2.4.2.tgz 0ms (cache hit)
94 http cache wbuf@https://registry.npmjs.org/wbuf/-/wbuf-1.7.3.tgz 0ms (cache hit)
95 http cache w3c-hr-time@https://registry.npmjs.org/w3c-hr-time/-/w3c-hr-time-1.0.2.tgz 0ms (cache hit)
96 http cache w3c-xmlserializer@https://registry.npmjs.org/w3c-xmlserializer/-/w3c-xmlserializer-2.0.0.tgz 0ms (cache hit)
97 http cache victory-vendor@https://registry.npmjs.org/victory-vendor/-/victory-vendor-36.9.2.tgz 0ms (cache hit)
98 http cache walker@https://registry.npmjs.org/walker/-/walker-1.0.8.tgz 0ms (cache hit)
99 http cache verror@https://registry.npmjs.org/verror/-/verror-1.10.0.tgz 0ms (cache hit)
100 http cache uuid@https://registry.npmjs.org/uuid/-/uuid-13.0.0.tgz 0ms (cache hit)
101 http cache vary@https://registry.npmjs.org/vary/-/vary-1.1.2.tgz 0ms (cache hit)
102 http cache utrie@https://registry.npmjs.org/utrie/-/utrie-1.0.2.tgz 0ms (cache hit)
103 http cache util.promisify@https://registry.npmjs.org/util.promisify/-/util.promisify-1.0.1.tgz 0ms (cache hit)
104 http cache utils-merge@https://registry.npmjs.org/utils-merge/-/utils-merge-1.0.1.tgz 0ms (cache hit)
105 http cache v8-to-istanbul@https://registry.npmjs.org/v8-to-istanbul/-/v8-to-istanbul-8.1.1.tgz 0ms (cache hit)
106 http cache utila@https://registry.npmjs.org/utila/-/utila-0.4.0.tgz 0ms (cache hit)
107 http cache url-parse@https://registry.npmjs.org/url-parse/-/url-parse-1.5.10.tgz 0ms (cache hit)
108 http cache url-loader@https://registry.npmjs.org/url-loader/-/url-loader-4.1.1.tgz 0ms (cache hit)
109 http cache update-browserslist-db@https://registry.npmjs.org/update-browserslist-db/-/update-browserslist-db-1.1.3.tgz 0ms (cache hit)
110 http cache uri-js@https://registry.npmjs.org/uri-js/-/uri-js-4.4.1.tgz 0ms (cache hit)
111 http cache upath@https://registry.npmjs.org/upath/-/upath-1.2.0.tgz 0ms (cache hit)
112 http cache util-deprecate@https://registry.npmjs.org/util-deprecate/-/util-deprecate-1.0.2.tgz 0ms (cache hit)
113 http cache unquote@https://registry.npmjs.org/unquote/-/unquote-1.1.1.tgz 0ms (cache hit)
114 http cache unpipe@https://registry.npmjs.org/unpipe/-/unpipe-1.0.0.tgz 0ms (cache hit)
115 http cache untildify@https://registry.npmjs.org/untildify/-/untildify-4.0.0.tgz 0ms (cache hit)
116 http cache unique-string@https://registry.npmjs.org/unique-string/-/unique-string-2.0.0.tgz 0ms (cache hit)
117 http cache unicode-property-aliases-ecmascript@https://registry.npmjs.org/unicode-property-aliases-ecmascript/-/unicode-property-aliases-ecmascript-2.1.0.tgz 0ms (cache hit)
118 http cache unicode-match-property-value-ecmascript@https://registry.npmjs.org/unicode-match-property-value-ecmascript/-/unicode-match-property-value-ecmascript-2.2.0.tgz 0ms (cache hit)
119 http cache universalify@https://registry.npmjs.org/universalify/-/universalify-2.0.1.tgz 0ms (cache hit)
120 http cache unicode-canonical-property-names-ecmascript@https://registry.npmjs.org/unicode-canonical-property-names-ecmascript/-/unicode-canonical-property-names-ecmascript-2.0.1.tgz 0ms (cache hit)
121 http cache unicode-match-property-ecmascript@https://registry.npmjs.org/unicode-match-property-ecmascript/-/unicode-match-property-ecmascript-2.0.0.tgz 0ms (cache hit)
122 http cache undici-types@https://registry.npmjs.org/undici-types/-/undici-types-6.20.0.tgz 0ms (cache hit)
123 http cache typescript@https://registry.npmjs.org/typescript/-/typescript-4.9.5.tgz 0ms (cache hit)
124 http cache unbox-primitive@https://registry.npmjs.org/unbox-primitive/-/unbox-primitive-1.1.0.tgz 0ms (cache hit)
125 http cache typedarray-to-buffer@https://registry.npmjs.org/typedarray-to-buffer/-/typedarray-to-buffer-3.1.5.tgz 0ms (cache hit)
126 http cache underscore@https://registry.npmjs.org/underscore/-/underscore-1.12.1.tgz 0ms (cache hit)
127 http cache typed-array-byte-length@https://registry.npmjs.org/typed-array-byte-length/-/typed-array-byte-length-1.0.3.tgz 0ms (cache hit)
128 http cache typed-array-byte-offset@https://registry.npmjs.org/typed-array-byte-offset/-/typed-array-byte-offset-1.0.4.tgz 0ms (cache hit)
129 http cache typed-array-length@https://registry.npmjs.org/typed-array-length/-/typed-array-length-1.0.7.tgz 0ms (cache hit)
130 http cache type-is@https://registry.npmjs.org/type-is/-/type-is-1.6.18.tgz 0ms (cache hit)
131 http cache type-fest@https://registry.npmjs.org/type-fest/-/type-fest-0.21.3.tgz 0ms (cache hit)
132 http cache type-detect@https://registry.npmjs.org/type-detect/-/type-detect-4.0.8.tgz 0ms (cache hit)
133 http cache typed-array-buffer@https://registry.npmjs.org/typed-array-buffer/-/typed-array-buffer-1.0.3.tgz 0ms (cache hit)
134 http cache type-check@https://registry.npmjs.org/type-check/-/type-check-0.4.0.tgz 0ms (cache hit)
135 http cache tweetnacl@https://registry.npmjs.org/tweetnacl/-/tweetnacl-0.14.5.tgz 0ms (cache hit)
136 http cache tunnel-agent@https://registry.npmjs.org/tunnel-agent/-/tunnel-agent-0.6.0.tgz 0ms (cache hit)
137 http cache tsutils@https://registry.npmjs.org/tsutils/-/tsutils-3.21.0.tgz 0ms (cache hit)
138 http cache tslib@https://registry.npmjs.org/tslib/-/tslib-2.8.1.tgz 0ms (cache hit)
139 http cache tsconfig-paths@https://registry.npmjs.org/tsconfig-paths/-/tsconfig-paths-3.15.0.tgz 0ms (cache hit)
140 http cache tryer@https://registry.npmjs.org/tryer/-/tryer-1.0.1.tgz 0ms (cache hit)
141 http cache turbo-stream@https://registry.npmjs.org/turbo-stream/-/turbo-stream-2.4.0.tgz 0ms (cache hit)
142 http cache tr46@https://registry.npmjs.org/tr46/-/tr46-2.1.0.tgz 0ms (cache hit)
143 http cache ts-interface-checker@https://registry.npmjs.org/ts-interface-checker/-/ts-interface-checker-0.1.13.tgz 0ms (cache hit)
144 http cache tree-kill@https://registry.npmjs.org/tree-kill/-/tree-kill-1.2.2.tgz 0ms (cache hit)
145 http cache tmpl@https://registry.npmjs.org/tmpl/-/tmpl-1.0.5.tgz 0ms (cache hit)
146 http cache to-regex-range@https://registry.npmjs.org/to-regex-range/-/to-regex-range-5.0.1.tgz 0ms (cache hit)
147 http cache tldts-core@https://registry.npmjs.org/tldts-core/-/tldts-core-6.1.86.tgz 0ms (cache hit)
148 http cache toidentifier@https://registry.npmjs.org/toidentifier/-/toidentifier-1.0.1.tgz 0ms (cache hit)
149 http cache tippy.js@https://registry.npmjs.org/tippy.js/-/tippy.js-6.3.7.tgz 0ms (cache hit)
150 http cache tldts@https://registry.npmjs.org/tldts/-/tldts-6.1.86.tgz 0ms (cache hit)
151 http cache tmp@https://registry.npmjs.org/tmp/-/tmp-0.2.3.tgz 0ms (cache hit)
152 http cache tiny-invariant@https://registry.npmjs.org/tiny-invariant/-/tiny-invariant-1.3.3.tgz 0ms (cache hit)
153 http cache thunky@https://registry.npmjs.org/thunky/-/thunky-1.1.0.tgz 0ms (cache hit)
154 http cache through@https://registry.npmjs.org/through/-/through-2.3.8.tgz 0ms (cache hit)
155 http cache tough-cookie@https://registry.npmjs.org/tough-cookie/-/tough-cookie-4.1.4.tgz 0ms (cache hit)
156 http cache throat@https://registry.npmjs.org/throat/-/throat-6.0.2.tgz 0ms (cache hit)
157 http cache throttleit@https://registry.npmjs.org/throttleit/-/throttleit-1.0.1.tgz 0ms (cache hit)
158 http cache thenify-all@https://registry.npmjs.org/thenify-all/-/thenify-all-1.6.0.tgz 0ms (cache hit)
159 http cache text-table@https://registry.npmjs.org/text-table/-/text-table-0.2.0.tgz 0ms (cache hit)
160 http cache thenify@https://registry.npmjs.org/thenify/-/thenify-3.3.1.tgz 0ms (cache hit)
161 http cache terser-webpack-plugin@https://registry.npmjs.org/terser-webpack-plugin/-/terser-webpack-plugin-5.3.13.tgz 0ms (cache hit)
162 http cache text-segmentation@https://registry.npmjs.org/text-segmentation/-/text-segmentation-1.0.3.tgz 0ms (cache hit)
163 http cache test-exclude@https://registry.npmjs.org/test-exclude/-/test-exclude-6.0.0.tgz 0ms (cache hit)
164 http cache terminal-link@https://registry.npmjs.org/terminal-link/-/terminal-link-2.1.1.tgz 0ms (cache hit)
165 http cache tapable@https://registry.npmjs.org/tapable/-/tapable-2.2.1.tgz 0ms (cache hit)
166 http cache terser@https://registry.npmjs.org/terser/-/terser-5.39.0.tgz 0ms (cache hit)
167 http cache tailwindcss@https://registry.npmjs.org/tailwindcss/-/tailwindcss-3.4.17.tgz 0ms (cache hit)
168 http cache tabbable@https://registry.npmjs.org/tabbable/-/tabbable-6.2.0.tgz 0ms (cache hit)
169 http cache symbol-tree@https://registry.npmjs.org/symbol-tree/-/symbol-tree-3.2.4.tgz 0ms (cache hit)
170 http cache tempy@https://registry.npmjs.org/tempy/-/tempy-0.6.0.tgz 0ms (cache hit)
171 http cache svgo@https://registry.npmjs.org/svgo/-/svgo-1.3.2.tgz 0ms (cache hit)
172 http cache temp-dir@https://registry.npmjs.org/temp-dir/-/temp-dir-2.0.0.tgz 0ms (cache hit)
173 http cache svg-parser@https://registry.npmjs.org/svg-parser/-/svg-parser-2.0.4.tgz 0ms (cache hit)
174 http cache supports-preserve-symlinks-flag@https://registry.npmjs.org/supports-preserve-symlinks-flag/-/supports-preserve-symlinks-flag-1.0.0.tgz 0ms (cache hit)
175 http cache supports-color@https://registry.npmjs.org/supports-color/-/supports-color-7.2.0.tgz 0ms (cache hit)
176 http cache stylehacks@https://registry.npmjs.org/stylehacks/-/stylehacks-5.1.1.tgz 0ms (cache hit)
177 http cache svg-pathdata@https://registry.npmjs.org/svg-pathdata/-/svg-pathdata-6.0.3.tgz 0ms (cache hit)
178 http cache stylis@https://registry.npmjs.org/stylis/-/stylis-4.2.0.tgz 0ms (cache hit)
179 http cache supports-hyperlinks@https://registry.npmjs.org/supports-hyperlinks/-/supports-hyperlinks-2.3.0.tgz 0ms (cache hit)
180 http cache sucrase@https://registry.npmjs.org/sucrase/-/sucrase-3.35.0.tgz 0ms (cache hit)
181 http cache strip-comments@https://registry.npmjs.org/strip-comments/-/strip-comments-2.0.1.tgz 0ms (cache hit)
182 http cache strip-final-newline@https://registry.npmjs.org/strip-final-newline/-/strip-final-newline-2.0.0.tgz 0ms (cache hit)
183 http cache style-loader@https://registry.npmjs.org/style-loader/-/style-loader-3.3.4.tgz 0ms (cache hit)
184 http cache strip-ansi-cjs@https://registry.npmjs.org/strip-ansi/-/strip-ansi-6.0.1.tgz 0ms (cache hit)
185 http cache strip-json-comments@https://registry.npmjs.org/strip-json-comments/-/strip-json-comments-3.1.1.tgz 0ms (cache hit)
186 http cache strip-bom@https://registry.npmjs.org/strip-bom/-/strip-bom-4.0.0.tgz 0ms (cache hit)
187 http cache string.prototype.trimstart@https://registry.npmjs.org/string.prototype.trimstart/-/string.prototype.trimstart-1.0.8.tgz 0ms (cache hit)
188 http cache string.prototype.trimend@https://registry.npmjs.org/string.prototype.trimend/-/string.prototype.trimend-1.0.9.tgz 0ms (cache hit)
189 http cache string.prototype.trim@https://registry.npmjs.org/string.prototype.trim/-/string.prototype.trim-1.2.10.tgz 0ms (cache hit)
190 http cache stringify-object@https://registry.npmjs.org/stringify-object/-/stringify-object-3.3.0.tgz 0ms (cache hit)
191 http cache strip-ansi@https://registry.npmjs.org/strip-ansi/-/strip-ansi-6.0.1.tgz 0ms (cache hit)
192 http cache string.prototype.matchall@https://registry.npmjs.org/string.prototype.matchall/-/string.prototype.matchall-4.0.12.tgz 0ms (cache hit)
193 http cache string.prototype.repeat@https://registry.npmjs.org/string.prototype.repeat/-/string.prototype.repeat-1.0.0.tgz 0ms (cache hit)
194 http cache string-width-cjs@https://registry.npmjs.org/string-width/-/string-width-4.2.3.tgz 0ms (cache hit)
195 http cache string.prototype.includes@https://registry.npmjs.org/string.prototype.includes/-/string.prototype.includes-2.0.1.tgz 0ms (cache hit)
196 http cache string-natural-compare@https://registry.npmjs.org/string-natural-compare/-/string-natural-compare-3.0.1.tgz 0ms (cache hit)
197 http cache string-width@https://registry.npmjs.org/string-width/-/string-width-4.2.3.tgz 0ms (cache hit)
198 http cache string_decoder@https://registry.npmjs.org/string_decoder/-/string_decoder-1.3.0.tgz 0ms (cache hit)
199 http cache statuses@https://registry.npmjs.org/statuses/-/statuses-2.0.1.tgz 0ms (cache hit)
200 http cache string-length@https://registry.npmjs.org/string-length/-/string-length-4.0.2.tgz 0ms (cache hit)
201 http cache static-eval@https://registry.npmjs.org/static-eval/-/static-eval-2.0.2.tgz 0ms (cache hit)
202 http cache stack-utils@https://registry.npmjs.org/stack-utils/-/stack-utils-2.0.6.tgz 0ms (cache hit)
203 http cache stackblur-canvas@https://registry.npmjs.org/stackblur-canvas/-/stackblur-canvas-2.7.0.tgz 0ms (cache hit)
204 http cache stackframe@https://registry.npmjs.org/stackframe/-/stackframe-1.3.4.tgz 0ms (cache hit)
205 http cache stable@https://registry.npmjs.org/stable/-/stable-0.1.8.tgz 0ms (cache hit)
206 http cache sshpk@https://registry.npmjs.org/sshpk/-/sshpk-1.18.0.tgz 0ms (cache hit)
207 http cache spdy-transport@https://registry.npmjs.org/spdy-transport/-/spdy-transport-3.0.0.tgz 0ms (cache hit)
208 http cache spdy@https://registry.npmjs.org/spdy/-/spdy-4.0.2.tgz 0ms (cache hit)
209 http cache source-map-support@https://registry.npmjs.org/source-map-support/-/source-map-support-0.5.21.tgz 0ms (cache hit)
210 http cache sourcemap-codec@https://registry.npmjs.org/sourcemap-codec/-/sourcemap-codec-1.4.8.tgz 0ms (cache hit)
211 http cache source-map-loader@https://registry.npmjs.org/source-map-loader/-/source-map-loader-3.0.2.tgz 0ms (cache hit)
212 http cache source-map-js@https://registry.npmjs.org/source-map-js/-/source-map-js-1.2.1.tgz 0ms (cache hit)
213 http cache sprintf-js@https://registry.npmjs.org/sprintf-js/-/sprintf-js-1.0.3.tgz 0ms (cache hit)
214 http cache sockjs@https://registry.npmjs.org/sockjs/-/sockjs-0.3.24.tgz 0ms (cache hit)
215 http cache source-list-map@https://registry.npmjs.org/source-list-map/-/source-list-map-2.0.1.tgz 0ms (cache hit)
216 http cache sisteransi@https://registry.npmjs.org/sisteransi/-/sisteransi-1.0.5.tgz 0ms (cache hit)
217 http cache slash@https://registry.npmjs.org/slash/-/slash-3.0.0.tgz 0ms (cache hit)
218 http cache source-map@https://registry.npmjs.org/source-map/-/source-map-0.7.4.tgz 0ms (cache hit)
219 http cache side-channel-weakmap@https://registry.npmjs.org/side-channel-weakmap/-/side-channel-weakmap-1.0.2.tgz 0ms (cache hit)
220 http cache slice-ansi@https://registry.npmjs.org/slice-ansi/-/slice-ansi-3.0.0.tgz 0ms (cache hit)
221 http cache signal-exit@https://registry.npmjs.org/signal-exit/-/signal-exit-3.0.7.tgz 0ms (cache hit)
222 http cache side-channel-list@https://registry.npmjs.org/side-channel-list/-/side-channel-list-1.0.0.tgz 0ms (cache hit)
223 http cache shell-quote@https://registry.npmjs.org/shell-quote/-/shell-quote-1.8.2.tgz 0ms (cache hit)
224 http cache side-channel-map@https://registry.npmjs.org/side-channel-map/-/side-channel-map-1.0.1.tgz 0ms (cache hit)
225 http cache shallow-equal@https://registry.npmjs.org/shallow-equal/-/shallow-equal-3.1.0.tgz 0ms (cache hit)
226 http cache side-channel@https://registry.npmjs.org/side-channel/-/side-channel-1.1.0.tgz 0ms (cache hit)
227 http cache shebang-command@https://registry.npmjs.org/shebang-command/-/shebang-command-2.0.0.tgz 0ms (cache hit)
228 http cache setprototypeof@https://registry.npmjs.org/setprototypeof/-/setprototypeof-1.2.0.tgz 0ms (cache hit)
229 http cache set-function-length@https://registry.npmjs.org/set-function-length/-/set-function-length-1.2.2.tgz 0ms (cache hit)
230 http cache set-function-name@https://registry.npmjs.org/set-function-name/-/set-function-name-2.0.2.tgz 0ms (cache hit)
231 http cache shebang-regex@https://registry.npmjs.org/shebang-regex/-/shebang-regex-3.0.0.tgz 0ms (cache hit)
232 http cache set-proto@https://registry.npmjs.org/set-proto/-/set-proto-1.0.0.tgz 0ms (cache hit)
233 http cache set-cookie-parser@https://registry.npmjs.org/set-cookie-parser/-/set-cookie-parser-2.7.1.tgz 0ms (cache hit)
234 http cache serialize-javascript@https://registry.npmjs.org/serialize-javascript/-/serialize-javascript-6.0.2.tgz 0ms (cache hit)
235 http cache serve-static@https://registry.npmjs.org/serve-static/-/serve-static-1.16.2.tgz 0ms (cache hit)
236 http cache semver@https://registry.npmjs.org/semver/-/semver-5.7.2.tgz 0ms (cache hit)
237 http cache selfsigned@https://registry.npmjs.org/selfsigned/-/selfsigned-2.4.1.tgz 0ms (cache hit)
238 http cache serve-index@https://registry.npmjs.org/serve-index/-/serve-index-1.9.1.tgz 0ms (cache hit)
239 http cache send@https://registry.npmjs.org/send/-/send-0.19.0.tgz 0ms (cache hit)
240 http cache schema-utils@https://registry.npmjs.org/schema-utils/-/schema-utils-4.3.0.tgz 0ms (cache hit)
241 http cache scheduler@https://registry.npmjs.org/scheduler/-/scheduler-0.25.0.tgz 0ms (cache hit)
242 http cache sass-loader@https://registry.npmjs.org/sass-loader/-/sass-loader-12.6.0.tgz 0ms (cache hit)
243 http cache sass@https://registry.npmjs.org/sass/-/sass-1.85.1.tgz 0ms (cache hit)
244 http cache saxes@https://registry.npmjs.org/saxes/-/saxes-5.0.1.tgz 0ms (cache hit)
245 http cache select-hose@https://registry.npmjs.org/select-hose/-/select-hose-2.0.0.tgz 0ms (cache hit)
246 http cache sax@https://registry.npmjs.org/sax/-/sax-1.2.4.tgz 0ms (cache hit)
247 http cache sanitize.css@https://registry.npmjs.org/sanitize.css/-/sanitize.css-13.0.0.tgz 0ms (cache hit)
248 http cache safe-regex-test@https://registry.npmjs.org/safe-regex-test/-/safe-regex-test-1.1.0.tgz 0ms (cache hit)
249 http cache safe-buffer@https://registry.npmjs.org/safe-buffer/-/safe-buffer-5.2.1.tgz 0ms (cache hit)
250 http cache safe-array-concat@https://registry.npmjs.org/safe-array-concat/-/safe-array-concat-1.1.3.tgz 0ms (cache hit)
251 http cache safer-buffer@https://registry.npmjs.org/safer-buffer/-/safer-buffer-2.1.2.tgz 0ms (cache hit)
252 http cache rxjs@https://registry.npmjs.org/rxjs/-/rxjs-7.8.2.tgz 0ms (cache hit)
253 http cache safe-push-apply@https://registry.npmjs.org/safe-push-apply/-/safe-push-apply-1.0.0.tgz 0ms (cache hit)
254 http cache run-parallel@https://registry.npmjs.org/run-parallel/-/run-parallel-1.2.0.tgz 0ms (cache hit)
255 http cache rollup@https://registry.npmjs.org/rollup/-/rollup-2.79.2.tgz 0ms (cache hit)
256 http cache rgbcolor@https://registry.npmjs.org/rgbcolor/-/rgbcolor-1.0.1.tgz 0ms (cache hit)
257 http cache rollup-plugin-terser@https://registry.npmjs.org/rollup-plugin-terser/-/rollup-plugin-terser-7.0.2.tgz 0ms (cache hit)
258 http cache rimraf@https://registry.npmjs.org/rimraf/-/rimraf-3.0.2.tgz 0ms (cache hit)
259 http cache rfdc@https://registry.npmjs.org/rfdc/-/rfdc-1.4.1.tgz 0ms (cache hit)
260 http cache reusify@https://registry.npmjs.org/reusify/-/reusify-1.1.0.tgz 0ms (cache hit)
261 http cache resolve-url-loader@https://registry.npmjs.org/resolve-url-loader/-/resolve-url-loader-4.0.0.tgz 0ms (cache hit)
262 http cache resolve-from@https://registry.npmjs.org/resolve-from/-/resolve-from-5.0.0.tgz 0ms (cache hit)
263 http cache retry@https://registry.npmjs.org/retry/-/retry-0.13.1.tgz 0ms (cache hit)
264 http cache resolve-cwd@https://registry.npmjs.org/resolve-cwd/-/resolve-cwd-3.0.0.tgz 0ms (cache hit)
265 http cache resolve.exports@https://registry.npmjs.org/resolve.exports/-/resolve.exports-1.1.1.tgz 0ms (cache hit)
266 http cache reselect@https://registry.npmjs.org/reselect/-/reselect-4.1.8.tgz 0ms (cache hit)
267 http cache requires-port@https://registry.npmjs.org/requires-port/-/requires-port-1.0.0.tgz 0ms (cache hit)
268 http cache restore-cursor@https://registry.npmjs.org/restore-cursor/-/restore-cursor-3.1.0.tgz 0ms (cache hit)
269 http cache require-from-string@https://registry.npmjs.org/require-from-string/-/require-from-string-2.0.2.tgz 0ms (cache hit)
270 http cache require-directory@https://registry.npmjs.org/require-directory/-/require-directory-2.1.1.tgz 0ms (cache hit)
271 http cache renderkid@https://registry.npmjs.org/renderkid/-/renderkid-3.0.0.tgz 0ms (cache hit)
272 http cache relateurl@https://registry.npmjs.org/relateurl/-/relateurl-0.2.7.tgz 0ms (cache hit)
273 http cache resolve@https://registry.npmjs.org/resolve/-/resolve-1.22.10.tgz 0ms (cache hit)
274 http cache request-progress@https://registry.npmjs.org/request-progress/-/request-progress-3.0.0.tgz 0ms (cache hit)
275 http cache regexpu-core@https://registry.npmjs.org/regexpu-core/-/regexpu-core-6.2.0.tgz 0ms (cache hit)
276 http cache regjsparser@https://registry.npmjs.org/regjsparser/-/regjsparser-0.12.0.tgz 0ms (cache hit)
277 http cache regjsgen@https://registry.npmjs.org/regjsgen/-/regjsgen-0.8.0.tgz 0ms (cache hit)
278 http cache regenerator-runtime@https://registry.npmjs.org/regenerator-runtime/-/regenerator-runtime-0.13.11.tgz 0ms (cache hit)
279 http cache regex-parser@https://registry.npmjs.org/regex-parser/-/regex-parser-2.3.1.tgz 0ms (cache hit)
280 http cache regenerator-transform@https://registry.npmjs.org/regenerator-transform/-/regenerator-transform-0.15.2.tgz 0ms (cache hit)
281 http cache regenerate-unicode-properties@https://registry.npmjs.org/regenerate-unicode-properties/-/regenerate-unicode-properties-10.2.0.tgz 0ms (cache hit)
282 http cache regexp.prototype.flags@https://registry.npmjs.org/regexp.prototype.flags/-/regexp.prototype.flags-1.5.4.tgz 0ms (cache hit)
283 http cache regenerate@https://registry.npmjs.org/regenerate/-/regenerate-1.4.2.tgz 0ms (cache hit)
284 http cache recharts-scale@https://registry.npmjs.org/recharts-scale/-/recharts-scale-0.4.5.tgz 0ms (cache hit)
285 http cache reflect.getprototypeof@https://registry.npmjs.org/reflect.getprototypeof/-/reflect.getprototypeof-1.0.10.tgz 0ms (cache hit)
286 http cache recursive-readdir@https://registry.npmjs.org/recursive-readdir/-/recursive-readdir-2.2.3.tgz 0ms (cache hit)
287 http cache readdirp@https://registry.npmjs.org/readdirp/-/readdirp-3.6.0.tgz 0ms (cache hit)
288 http cache react-transition-group@https://registry.npmjs.org/react-transition-group/-/react-transition-group-4.4.5.tgz 0ms (cache hit)
289 http cache read-cache@https://registry.npmjs.org/read-cache/-/read-cache-1.0.0.tgz 0ms (cache hit)
290 http cache react-smooth@https://registry.npmjs.org/react-smooth/-/react-smooth-4.0.4.tgz 0ms (cache hit)
291 http cache readable-stream@https://registry.npmjs.org/readable-stream/-/readable-stream-3.6.2.tgz 0ms (cache hit)
292 http cache react-scripts@https://registry.npmjs.org/react-scripts/-/react-scripts-5.0.1.tgz 0ms (cache hit)
293 http cache react-to-print@https://registry.npmjs.org/react-to-print/-/react-to-print-3.1.0.tgz 0ms (cache hit)
294 http cache recharts@https://registry.npmjs.org/recharts/-/recharts-2.15.1.tgz 0ms (cache hit)
295 http cache react-router@https://registry.npmjs.org/react-router/-/react-router-7.2.0.tgz 0ms (cache hit)
296 http cache react-refresh@https://registry.npmjs.org/react-refresh/-/react-refresh-0.11.0.tgz 0ms (cache hit)
297 http cache react-router-dom@https://registry.npmjs.org/react-router-dom/-/react-router-dom-7.2.0.tgz 0ms (cache hit)
298 http cache react-icons@https://registry.npmjs.org/react-icons/-/react-icons-5.5.0.tgz 0ms (cache hit)
299 http cache react-is@https://registry.npmjs.org/react-is/-/react-is-16.13.1.tgz 0ms (cache hit)
300 http cache react-dom@https://registry.npmjs.org/react-dom/-/react-dom-19.0.0.tgz 0ms (cache hit)
301 http cache react-responsive@https://registry.npmjs.org/react-responsive/-/react-responsive-10.0.1.tgz 0ms (cache hit)
302 http cache react-error-overlay@https://registry.npmjs.org/react-error-overlay/-/react-error-overlay-6.1.0.tgz 0ms (cache hit)
303 http cache react-datepicker@https://registry.npmjs.org/react-datepicker/-/react-datepicker-8.2.1.tgz 0ms (cache hit)
304 http cache react-app-rewired@https://registry.npmjs.org/react-app-rewired/-/react-app-rewired-2.2.1.tgz 0ms (cache hit)
305 http cache react-dev-utils@https://registry.npmjs.org/react-dev-utils/-/react-dev-utils-12.0.1.tgz 0ms (cache hit)
306 http cache react-app-polyfill@https://registry.npmjs.org/react-app-polyfill/-/react-app-polyfill-3.0.0.tgz 0ms (cache hit)
307 http cache range-parser@https://registry.npmjs.org/range-parser/-/range-parser-1.2.1.tgz 0ms (cache hit)
308 http cache react@https://registry.npmjs.org/react/-/react-19.0.0.tgz 0ms (cache hit)
309 http cache randombytes@https://registry.npmjs.org/randombytes/-/randombytes-2.1.0.tgz 0ms (cache hit)
310 http cache raw-body@https://registry.npmjs.org/raw-body/-/raw-body-2.5.2.tgz 0ms (cache hit)
311 http cache q@https://registry.npmjs.org/q/-/q-1.5.1.tgz 0ms (cache hit)
312 http cache queue-microtask@https://registry.npmjs.org/queue-microtask/-/queue-microtask-1.2.3.tgz 0ms (cache hit)
313 http cache pump@https://registry.npmjs.org/pump/-/pump-3.0.2.tgz 0ms (cache hit)
314 http cache qs@https://registry.npmjs.org/qs/-/qs-6.13.0.tgz 0ms (cache hit)
315 http cache querystringify@https://registry.npmjs.org/querystringify/-/querystringify-2.2.0.tgz 0ms (cache hit)
316 http cache raf@https://registry.npmjs.org/raf/-/raf-3.4.1.tgz 0ms (cache hit)
317 http cache punycode@https://registry.npmjs.org/punycode/-/punycode-2.3.1.tgz 0ms (cache hit)
318 http cache proxy-from-env@https://registry.npmjs.org/proxy-from-env/-/proxy-from-env-1.1.0.tgz 0ms (cache hit)
319 http cache proxy-addr@https://registry.npmjs.org/proxy-addr/-/proxy-addr-2.0.7.tgz 0ms (cache hit)
320 http cache psl@https://registry.npmjs.org/psl/-/psl-1.15.0.tgz 0ms (cache hit)
321 http cache protobufjs@https://registry.npmjs.org/protobufjs/-/protobufjs-7.4.0.tgz 0ms (cache hit)
322 http cache prompts@https://registry.npmjs.org/prompts/-/prompts-2.4.2.tgz 0ms (cache hit)
323 http cache prop-types@https://registry.npmjs.org/prop-types/-/prop-types-15.8.1.tgz 0ms (cache hit)
324 http cache process@https://registry.npmjs.org/process/-/process-0.11.10.tgz 0ms (cache hit)
325 http cache pretty-error@https://registry.npmjs.org/pretty-error/-/pretty-error-4.0.0.tgz 0ms (cache hit)
326 http cache promise@https://registry.npmjs.org/promise/-/promise-8.3.0.tgz 0ms (cache hit)
327 http cache process-nextick-args@https://registry.npmjs.org/process-nextick-args/-/process-nextick-args-2.0.1.tgz 0ms (cache hit)
328 http cache pretty-format@https://registry.npmjs.org/pretty-format/-/pretty-format-27.5.1.tgz 0ms (cache hit)
329 http cache prelude-ls@https://registry.npmjs.org/prelude-ls/-/prelude-ls-1.2.1.tgz 0ms (cache hit)
330 http cache pretty-bytes@https://registry.npmjs.org/pretty-bytes/-/pretty-bytes-5.6.0.tgz 0ms (cache hit)
331 http cache postcss-value-parser@https://registry.npmjs.org/postcss-value-parser/-/postcss-value-parser-4.2.0.tgz 0ms (cache hit)
332 http cache postcss-svgo@https://registry.npmjs.org/postcss-svgo/-/postcss-svgo-5.1.0.tgz 0ms (cache hit)
333 http cache postcss-unique-selectors@https://registry.npmjs.org/postcss-unique-selectors/-/postcss-unique-selectors-5.1.1.tgz 0ms (cache hit)
334 http cache postcss-selector-not@https://registry.npmjs.org/postcss-selector-not/-/postcss-selector-not-6.0.1.tgz 0ms (cache hit)
335 http cache postcss-replace-overflow-wrap@https://registry.npmjs.org/postcss-replace-overflow-wrap/-/postcss-replace-overflow-wrap-4.0.0.tgz 0ms (cache hit)
336 http cache postcss-reduce-transforms@https://registry.npmjs.org/postcss-reduce-transforms/-/postcss-reduce-transforms-5.1.0.tgz 0ms (cache hit)
337 http cache postcss-selector-parser@https://registry.npmjs.org/postcss-selector-parser/-/postcss-selector-parser-6.1.2.tgz 0ms (cache hit)
338 http cache postcss-pseudo-class-any-link@https://registry.npmjs.org/postcss-pseudo-class-any-link/-/postcss-pseudo-class-any-link-7.1.6.tgz 0ms (cache hit)
339 http cache postcss-reduce-initial@https://registry.npmjs.org/postcss-reduce-initial/-/postcss-reduce-initial-5.1.2.tgz 0ms (cache hit)
340 http cache postcss-preset-env@https://registry.npmjs.org/postcss-preset-env/-/postcss-preset-env-7.8.3.tgz 0ms (cache hit)
341 http cache postcss-place@https://registry.npmjs.org/postcss-place/-/postcss-place-7.0.5.tgz 0ms (cache hit)
342 http cache postcss-opacity-percentage@https://registry.npmjs.org/postcss-opacity-percentage/-/postcss-opacity-percentage-1.1.3.tgz 0ms (cache hit)
343 http cache postcss-page-break@https://registry.npmjs.org/postcss-page-break/-/postcss-page-break-3.0.4.tgz 0ms (cache hit)
344 http cache postcss-ordered-values@https://registry.npmjs.org/postcss-ordered-values/-/postcss-ordered-values-5.1.3.tgz 0ms (cache hit)
345 http cache postcss-overflow-shorthand@https://registry.npmjs.org/postcss-overflow-shorthand/-/postcss-overflow-shorthand-3.0.4.tgz 0ms (cache hit)
346 http cache postcss-normalize-url@https://registry.npmjs.org/postcss-normalize-url/-/postcss-normalize-url-5.1.0.tgz 0ms (cache hit)
347 http cache postcss-normalize-whitespace@https://registry.npmjs.org/postcss-normalize-whitespace/-/postcss-normalize-whitespace-5.1.1.tgz 0ms (cache hit)
348 http cache postcss-normalize-string@https://registry.npmjs.org/postcss-normalize-string/-/postcss-normalize-string-5.1.0.tgz 0ms (cache hit)
349 http cache postcss-normalize-timing-functions@https://registry.npmjs.org/postcss-normalize-timing-functions/-/postcss-normalize-timing-functions-5.1.0.tgz 0ms (cache hit)
350 http cache postcss-normalize-repeat-style@https://registry.npmjs.org/postcss-normalize-repeat-style/-/postcss-normalize-repeat-style-5.1.1.tgz 0ms (cache hit)
351 http cache postcss-normalize-display-values@https://registry.npmjs.org/postcss-normalize-display-values/-/postcss-normalize-display-values-5.1.0.tgz 0ms (cache hit)
352 http cache postcss-normalize@https://registry.npmjs.org/postcss-normalize/-/postcss-normalize-10.0.1.tgz 0ms (cache hit)
353 http cache postcss-nesting@https://registry.npmjs.org/postcss-nesting/-/postcss-nesting-10.2.0.tgz 0ms (cache hit)
354 http cache postcss-normalize-unicode@https://registry.npmjs.org/postcss-normalize-unicode/-/postcss-normalize-unicode-5.1.1.tgz 0ms (cache hit)
355 http cache postcss-normalize-positions@https://registry.npmjs.org/postcss-normalize-positions/-/postcss-normalize-positions-5.1.1.tgz 0ms (cache hit)
356 http cache postcss-nested@https://registry.npmjs.org/postcss-nested/-/postcss-nested-6.2.0.tgz 0ms (cache hit)
357 http cache postcss-normalize-charset@https://registry.npmjs.org/postcss-normalize-charset/-/postcss-normalize-charset-5.1.0.tgz 0ms (cache hit)
358 http cache postcss-modules-local-by-default@https://registry.npmjs.org/postcss-modules-local-by-default/-/postcss-modules-local-by-default-4.2.0.tgz 0ms (cache hit)
359 http cache postcss-modules-extract-imports@https://registry.npmjs.org/postcss-modules-extract-imports/-/postcss-modules-extract-imports-3.1.0.tgz 0ms (cache hit)
360 http cache postcss-modules-scope@https://registry.npmjs.org/postcss-modules-scope/-/postcss-modules-scope-3.2.1.tgz 0ms (cache hit)
361 http cache postcss-minify-params@https://registry.npmjs.org/postcss-minify-params/-/postcss-minify-params-5.1.4.tgz 0ms (cache hit)
362 http cache postcss-modules-values@https://registry.npmjs.org/postcss-modules-values/-/postcss-modules-values-4.0.0.tgz 0ms (cache hit)
363 http cache postcss-minify-selectors@https://registry.npmjs.org/postcss-minify-selectors/-/postcss-minify-selectors-5.2.1.tgz 0ms (cache hit)
364 http cache postcss-merge-rules@https://registry.npmjs.org/postcss-merge-rules/-/postcss-merge-rules-5.1.4.tgz 0ms (cache hit)
365 http cache postcss-media-minmax@https://registry.npmjs.org/postcss-media-minmax/-/postcss-media-minmax-5.0.0.tgz 0ms (cache hit)
366 http cache postcss-minify-font-values@https://registry.npmjs.org/postcss-minify-font-values/-/postcss-minify-font-values-5.1.0.tgz 0ms (cache hit)
367 http cache postcss-minify-gradients@https://registry.npmjs.org/postcss-minify-gradients/-/postcss-minify-gradients-5.1.1.tgz 0ms (cache hit)
368 http cache postcss-merge-longhand@https://registry.npmjs.org/postcss-merge-longhand/-/postcss-merge-longhand-5.1.7.tgz 0ms (cache hit)
369 http cache postcss-logical@https://registry.npmjs.org/postcss-logical/-/postcss-logical-5.0.4.tgz 0ms (cache hit)
370 http cache postcss-loader@https://registry.npmjs.org/postcss-loader/-/postcss-loader-6.2.1.tgz 0ms (cache hit)
371 http cache postcss-lab-function@https://registry.npmjs.org/postcss-lab-function/-/postcss-lab-function-4.2.1.tgz 0ms (cache hit)
372 http cache postcss-initial@https://registry.npmjs.org/postcss-initial/-/postcss-initial-4.0.1.tgz 0ms (cache hit)
373 http cache postcss-js@https://registry.npmjs.org/postcss-js/-/postcss-js-4.0.1.tgz 0ms (cache hit)
374 http cache postcss-load-config@https://registry.npmjs.org/postcss-load-config/-/postcss-load-config-4.0.2.tgz 0ms (cache hit)
375 http cache postcss-image-set-function@https://registry.npmjs.org/postcss-image-set-function/-/postcss-image-set-function-4.0.7.tgz 0ms (cache hit)
376 http cache postcss-import@https://registry.npmjs.org/postcss-import/-/postcss-import-15.1.0.tgz 0ms (cache hit)
377 http cache postcss-font-variant@https://registry.npmjs.org/postcss-font-variant/-/postcss-font-variant-5.0.0.tgz 0ms (cache hit)
378 http cache postcss-gap-properties@https://registry.npmjs.org/postcss-gap-properties/-/postcss-gap-properties-3.0.5.tgz 0ms (cache hit)
379 http cache postcss-flexbugs-fixes@https://registry.npmjs.org/postcss-flexbugs-fixes/-/postcss-flexbugs-fixes-5.0.2.tgz 0ms (cache hit)
380 http cache postcss-double-position-gradients@https://registry.npmjs.org/postcss-double-position-gradients/-/postcss-double-position-gradients-3.1.2.tgz 0ms (cache hit)
381 http cache postcss-env-function@https://registry.npmjs.org/postcss-env-function/-/postcss-env-function-4.0.6.tgz 0ms (cache hit)
382 http cache postcss-focus-within@https://registry.npmjs.org/postcss-focus-within/-/postcss-focus-within-5.0.4.tgz 0ms (cache hit)
383 http cache postcss-discard-overridden@https://registry.npmjs.org/postcss-discard-overridden/-/postcss-discard-overridden-5.1.0.tgz 0ms (cache hit)
384 http cache postcss-discard-empty@https://registry.npmjs.org/postcss-discard-empty/-/postcss-discard-empty-5.1.1.tgz 0ms (cache hit)
385 http cache postcss-focus-visible@https://registry.npmjs.org/postcss-focus-visible/-/postcss-focus-visible-6.0.4.tgz 0ms (cache hit)
386 http cache postcss-dir-pseudo-class@https://registry.npmjs.org/postcss-dir-pseudo-class/-/postcss-dir-pseudo-class-6.0.5.tgz 0ms (cache hit)
387 http cache postcss-discard-comments@https://registry.npmjs.org/postcss-discard-comments/-/postcss-discard-comments-5.1.2.tgz 0ms (cache hit)
388 http cache postcss-custom-properties@https://registry.npmjs.org/postcss-custom-properties/-/postcss-custom-properties-12.1.11.tgz 0ms (cache hit)
389 http cache postcss-custom-media@https://registry.npmjs.org/postcss-custom-media/-/postcss-custom-media-8.0.2.tgz 0ms (cache hit)
390 http cache postcss-convert-values@https://registry.npmjs.org/postcss-convert-values/-/postcss-convert-values-5.1.3.tgz 0ms (cache hit)
391 http cache postcss-colormin@https://registry.npmjs.org/postcss-colormin/-/postcss-colormin-5.3.1.tgz 0ms (cache hit)
392 http cache postcss-custom-selectors@https://registry.npmjs.org/postcss-custom-selectors/-/postcss-custom-selectors-6.0.3.tgz 0ms (cache hit)
393 http cache postcss-color-rebeccapurple@https://registry.npmjs.org/postcss-color-rebeccapurple/-/postcss-color-rebeccapurple-7.1.1.tgz 0ms (cache hit)
394 http cache postcss-discard-duplicates@https://registry.npmjs.org/postcss-discard-duplicates/-/postcss-discard-duplicates-5.1.0.tgz 0ms (cache hit)
395 http cache postcss-color-hex-alpha@https://registry.npmjs.org/postcss-color-hex-alpha/-/postcss-color-hex-alpha-8.0.4.tgz 0ms (cache hit)
396 http cache postcss-clamp@https://registry.npmjs.org/postcss-clamp/-/postcss-clamp-4.1.0.tgz 0ms (cache hit)
397 http cache postcss-calc@https://registry.npmjs.org/postcss-calc/-/postcss-calc-8.2.4.tgz 0ms (cache hit)
398 http cache postcss-browser-comments@https://registry.npmjs.org/postcss-browser-comments/-/postcss-browser-comments-4.0.0.tgz 0ms (cache hit)
399 http cache postcss-attribute-case-insensitive@https://registry.npmjs.org/postcss-attribute-case-insensitive/-/postcss-attribute-case-insensitive-5.0.2.tgz 0ms (cache hit)
400 http cache postcss-color-functional-notation@https://registry.npmjs.org/postcss-color-functional-notation/-/postcss-color-functional-notation-4.2.4.tgz 0ms (cache hit)
401 http cache postcss@https://registry.npmjs.org/postcss/-/postcss-8.5.3.tgz 0ms (cache hit)
402 http cache possible-typed-array-names@https://registry.npmjs.org/possible-typed-array-names/-/possible-typed-array-names-1.1.0.tgz 0ms (cache hit)
403 http cache pirates@https://registry.npmjs.org/pirates/-/pirates-4.0.6.tgz 0ms (cache hit)
404 http cache pkg-up@https://registry.npmjs.org/pkg-up/-/pkg-up-3.1.0.tgz 0ms (cache hit)
405 http cache picomatch@https://registry.npmjs.org/picomatch/-/picomatch-2.3.1.tgz 0ms (cache hit)
406 http cache pify@https://registry.npmjs.org/pify/-/pify-2.3.0.tgz 0ms (cache hit)
407 http cache pkg-dir@https://registry.npmjs.org/pkg-dir/-/pkg-dir-4.2.0.tgz 0ms (cache hit)
408 http cache performance-now@https://registry.npmjs.org/performance-now/-/performance-now-2.1.0.tgz 0ms (cache hit)
409 http cache pend@https://registry.npmjs.org/pend/-/pend-1.2.0.tgz 0ms (cache hit)
410 http cache picocolors@https://registry.npmjs.org/picocolors/-/picocolors-1.1.1.tgz 0ms (cache hit)
411 http cache path-type@https://registry.npmjs.org/path-type/-/path-type-4.0.0.tgz 0ms (cache hit)
412 http cache path-scurry@https://registry.npmjs.org/path-scurry/-/path-scurry-1.11.1.tgz 0ms (cache hit)
413 http cache path-parse@https://registry.npmjs.org/path-parse/-/path-parse-1.0.7.tgz 0ms (cache hit)
414 http cache path-to-regexp@https://registry.npmjs.org/path-to-regexp/-/path-to-regexp-0.1.12.tgz 0ms (cache hit)
415 http cache path-key@https://registry.npmjs.org/path-key/-/path-key-3.1.1.tgz 0ms (cache hit)
416 http cache path-is-absolute@https://registry.npmjs.org/path-is-absolute/-/path-is-absolute-1.0.1.tgz 0ms (cache hit)
417 http cache path-exists@https://registry.npmjs.org/path-exists/-/path-exists-3.0.0.tgz 0ms (cache hit)
418 http cache parse5@https://registry.npmjs.org/parse5/-/parse5-6.0.1.tgz 0ms (cache hit)
419 http cache parseurl@https://registry.npmjs.org/parseurl/-/parseurl-1.3.3.tgz 0ms (cache hit)
420 http cache param-case@https://registry.npmjs.org/param-case/-/param-case-3.0.4.tgz 0ms (cache hit)
421 http cache pascal-case@https://registry.npmjs.org/pascal-case/-/pascal-case-3.1.2.tgz 0ms (cache hit)
422 http cache pako@https://registry.npmjs.org/pako/-/pako-2.1.0.tgz 0ms (cache hit)
423 http cache parse-json@https://registry.npmjs.org/parse-json/-/parse-json-5.2.0.tgz 0ms (cache hit)
424 http cache parent-module@https://registry.npmjs.org/parent-module/-/parent-module-1.0.1.tgz 0ms (cache hit)
425 http cache p-try@https://registry.npmjs.org/p-try/-/p-try-2.2.0.tgz 0ms (cache hit)
426 http cache p-retry@https://registry.npmjs.org/p-retry/-/p-retry-4.6.2.tgz 0ms (cache hit)
427 http cache p-locate@https://registry.npmjs.org/p-locate/-/p-locate-3.0.0.tgz 0ms (cache hit)
428 http cache package-json-from-dist@https://registry.npmjs.org/package-json-from-dist/-/package-json-from-dist-1.0.1.tgz 0ms (cache hit)
429 http cache p-map@https://registry.npmjs.org/p-map/-/p-map-4.0.0.tgz 0ms (cache hit)
430 http cache p-limit@https://registry.npmjs.org/p-limit/-/p-limit-2.3.0.tgz 0ms (cache hit)
431 http cache own-keys@https://registry.npmjs.org/own-keys/-/own-keys-1.0.1.tgz 0ms (cache hit)
432 http cache open@https://registry.npmjs.org/open/-/open-8.4.2.tgz 0ms (cache hit)
433 http cache onetime@https://registry.npmjs.org/onetime/-/onetime-5.1.2.tgz 0ms (cache hit)
434 http cache optionator@https://registry.npmjs.org/optionator/-/optionator-0.9.4.tgz 0ms (cache hit)
435 http cache ospath@https://registry.npmjs.org/ospath/-/ospath-1.2.2.tgz 0ms (cache hit)
436 http cache on-headers@https://registry.npmjs.org/on-headers/-/on-headers-1.0.2.tgz 0ms (cache hit)
437 http cache once@https://registry.npmjs.org/once/-/once-1.4.0.tgz 0ms (cache hit)
438 http cache obuf@https://registry.npmjs.org/obuf/-/obuf-1.1.2.tgz 0ms (cache hit)
439 http cache object.values@https://registry.npmjs.org/object.values/-/object.values-1.2.1.tgz 0ms (cache hit)
440 http cache object.fromentries@https://registry.npmjs.org/object.fromentries/-/object.fromentries-2.0.8.tgz 0ms (cache hit)
441 http cache on-finished@https://registry.npmjs.org/on-finished/-/on-finished-2.4.1.tgz 0ms (cache hit)
442 http cache object.getownpropertydescriptors@https://registry.npmjs.org/object.getownpropertydescriptors/-/object.getownpropertydescriptors-2.1.8.tgz 0ms (cache hit)
443 http cache object.entries@https://registry.npmjs.org/object.entries/-/object.entries-1.1.8.tgz 0ms (cache hit)
444 http cache object.assign@https://registry.npmjs.org/object.assign/-/object.assign-4.1.7.tgz 0ms (cache hit)
445 http cache object.groupby@https://registry.npmjs.org/object.groupby/-/object.groupby-1.0.3.tgz 0ms (cache hit)
446 http cache object-keys@https://registry.npmjs.org/object-keys/-/object-keys-1.1.1.tgz 0ms (cache hit)
447 http cache object-inspect@https://registry.npmjs.org/object-inspect/-/object-inspect-1.13.4.tgz 0ms (cache hit)
448 http cache object-assign@https://registry.npmjs.org/object-assign/-/object-assign-4.1.1.tgz 0ms (cache hit)
449 http cache nth-check@https://registry.npmjs.org/nth-check/-/nth-check-2.1.1.tgz 0ms (cache hit)
450 http cache npm-run-path@https://registry.npmjs.org/npm-run-path/-/npm-run-path-4.0.1.tgz 0ms (cache hit)
451 http cache normalize.css@https://registry.npmjs.org/normalize.css/-/normalize.css-8.0.1.tgz 0ms (cache hit)
452 http cache normalize-url@https://registry.npmjs.org/normalize-url/-/normalize-url-6.1.0.tgz 0ms (cache hit)
453 http cache nwsapi@https://registry.npmjs.org/nwsapi/-/nwsapi-2.2.18.tgz 0ms (cache hit)
454 http cache object-hash@https://registry.npmjs.org/object-hash/-/object-hash-3.0.0.tgz 0ms (cache hit)
455 http cache normalize-range@https://registry.npmjs.org/normalize-range/-/normalize-range-0.1.2.tgz 0ms (cache hit)
456 http cache node-releases@https://registry.npmjs.org/node-releases/-/node-releases-2.0.19.tgz 0ms (cache hit)
457 http cache node-int64@https://registry.npmjs.org/node-int64/-/node-int64-0.4.0.tgz 0ms (cache hit)
458 http cache no-case@https://registry.npmjs.org/no-case/-/no-case-3.0.4.tgz 0ms (cache hit)
459 http cache node-addon-api@https://registry.npmjs.org/node-addon-api/-/node-addon-api-7.1.1.tgz 0ms (cache hit)
460 http cache node-forge@https://registry.npmjs.org/node-forge/-/node-forge-1.3.1.tgz 0ms (cache hit)
461 http cache negotiator@https://registry.npmjs.org/negotiator/-/negotiator-0.6.4.tgz 0ms (cache hit)
462 http cache normalize-path@https://registry.npmjs.org/normalize-path/-/normalize-path-3.0.0.tgz 0ms (cache hit)
463 http cache neo-async@https://registry.npmjs.org/neo-async/-/neo-async-2.6.2.tgz 0ms (cache hit)
464 http cache natural-compare@https://registry.npmjs.org/natural-compare/-/natural-compare-1.4.0.tgz 0ms (cache hit)
465 http cache natural-compare-lite@https://registry.npmjs.org/natural-compare-lite/-/natural-compare-lite-1.4.0.tgz 0ms (cache hit)
466 http cache ms@https://registry.npmjs.org/ms/-/ms-2.1.3.tgz 0ms (cache hit)
467 http cache multicast-dns@https://registry.npmjs.org/multicast-dns/-/multicast-dns-7.2.5.tgz 0ms (cache hit)
468 http cache motion-dom@https://registry.npmjs.org/motion-dom/-/motion-dom-12.6.3.tgz 0ms (cache hit)
469 http cache nanoid@https://registry.npmjs.org/nanoid/-/nanoid-3.3.8.tgz 0ms (cache hit)
470 http cache moment@https://registry.npmjs.org/moment/-/moment-2.30.1.tgz 0ms (cache hit)
471 http cache motion-utils@https://registry.npmjs.org/motion-utils/-/motion-utils-12.6.3.tgz 0ms (cache hit)
472 http cache minipass@https://registry.npmjs.org/minipass/-/minipass-4.2.8.tgz 0ms (cache hit)
473 http cache minimatch@https://registry.npmjs.org/minimatch/-/minimatch-8.0.4.tgz 0ms (cache hit)
474 http cache mz@https://registry.npmjs.org/mz/-/mz-2.7.0.tgz 0ms (cache hit)
475 http cache mkdirp@https://registry.npmjs.org/mkdirp/-/mkdirp-0.5.6.tgz 0ms (cache hit)
476 http cache minimalistic-assert@https://registry.npmjs.org/minimalistic-assert/-/minimalistic-assert-1.0.1.tgz 0ms (cache hit)
477 http cache minimist@https://registry.npmjs.org/minimist/-/minimist-1.2.8.tgz 0ms (cache hit)
478 http cache mini-css-extract-plugin@https://registry.npmjs.org/mini-css-extract-plugin/-/mini-css-extract-plugin-2.9.2.tgz 0ms (cache hit)
479 http cache mime-db@https://registry.npmjs.org/mime-db/-/mime-db-1.52.0.tgz 0ms (cache hit)
480 http cache mimic-fn@https://registry.npmjs.org/mimic-fn/-/mimic-fn-2.1.0.tgz 0ms (cache hit)
481 http cache mime@https://registry.npmjs.org/mime/-/mime-1.6.0.tgz 0ms (cache hit)
482 http cache mime-types@https://registry.npmjs.org/mime-types/-/mime-types-2.1.35.tgz 0ms (cache hit)
483 http cache micromatch@https://registry.npmjs.org/micromatch/-/micromatch-4.0.8.tgz 0ms (cache hit)
484 http cache methods@https://registry.npmjs.org/methods/-/methods-1.1.2.tgz 0ms (cache hit)
485 http cache merge2@https://registry.npmjs.org/merge2/-/merge2-1.4.1.tgz 0ms (cache hit)
486 http cache merge-stream@https://registry.npmjs.org/merge-stream/-/merge-stream-2.0.0.tgz 0ms (cache hit)
487 http cache memfs@https://registry.npmjs.org/memfs/-/memfs-3.5.3.tgz 0ms (cache hit)
488 http cache media-typer@https://registry.npmjs.org/media-typer/-/media-typer-0.3.0.tgz 0ms (cache hit)
489 http cache merge-descriptors@https://registry.npmjs.org/merge-descriptors/-/merge-descriptors-1.0.3.tgz 0ms (cache hit)
490 http cache mdn-data@https://registry.npmjs.org/mdn-data/-/mdn-data-2.0.4.tgz 0ms (cache hit)
491 http cache matchmediaquery@https://registry.npmjs.org/matchmediaquery/-/matchmediaquery-0.4.2.tgz 0ms (cache hit)
492 http cache makeerror@https://registry.npmjs.org/makeerror/-/makeerror-1.0.12.tgz 0ms (cache hit)
493 http cache magic-string@https://registry.npmjs.org/magic-string/-/magic-string-0.25.9.tgz 0ms (cache hit)
494 http cache make-dir@https://registry.npmjs.org/make-dir/-/make-dir-3.1.0.tgz 0ms (cache hit)
495 http cache lower-case@https://registry.npmjs.org/lower-case/-/lower-case-2.0.2.tgz 0ms (cache hit)
496 http cache lru-cache@https://registry.npmjs.org/lru-cache/-/lru-cache-10.4.3.tgz 0ms (cache hit)
497 http cache math-intrinsics@https://registry.npmjs.org/math-intrinsics/-/math-intrinsics-1.1.0.tgz 0ms (cache hit)
498 http cache long@https://registry.npmjs.org/long/-/long-5.3.1.tgz 0ms (cache hit)
499 http cache loose-envify@https://registry.npmjs.org/loose-envify/-/loose-envify-1.4.0.tgz 0ms (cache hit)
500 http cache log-update@https://registry.npmjs.org/log-update/-/log-update-4.0.0.tgz 0ms (cache hit)
501 http cache log-symbols@https://registry.npmjs.org/log-symbols/-/log-symbols-4.1.0.tgz 0ms (cache hit)
502 http cache lodash.sortby@https://registry.npmjs.org/lodash.sortby/-/lodash.sortby-4.7.0.tgz 0ms (cache hit)
503 http cache lodash.uniq@https://registry.npmjs.org/lodash.uniq/-/lodash.uniq-4.5.0.tgz 0ms (cache hit)
504 http cache lodash.throttle@https://registry.npmjs.org/lodash.throttle/-/lodash.throttle-4.1.1.tgz 0ms (cache hit)
505 http cache lodash.once@https://registry.npmjs.org/lodash.once/-/lodash.once-4.1.1.tgz 0ms (cache hit)
506 http cache lodash.merge@https://registry.npmjs.org/lodash.merge/-/lodash.merge-4.6.2.tgz 0ms (cache hit)
507 http cache lodash.memoize@https://registry.npmjs.org/lodash.memoize/-/lodash.memoize-4.1.2.tgz 0ms (cache hit)
508 http cache lodash.debounce@https://registry.npmjs.org/lodash.debounce/-/lodash.debounce-4.0.8.tgz 0ms (cache hit)
509 http cache lodash.flow@https://registry.npmjs.org/lodash.flow/-/lodash.flow-3.5.0.tgz 0ms (cache hit)
510 http cache lodash@https://registry.npmjs.org/lodash/-/lodash-4.17.21.tgz 0ms (cache hit)
511 http cache locate-path@https://registry.npmjs.org/locate-path/-/locate-path-3.0.0.tgz 0ms (cache hit)
512 http cache loader-utils@https://registry.npmjs.org/loader-utils/-/loader-utils-2.0.4.tgz 0ms (cache hit)
513 http cache listr2@https://registry.npmjs.org/listr2/-/listr2-3.14.0.tgz 0ms (cache hit)
514 http cache loader-runner@https://registry.npmjs.org/loader-runner/-/loader-runner-4.3.0.tgz 0ms (cache hit)
515 http cache leven@https://registry.npmjs.org/leven/-/leven-3.1.0.tgz 0ms (cache hit)
516 http cache levn@https://registry.npmjs.org/levn/-/levn-0.4.1.tgz 0ms (cache hit)
517 http cache launch-editor@https://registry.npmjs.org/launch-editor/-/launch-editor-2.10.0.tgz 0ms (cache hit)
518 http cache lazy-ass@https://registry.npmjs.org/lazy-ass/-/lazy-ass-1.6.0.tgz 0ms (cache hit)
519 http cache lines-and-columns@https://registry.npmjs.org/lines-and-columns/-/lines-and-columns-1.2.4.tgz 0ms (cache hit)
520 http cache lilconfig@https://registry.npmjs.org/lilconfig/-/lilconfig-2.1.0.tgz 0ms (cache hit)
521 http cache language-tags@https://registry.npmjs.org/language-tags/-/language-tags-1.0.9.tgz 0ms (cache hit)
522 http cache lodash.camelcase@https://registry.npmjs.org/lodash.camelcase/-/lodash.camelcase-4.3.0.tgz 0ms (cache hit)
523 http cache language-subtag-registry@https://registry.npmjs.org/language-subtag-registry/-/language-subtag-registry-0.3.23.tgz 0ms (cache hit)
524 http cache kind-of@https://registry.npmjs.org/kind-of/-/kind-of-6.0.3.tgz 0ms (cache hit)
525 http cache klona@https://registry.npmjs.org/klona/-/klona-2.0.6.tgz 0ms (cache hit)
526 http cache kleur@https://registry.npmjs.org/kleur/-/kleur-3.0.3.tgz 0ms (cache hit)
527 http cache jsx-ast-utils@https://registry.npmjs.org/jsx-ast-utils/-/jsx-ast-utils-3.3.5.tgz 0ms (cache hit)
528 http cache keyv@https://registry.npmjs.org/keyv/-/keyv-4.5.4.tgz 0ms (cache hit)
529 http cache jsprim@https://registry.npmjs.org/jsprim/-/jsprim-2.0.2.tgz 0ms (cache hit)
530 http cache jsonfile@https://registry.npmjs.org/jsonfile/-/jsonfile-6.1.0.tgz 0ms (cache hit)
531 http cache jsonpath@https://registry.npmjs.org/jsonpath/-/jsonpath-1.1.1.tgz 0ms (cache hit)
532 http cache jsonpointer@https://registry.npmjs.org/jsonpointer/-/jsonpointer-5.0.1.tgz 0ms (cache hit)
533 http cache jspdf@https://registry.npmjs.org/jspdf/-/jspdf-4.2.0.tgz 0ms (cache hit)
534 http cache json5@https://registry.npmjs.org/json5/-/json5-2.2.3.tgz 0ms (cache hit)
535 http cache json-stringify-safe@https://registry.npmjs.org/json-stringify-safe/-/json-stringify-safe-5.0.1.tgz 0ms (cache hit)
536 http cache json-stable-stringify-without-jsonify@https://registry.npmjs.org/json-stable-stringify-without-jsonify/-/json-stable-stringify-without-jsonify-1.0.1.tgz 0ms (cache hit)
537 http cache json-buffer@https://registry.npmjs.org/json-buffer/-/json-buffer-3.0.1.tgz 0ms (cache hit)
538 http cache json-schema@https://registry.npmjs.org/json-schema/-/json-schema-0.4.0.tgz 0ms (cache hit)
539 http cache json-schema-traverse@https://registry.npmjs.org/json-schema-traverse/-/json-schema-traverse-0.4.1.tgz 0ms (cache hit)
540 http cache jsdom@https://registry.npmjs.org/jsdom/-/jsdom-16.7.0.tgz 0ms (cache hit)
541 http cache jsesc@https://registry.npmjs.org/jsesc/-/jsesc-3.1.0.tgz 0ms (cache hit)
542 http cache jiti@https://registry.npmjs.org/jiti/-/jiti-1.21.7.tgz 0ms (cache hit)
543 http cache js-tokens@https://registry.npmjs.org/js-tokens/-/js-tokens-4.0.0.tgz 0ms (cache hit)
544 http cache js-yaml@https://registry.npmjs.org/js-yaml/-/js-yaml-3.14.1.tgz 0ms (cache hit)
545 http cache jsbn@https://registry.npmjs.org/jsbn/-/jsbn-0.1.1.tgz 0ms (cache hit)
546 http cache jest-worker@https://registry.npmjs.org/jest-worker/-/jest-worker-27.5.1.tgz 0ms (cache hit)
547 http cache json-parse-even-better-errors@https://registry.npmjs.org/json-parse-even-better-errors/-/json-parse-even-better-errors-2.3.1.tgz 0ms (cache hit)
548 http cache jest-watch-typeahead@https://registry.npmjs.org/jest-watch-typeahead/-/jest-watch-typeahead-1.1.0.tgz 0ms (cache hit)
549 http cache jest-validate@https://registry.npmjs.org/jest-validate/-/jest-validate-27.5.1.tgz 0ms (cache hit)
550 http cache jest-util@https://registry.npmjs.org/jest-util/-/jest-util-27.5.1.tgz 0ms (cache hit)
551 http cache jest-watcher@https://registry.npmjs.org/jest-watcher/-/jest-watcher-27.5.1.tgz 0ms (cache hit)
552 http cache jest-serializer@https://registry.npmjs.org/jest-serializer/-/jest-serializer-27.5.1.tgz 0ms (cache hit)
553 http cache jest-snapshot@https://registry.npmjs.org/jest-snapshot/-/jest-snapshot-27.5.1.tgz 0ms (cache hit)
554 http cache jest-runtime@https://registry.npmjs.org/jest-runtime/-/jest-runtime-27.5.1.tgz 0ms (cache hit)
555 http cache jest-resolve@https://registry.npmjs.org/jest-resolve/-/jest-resolve-27.5.1.tgz 0ms (cache hit)
556 http cache jest-runner@https://registry.npmjs.org/jest-runner/-/jest-runner-27.5.1.tgz 0ms (cache hit)
557 http cache jest-resolve-dependencies@https://registry.npmjs.org/jest-resolve-dependencies/-/jest-resolve-dependencies-27.5.1.tgz 0ms (cache hit)
558 http cache jest-pnp-resolver@https://registry.npmjs.org/jest-pnp-resolver/-/jest-pnp-resolver-1.2.3.tgz 0ms (cache hit)
559 http cache jest-mock@https://registry.npmjs.org/jest-mock/-/jest-mock-27.5.1.tgz 0ms (cache hit)
560 http cache jest-regex-util@https://registry.npmjs.org/jest-regex-util/-/jest-regex-util-27.5.1.tgz 0ms (cache hit)
561 http cache jest-matcher-utils@https://registry.npmjs.org/jest-matcher-utils/-/jest-matcher-utils-27.5.1.tgz 0ms (cache hit)
562 http cache jest-leak-detector@https://registry.npmjs.org/jest-leak-detector/-/jest-leak-detector-27.5.1.tgz 0ms (cache hit)
563 http cache jest-haste-map@https://registry.npmjs.org/jest-haste-map/-/jest-haste-map-27.5.1.tgz 0ms (cache hit)
564 http cache jest-jasmine2@https://registry.npmjs.org/jest-jasmine2/-/jest-jasmine2-27.5.1.tgz 0ms (cache hit)
565 http cache jest-message-util@https://registry.npmjs.org/jest-message-util/-/jest-message-util-27.5.1.tgz 0ms (cache hit)
566 http cache jest-get-type@https://registry.npmjs.org/jest-get-type/-/jest-get-type-27.5.1.tgz 0ms (cache hit)
567 http cache jest-environment-node@https://registry.npmjs.org/jest-environment-node/-/jest-environment-node-27.5.1.tgz 0ms (cache hit)
568 http cache jest-environment-jsdom@https://registry.npmjs.org/jest-environment-jsdom/-/jest-environment-jsdom-27.5.1.tgz 0ms (cache hit)
569 http cache jest-docblock@https://registry.npmjs.org/jest-docblock/-/jest-docblock-27.5.1.tgz 0ms (cache hit)
570 http cache jest-diff@https://registry.npmjs.org/jest-diff/-/jest-diff-27.5.1.tgz 0ms (cache hit)
571 http cache jest-config@https://registry.npmjs.org/jest-config/-/jest-config-27.5.1.tgz 0ms (cache hit)
572 http cache jest-each@https://registry.npmjs.org/jest-each/-/jest-each-27.5.1.tgz 0ms (cache hit)
573 http cache jest-circus@https://registry.npmjs.org/jest-circus/-/jest-circus-27.5.1.tgz 0ms (cache hit)
574 http cache jest-cli@https://registry.npmjs.org/jest-cli/-/jest-cli-27.5.1.tgz 0ms (cache hit)
575 http cache jest-changed-files@https://registry.npmjs.org/jest-changed-files/-/jest-changed-files-27.5.1.tgz 0ms (cache hit)
576 http cache jackspeak@https://registry.npmjs.org/jackspeak/-/jackspeak-3.4.3.tgz 0ms (cache hit)
577 http cache jake@https://registry.npmjs.org/jake/-/jake-10.9.2.tgz 0ms (cache hit)
578 http cache iterator.prototype@https://registry.npmjs.org/iterator.prototype/-/iterator.prototype-1.1.5.tgz 0ms (cache hit)
579 http cache jest@https://registry.npmjs.org/jest/-/jest-27.5.1.tgz 0ms (cache hit)
580 http cache istanbul-reports@https://registry.npmjs.org/istanbul-reports/-/istanbul-reports-3.1.7.tgz 0ms (cache hit)
581 http cache istanbul-lib-source-maps@https://registry.npmjs.org/istanbul-lib-source-maps/-/istanbul-lib-source-maps-4.0.1.tgz 0ms (cache hit)
582 http cache istanbul-lib-report@https://registry.npmjs.org/istanbul-lib-report/-/istanbul-lib-report-3.0.1.tgz 0ms (cache hit)
583 http cache istanbul-lib-coverage@https://registry.npmjs.org/istanbul-lib-coverage/-/istanbul-lib-coverage-3.2.2.tgz 0ms (cache hit)
584 http cache isstream@https://registry.npmjs.org/isstream/-/isstream-0.1.2.tgz 0ms (cache hit)
585 http cache isexe@https://registry.npmjs.org/isexe/-/isexe-2.0.0.tgz 0ms (cache hit)
586 http cache isarray@https://registry.npmjs.org/isarray/-/isarray-2.0.5.tgz 0ms (cache hit)
587 http cache istanbul-lib-instrument@https://registry.npmjs.org/istanbul-lib-instrument/-/istanbul-lib-instrument-5.2.1.tgz 0ms (cache hit)
588 http cache is-wsl@https://registry.npmjs.org/is-wsl/-/is-wsl-2.2.0.tgz 0ms (cache hit)
589 http cache is-weakref@https://registry.npmjs.org/is-weakref/-/is-weakref-1.1.1.tgz 0ms (cache hit)
590 http cache is-weakset@https://registry.npmjs.org/is-weakset/-/is-weakset-2.0.4.tgz 0ms (cache hit)
591 http cache is-typedarray@https://registry.npmjs.org/is-typedarray/-/is-typedarray-1.0.0.tgz 0ms (cache hit)
592 http cache is-weakmap@https://registry.npmjs.org/is-weakmap/-/is-weakmap-2.0.2.tgz 0ms (cache hit)
593 http cache is-typed-array@https://registry.npmjs.org/is-typed-array/-/is-typed-array-1.1.15.tgz 0ms (cache hit)
594 http cache is-unicode-supported@https://registry.npmjs.org/is-unicode-supported/-/is-unicode-supported-0.1.0.tgz 0ms (cache hit)
595 http cache is-string@https://registry.npmjs.org/is-string/-/is-string-1.1.1.tgz 0ms (cache hit)
596 http cache is-stream@https://registry.npmjs.org/is-stream/-/is-stream-2.0.1.tgz 0ms (cache hit)
597 http cache is-regexp@https://registry.npmjs.org/is-regexp/-/is-regexp-1.0.0.tgz 0ms (cache hit)
598 http cache is-root@https://registry.npmjs.org/is-root/-/is-root-2.1.0.tgz 0ms (cache hit)
599 http cache is-symbol@https://registry.npmjs.org/is-symbol/-/is-symbol-1.1.1.tgz 0ms (cache hit)
600 http cache is-set@https://registry.npmjs.org/is-set/-/is-set-2.0.3.tgz 0ms (cache hit)
601 http cache is-potential-custom-element-name@https://registry.npmjs.org/is-potential-custom-element-name/-/is-potential-custom-element-name-1.0.1.tgz 0ms (cache hit)
602 http cache is-regex@https://registry.npmjs.org/is-regex/-/is-regex-1.2.1.tgz 0ms (cache hit)
603 http cache is-path-inside@https://registry.npmjs.org/is-path-inside/-/is-path-inside-3.0.3.tgz 0ms (cache hit)
604 http cache is-number-object@https://registry.npmjs.org/is-number-object/-/is-number-object-1.1.1.tgz 0ms (cache hit)
605 http cache is-obj@https://registry.npmjs.org/is-obj/-/is-obj-1.0.1.tgz 0ms (cache hit)
606 http cache is-number@https://registry.npmjs.org/is-number/-/is-number-7.0.0.tgz 0ms (cache hit)
607 http cache is-shared-array-buffer@https://registry.npmjs.org/is-shared-array-buffer/-/is-shared-array-buffer-1.0.4.tgz 0ms (cache hit)
608 http cache is-module@https://registry.npmjs.org/is-module/-/is-module-1.0.0.tgz 0ms (cache hit)
609 http cache is-plain-obj@https://registry.npmjs.org/is-plain-obj/-/is-plain-obj-3.0.0.tgz 0ms (cache hit)
610 http cache is-installed-globally@https://registry.npmjs.org/is-installed-globally/-/is-installed-globally-0.4.0.tgz 0ms (cache hit)
611 http cache is-map@https://registry.npmjs.org/is-map/-/is-map-2.0.3.tgz 0ms (cache hit)
612 http cache is-generator-function@https://registry.npmjs.org/is-generator-function/-/is-generator-function-1.1.0.tgz 0ms (cache hit)
613 http cache is-generator-fn@https://registry.npmjs.org/is-generator-fn/-/is-generator-fn-2.1.0.tgz 0ms (cache hit)
614 http cache is-fullwidth-code-point@https://registry.npmjs.org/is-fullwidth-code-point/-/is-fullwidth-code-point-3.0.0.tgz 0ms (cache hit)
615 http cache is-glob@https://registry.npmjs.org/is-glob/-/is-glob-4.0.3.tgz 0ms (cache hit)
616 http cache is-finalizationregistry@https://registry.npmjs.org/is-finalizationregistry/-/is-finalizationregistry-1.1.1.tgz 0ms (cache hit)
617 http cache is-extglob@https://registry.npmjs.org/is-extglob/-/is-extglob-2.1.1.tgz 0ms (cache hit)
618 http cache is-date-object@https://registry.npmjs.org/is-date-object/-/is-date-object-1.1.0.tgz 0ms (cache hit)
619 http cache is-core-module@https://registry.npmjs.org/is-core-module/-/is-core-module-2.16.1.tgz 0ms (cache hit)
620 http cache is-docker@https://registry.npmjs.org/is-docker/-/is-docker-2.2.1.tgz 0ms (cache hit)
621 http cache is-boolean-object@https://registry.npmjs.org/is-boolean-object/-/is-boolean-object-1.2.2.tgz 0ms (cache hit)
622 http cache is-data-view@https://registry.npmjs.org/is-data-view/-/is-data-view-1.0.2.tgz 0ms (cache hit)
623 http cache is-callable@https://registry.npmjs.org/is-callable/-/is-callable-1.2.7.tgz 0ms (cache hit)
624 http cache is-bigint@https://registry.npmjs.org/is-bigint/-/is-bigint-1.1.0.tgz 0ms (cache hit)
625 http cache is-binary-path@https://registry.npmjs.org/is-binary-path/-/is-binary-path-2.1.0.tgz 0ms (cache hit)
626 http cache is-arrayish@https://registry.npmjs.org/is-arrayish/-/is-arrayish-0.2.1.tgz 0ms (cache hit)
627 http cache ipaddr.js@https://registry.npmjs.org/ipaddr.js/-/ipaddr.js-2.2.0.tgz 0ms (cache hit)
628 http cache iobuffer@https://registry.npmjs.org/iobuffer/-/iobuffer-5.4.0.tgz 0ms (cache hit)
629 http cache is-array-buffer@https://registry.npmjs.org/is-array-buffer/-/is-array-buffer-3.0.5.tgz 0ms (cache hit)
630 http cache is-async-function@https://registry.npmjs.org/is-async-function/-/is-async-function-2.1.1.tgz 0ms (cache hit)
631 http cache internmap@https://registry.npmjs.org/internmap/-/internmap-2.0.3.tgz 0ms (cache hit)
632 http cache internal-slot@https://registry.npmjs.org/internal-slot/-/internal-slot-1.1.0.tgz 0ms (cache hit)
633 http cache inherits@https://registry.npmjs.org/inherits/-/inherits-2.0.4.tgz 0ms (cache hit)
634 http cache inflight@https://registry.npmjs.org/inflight/-/inflight-1.0.6.tgz 0ms (cache hit)
635 http cache indent-string@https://registry.npmjs.org/indent-string/-/indent-string-4.0.0.tgz 0ms (cache hit)
636 http cache imurmurhash@https://registry.npmjs.org/imurmurhash/-/imurmurhash-0.1.4.tgz 0ms (cache hit)
637 http cache ini@https://registry.npmjs.org/ini/-/ini-1.3.8.tgz 0ms (cache hit)
638 http cache import-local@https://registry.npmjs.org/import-local/-/import-local-3.2.0.tgz 0ms (cache hit)
639 http cache import-fresh@https://registry.npmjs.org/import-fresh/-/import-fresh-3.3.1.tgz 0ms (cache hit)
640 http cache immutable@https://registry.npmjs.org/immutable/-/immutable-5.0.3.tgz 0ms (cache hit)
641 http cache ignore@https://registry.npmjs.org/ignore/-/ignore-5.3.2.tgz 0ms (cache hit)
642 http cache identity-obj-proxy@https://registry.npmjs.org/identity-obj-proxy/-/identity-obj-proxy-3.0.0.tgz 0ms (cache hit)
643 http cache ieee754@https://registry.npmjs.org/ieee754/-/ieee754-1.2.1.tgz 0ms (cache hit)
644 http cache idb@https://registry.npmjs.org/idb/-/idb-7.1.1.tgz 0ms (cache hit)
645 http cache immer@https://registry.npmjs.org/immer/-/immer-9.0.21.tgz 0ms (cache hit)
646 http cache icss-utils@https://registry.npmjs.org/icss-utils/-/icss-utils-5.1.0.tgz 0ms (cache hit)
647 http cache iconv-lite@https://registry.npmjs.org/iconv-lite/-/iconv-lite-0.6.3.tgz 0ms (cache hit)
648 http cache hyphenate-style-name@https://registry.npmjs.org/hyphenate-style-name/-/hyphenate-style-name-1.1.0.tgz 0ms (cache hit)
649 http cache http-signature@https://registry.npmjs.org/http-signature/-/http-signature-1.4.0.tgz 0ms (cache hit)
650 http cache https-proxy-agent@https://registry.npmjs.org/https-proxy-agent/-/https-proxy-agent-5.0.1.tgz 0ms (cache hit)
651 http cache http-proxy-middleware@https://registry.npmjs.org/http-proxy-middleware/-/http-proxy-middleware-2.0.7.tgz 0ms (cache hit)
652 http cache human-signals@https://registry.npmjs.org/human-signals/-/human-signals-2.1.0.tgz 0ms (cache hit)
653 http cache http-proxy@https://registry.npmjs.org/http-proxy/-/http-proxy-1.18.1.tgz 0ms (cache hit)
654 http cache http-parser-js@https://registry.npmjs.org/http-parser-js/-/http-parser-js-0.5.9.tgz 0ms (cache hit)
655 http cache http-proxy-agent@https://registry.npmjs.org/http-proxy-agent/-/http-proxy-agent-4.0.1.tgz 0ms (cache hit)
656 http cache html2canvas@https://registry.npmjs.org/html2canvas/-/html2canvas-1.4.1.tgz 0ms (cache hit)
657 http cache http-errors@https://registry.npmjs.org/http-errors/-/http-errors-2.0.0.tgz 0ms (cache hit)
658 http cache htmlparser2@https://registry.npmjs.org/htmlparser2/-/htmlparser2-6.1.0.tgz 0ms (cache hit)
659 http cache html-escaper@https://registry.npmjs.org/html-escaper/-/html-escaper-2.0.2.tgz 0ms (cache hit)
660 http cache http-deceiver@https://registry.npmjs.org/http-deceiver/-/http-deceiver-1.2.7.tgz 0ms (cache hit)
661 http cache html-minifier-terser@https://registry.npmjs.org/html-minifier-terser/-/html-minifier-terser-6.1.0.tgz 0ms (cache hit)
662 http cache html-entities@https://registry.npmjs.org/html-entities/-/html-entities-2.5.2.tgz 0ms (cache hit)
663 http cache hoopy@https://registry.npmjs.org/hoopy/-/hoopy-0.1.4.tgz 0ms (cache hit)
664 http cache html-webpack-plugin@https://registry.npmjs.org/html-webpack-plugin/-/html-webpack-plugin-5.6.3.tgz 0ms (cache hit)
665 http cache hpack.js@https://registry.npmjs.org/hpack.js/-/hpack.js-2.1.6.tgz 0ms (cache hit)
666 http cache html-encoding-sniffer@https://registry.npmjs.org/html-encoding-sniffer/-/html-encoding-sniffer-2.0.1.tgz 0ms (cache hit)
667 http cache he@https://registry.npmjs.org/he/-/he-1.2.0.tgz 0ms (cache hit)
668 http cache hoist-non-react-statics@https://registry.npmjs.org/hoist-non-react-statics/-/hoist-non-react-statics-3.3.2.tgz 0ms (cache hit)
669 http cache hasown@https://registry.npmjs.org/hasown/-/hasown-2.0.2.tgz 0ms (cache hit)
670 http cache has-proto@https://registry.npmjs.org/has-proto/-/has-proto-1.2.0.tgz 0ms (cache hit)
671 http cache has-flag@https://registry.npmjs.org/has-flag/-/has-flag-4.0.0.tgz 0ms (cache hit)
672 http cache has-symbols@https://registry.npmjs.org/has-symbols/-/has-symbols-1.1.0.tgz 0ms (cache hit)
673 http cache has-bigints@https://registry.npmjs.org/has-bigints/-/has-bigints-1.1.0.tgz 0ms (cache hit)
674 http cache has-property-descriptors@https://registry.npmjs.org/has-property-descriptors/-/has-property-descriptors-1.0.2.tgz 0ms (cache hit)
675 http cache harmony-reflect@https://registry.npmjs.org/harmony-reflect/-/harmony-reflect-1.6.2.tgz 0ms (cache hit)
676 http cache handle-thing@https://registry.npmjs.org/handle-thing/-/handle-thing-2.0.1.tgz 0ms (cache hit)
677 http cache has-tostringtag@https://registry.npmjs.org/has-tostringtag/-/has-tostringtag-1.0.2.tgz 0ms (cache hit)
678 http cache graceful-fs@https://registry.npmjs.org/graceful-fs/-/graceful-fs-4.2.11.tgz 0ms (cache hit)
679 http cache graphemer@https://registry.npmjs.org/graphemer/-/graphemer-1.4.0.tgz 0ms (cache hit)
680 http cache globals@https://registry.npmjs.org/globals/-/globals-11.12.0.tgz 0ms (cache hit)
681 http cache globby@https://registry.npmjs.org/globby/-/globby-11.1.0.tgz 0ms (cache hit)
682 http cache gzip-size@https://registry.npmjs.org/gzip-size/-/gzip-size-6.0.0.tgz 0ms (cache hit)
683 http cache global-modules@https://registry.npmjs.org/global-modules/-/global-modules-2.0.0.tgz 0ms (cache hit)
684 http cache globalthis@https://registry.npmjs.org/globalthis/-/globalthis-1.0.4.tgz 0ms (cache hit)
685 http cache gopd@https://registry.npmjs.org/gopd/-/gopd-1.2.0.tgz 0ms (cache hit)
686 http cache glob-to-regexp@https://registry.npmjs.org/glob-to-regexp/-/glob-to-regexp-0.4.1.tgz 0ms (cache hit)
687 http cache global-dirs@https://registry.npmjs.org/global-dirs/-/global-dirs-3.0.1.tgz 0ms (cache hit)
688 http cache glob-parent@https://registry.npmjs.org/glob-parent/-/glob-parent-6.0.2.tgz 0ms (cache hit)
689 http cache glob@https://registry.npmjs.org/glob/-/glob-9.3.5.tgz 0ms (cache hit)
690 http cache global-prefix@https://registry.npmjs.org/global-prefix/-/global-prefix-3.0.0.tgz 0ms (cache hit)
691 http cache getos@https://registry.npmjs.org/getos/-/getos-3.2.1.tgz 0ms (cache hit)
692 http cache get-symbol-description@https://registry.npmjs.org/get-symbol-description/-/get-symbol-description-1.1.0.tgz 0ms (cache hit)
693 http cache get-stream@https://registry.npmjs.org/get-stream/-/get-stream-6.0.1.tgz 0ms (cache hit)
694 http cache getpass@https://registry.npmjs.org/getpass/-/getpass-0.1.7.tgz 0ms (cache hit)
695 http cache get-proto@https://registry.npmjs.org/get-proto/-/get-proto-1.0.1.tgz 0ms (cache hit)
696 http cache get-package-type@https://registry.npmjs.org/get-package-type/-/get-package-type-0.1.0.tgz 0ms (cache hit)
697 http cache get-caller-file@https://registry.npmjs.org/get-caller-file/-/get-caller-file-2.0.5.tgz 0ms (cache hit)
698 http cache gensync@https://registry.npmjs.org/gensync/-/gensync-1.0.0-beta.2.tgz 0ms (cache hit)
699 http cache get-own-enumerable-property-symbols@https://registry.npmjs.org/get-own-enumerable-property-symbols/-/get-own-enumerable-property-symbols-3.0.2.tgz 0ms (cache hit)
700 http cache functions-have-names@https://registry.npmjs.org/functions-have-names/-/functions-have-names-1.2.3.tgz 0ms (cache hit)
701 http cache get-intrinsic@https://registry.npmjs.org/get-intrinsic/-/get-intrinsic-1.3.0.tgz 0ms (cache hit)
702 http cache function.prototype.name@https://registry.npmjs.org/function.prototype.name/-/function.prototype.name-1.1.8.tgz 0ms (cache hit)
703 http cache function-bind@https://registry.npmjs.org/function-bind/-/function-bind-1.1.2.tgz 0ms (cache hit)
704 http cache fs-extra@https://registry.npmjs.org/fs-extra/-/fs-extra-10.1.0.tgz 0ms (cache hit)
705 http cache fs-monkey@https://registry.npmjs.org/fs-monkey/-/fs-monkey-1.0.6.tgz 0ms (cache hit)
706 http cache framer-motion@https://registry.npmjs.org/framer-motion/-/framer-motion-12.6.3.tgz 0ms (cache hit)
707 http cache fresh@https://registry.npmjs.org/fresh/-/fresh-0.5.2.tgz 0ms (cache hit)
708 http cache forwarded@https://registry.npmjs.org/forwarded/-/forwarded-0.2.0.tgz 0ms (cache hit)
709 http cache fraction.js@https://registry.npmjs.org/fraction.js/-/fraction.js-4.3.7.tgz 0ms (cache hit)
710 http cache fs.realpath@https://registry.npmjs.org/fs.realpath/-/fs.realpath-1.0.0.tgz 0ms (cache hit)
711 http cache fork-ts-checker-webpack-plugin@https://registry.npmjs.org/fork-ts-checker-webpack-plugin/-/fork-ts-checker-webpack-plugin-6.5.3.tgz 0ms (cache hit)
712 http cache forever-agent@https://registry.npmjs.org/forever-agent/-/forever-agent-0.6.1.tgz 0ms (cache hit)
713 http cache form-data@https://registry.npmjs.org/form-data/-/form-data-3.0.3.tgz 0ms (cache hit)
714 http cache for-each@https://registry.npmjs.org/for-each/-/for-each-0.3.5.tgz 0ms (cache hit)
715 http cache flatted@https://registry.npmjs.org/flatted/-/flatted-3.3.3.tgz 0ms (cache hit)
716 http cache follow-redirects@https://registry.npmjs.org/follow-redirects/-/follow-redirects-1.15.9.tgz 0ms (cache hit)
717 http cache foreground-child@https://registry.npmjs.org/foreground-child/-/foreground-child-3.3.1.tgz 0ms (cache hit)
718 http cache flat-cache@https://registry.npmjs.org/flat-cache/-/flat-cache-3.2.0.tgz 0ms (cache hit)
719 http cache firebase@https://registry.npmjs.org/firebase/-/firebase-11.4.0.tgz 0ms (cache hit)
720 http cache find-up@https://registry.npmjs.org/find-up/-/find-up-3.0.0.tgz 0ms (cache hit)
721 http cache find-root@https://registry.npmjs.org/find-root/-/find-root-1.1.0.tgz 0ms (cache hit)
722 http cache find-babel-config@https://registry.npmjs.org/find-babel-config/-/find-babel-config-2.1.2.tgz 0ms (cache hit)
723 http cache finalhandler@https://registry.npmjs.org/finalhandler/-/finalhandler-1.3.1.tgz 0ms (cache hit)
724 http cache fill-range@https://registry.npmjs.org/fill-range/-/fill-range-7.1.1.tgz 0ms (cache hit)
725 http cache find-cache-dir@https://registry.npmjs.org/find-cache-dir/-/find-cache-dir-3.3.2.tgz 0ms (cache hit)
726 http cache filelist@https://registry.npmjs.org/filelist/-/filelist-1.0.4.tgz 0ms (cache hit)
727 http cache filesize@https://registry.npmjs.org/filesize/-/filesize-8.0.7.tgz 0ms (cache hit)
728 http cache file-loader@https://registry.npmjs.org/file-loader/-/file-loader-6.2.0.tgz 0ms (cache hit)
729 http cache file-entry-cache@https://registry.npmjs.org/file-entry-cache/-/file-entry-cache-6.0.1.tgz 0ms (cache hit)
730 http cache fflate@https://registry.npmjs.org/fflate/-/fflate-0.8.2.tgz 0ms (cache hit)
731 http cache fd-slicer@https://registry.npmjs.org/fd-slicer/-/fd-slicer-1.1.0.tgz 0ms (cache hit)
732 http cache figures@https://registry.npmjs.org/figures/-/figures-3.2.0.tgz 0ms (cache hit)
733 http cache fb-watchman@https://registry.npmjs.org/fb-watchman/-/fb-watchman-2.0.2.tgz 0ms (cache hit)
734 http cache faye-websocket@https://registry.npmjs.org/faye-websocket/-/faye-websocket-0.11.4.tgz 0ms (cache hit)
735 http cache fast-png@https://registry.npmjs.org/fast-png/-/fast-png-6.4.0.tgz 0ms (cache hit)
736 http cache fast-levenshtein@https://registry.npmjs.org/fast-levenshtein/-/fast-levenshtein-2.0.6.tgz 0ms (cache hit)
737 http cache fast-json-stable-stringify@https://registry.npmjs.org/fast-json-stable-stringify/-/fast-json-stable-stringify-2.1.0.tgz 0ms (cache hit)
738 http cache fast-uri@https://registry.npmjs.org/fast-uri/-/fast-uri-3.0.6.tgz 0ms (cache hit)
739 http cache fastq@https://registry.npmjs.org/fastq/-/fastq-1.19.1.tgz 0ms (cache hit)
740 http cache fast-equals@https://registry.npmjs.org/fast-equals/-/fast-equals-5.2.2.tgz 0ms (cache hit)
741 http cache extsprintf@https://registry.npmjs.org/extsprintf/-/extsprintf-1.3.0.tgz 0ms (cache hit)
742 http cache fast-glob@https://registry.npmjs.org/fast-glob/-/fast-glob-3.3.3.tgz 0ms (cache hit)
743 http cache extend@https://registry.npmjs.org/extend/-/extend-3.0.2.tgz 0ms (cache hit)
744 http cache extract-zip@https://registry.npmjs.org/extract-zip/-/extract-zip-2.0.1.tgz 0ms (cache hit)
745 http cache express@https://registry.npmjs.org/express/-/express-4.21.2.tgz 0ms (cache hit)
746 http cache expect@https://registry.npmjs.org/expect/-/expect-27.5.1.tgz 0ms (cache hit)
747 http cache execa@https://registry.npmjs.org/execa/-/execa-5.1.1.tgz 0ms (cache hit)
748 http cache fast-deep-equal@https://registry.npmjs.org/fast-deep-equal/-/fast-deep-equal-3.1.3.tgz 0ms (cache hit)
749 http cache events@https://registry.npmjs.org/events/-/events-3.3.0.tgz 0ms (cache hit)
750 http cache executable@https://registry.npmjs.org/executable/-/executable-4.1.1.tgz 0ms (cache hit)
751 http cache eventemitter3@https://registry.npmjs.org/eventemitter3/-/eventemitter3-4.0.7.tgz 0ms (cache hit)
752 http cache eventemitter2@https://registry.npmjs.org/eventemitter2/-/eventemitter2-6.4.7.tgz 0ms (cache hit)
753 http cache esutils@https://registry.npmjs.org/esutils/-/esutils-2.0.3.tgz 0ms (cache hit)
754 http cache exit@https://registry.npmjs.org/exit/-/exit-0.1.2.tgz 0ms (cache hit)
755 http cache estree-walker@https://registry.npmjs.org/estree-walker/-/estree-walker-1.0.1.tgz 0ms (cache hit)
756 http cache estraverse@https://registry.npmjs.org/estraverse/-/estraverse-5.3.0.tgz 0ms (cache hit)
757 http cache esrecurse@https://registry.npmjs.org/esrecurse/-/esrecurse-4.3.0.tgz 0ms (cache hit)
758 http cache esprima@https://registry.npmjs.org/esprima/-/esprima-4.0.1.tgz 0ms (cache hit)
759 http cache etag@https://registry.npmjs.org/etag/-/etag-1.8.1.tgz 0ms (cache hit)
760 http cache espree@https://registry.npmjs.org/espree/-/espree-9.6.1.tgz 0ms (cache hit)
761 http cache eslint-webpack-plugin@https://registry.npmjs.org/eslint-webpack-plugin/-/eslint-webpack-plugin-3.2.0.tgz 0ms (cache hit)
762 http cache esquery@https://registry.npmjs.org/esquery/-/esquery-1.6.0.tgz 0ms (cache hit)
763 http cache eslint-visitor-keys@https://registry.npmjs.org/eslint-visitor-keys/-/eslint-visitor-keys-3.4.3.tgz 0ms (cache hit)
764 http cache eslint-plugin-react@https://registry.npmjs.org/eslint-plugin-react/-/eslint-plugin-react-7.37.4.tgz 0ms (cache hit)
765 http cache eslint-plugin-testing-library@https://registry.npmjs.org/eslint-plugin-testing-library/-/eslint-plugin-testing-library-5.11.1.tgz 0ms (cache hit)
766 http cache eslint-plugin-react-hooks@https://registry.npmjs.org/eslint-plugin-react-hooks/-/eslint-plugin-react-hooks-4.6.2.tgz 0ms (cache hit)
767 http cache eslint-plugin-jest@https://registry.npmjs.org/eslint-plugin-jest/-/eslint-plugin-jest-25.7.0.tgz 0ms (cache hit)
768 http cache eslint-scope@https://registry.npmjs.org/eslint-scope/-/eslint-scope-7.2.2.tgz 0ms (cache hit)
769 http cache eslint-plugin-jsx-a11y@https://registry.npmjs.org/eslint-plugin-jsx-a11y/-/eslint-plugin-jsx-a11y-6.10.2.tgz 0ms (cache hit)
770 http cache eslint-plugin-flowtype@https://registry.npmjs.org/eslint-plugin-flowtype/-/eslint-plugin-flowtype-8.0.3.tgz 0ms (cache hit)
771 http cache eslint-plugin-import@https://registry.npmjs.org/eslint-plugin-import/-/eslint-plugin-import-2.31.0.tgz 0ms (cache hit)
772 http cache eslint-module-utils@https://registry.npmjs.org/eslint-module-utils/-/eslint-module-utils-2.12.0.tgz 0ms (cache hit)
773 http cache eslint-config-react-app@https://registry.npmjs.org/eslint-config-react-app/-/eslint-config-react-app-7.0.1.tgz 0ms (cache hit)
774 http cache eslint@https://registry.npmjs.org/eslint/-/eslint-8.57.1.tgz 0ms (cache hit)
775 http cache eslint-import-resolver-node@https://registry.npmjs.org/eslint-import-resolver-node/-/eslint-import-resolver-node-0.3.9.tgz 0ms (cache hit)
776 http cache escape-html@https://registry.npmjs.org/escape-html/-/escape-html-1.0.3.tgz 0ms (cache hit)
777 http cache escodegen@https://registry.npmjs.org/escodegen/-/escodegen-2.1.0.tgz 0ms (cache hit)
778 http cache escape-string-regexp@https://registry.npmjs.org/escape-string-regexp/-/escape-string-regexp-4.0.0.tgz 0ms (cache hit)
779 http cache es-shim-unscopables@https://registry.npmjs.org/es-shim-unscopables/-/es-shim-unscopables-1.1.0.tgz 0ms (cache hit)
780 http cache es-to-primitive@https://registry.npmjs.org/es-to-primitive/-/es-to-primitive-1.3.0.tgz 0ms (cache hit)
781 http cache es-set-tostringtag@https://registry.npmjs.org/es-set-tostringtag/-/es-set-tostringtag-2.1.0.tgz 0ms (cache hit)
782 http cache escalade@https://registry.npmjs.org/escalade/-/escalade-3.2.0.tgz 0ms (cache hit)
783 http cache es-object-atoms@https://registry.npmjs.org/es-object-atoms/-/es-object-atoms-1.1.1.tgz 0ms (cache hit)
784 http cache es-iterator-helpers@https://registry.npmjs.org/es-iterator-helpers/-/es-iterator-helpers-1.2.1.tgz 0ms (cache hit)
785 http cache es-define-property@https://registry.npmjs.org/es-define-property/-/es-define-property-1.0.1.tgz 0ms (cache hit)
786 http cache es-errors@https://registry.npmjs.org/es-errors/-/es-errors-1.3.0.tgz 0ms (cache hit)
787 http cache es-array-method-boxes-properly@https://registry.npmjs.org/es-array-method-boxes-properly/-/es-array-method-boxes-properly-1.0.0.tgz 0ms (cache hit)
788 http cache error-stack-parser@https://registry.npmjs.org/error-stack-parser/-/error-stack-parser-2.1.4.tgz 0ms (cache hit)
789 http cache es-module-lexer@https://registry.npmjs.org/es-module-lexer/-/es-module-lexer-1.6.0.tgz 0ms (cache hit)
790 http cache es-abstract@https://registry.npmjs.org/es-abstract/-/es-abstract-1.23.9.tgz 0ms (cache hit)
791 http cache error-ex@https://registry.npmjs.org/error-ex/-/error-ex-1.3.2.tgz 0ms (cache hit)
792 http cache enquirer@https://registry.npmjs.org/enquirer/-/enquirer-2.4.1.tgz 0ms (cache hit)
793 http cache enhanced-resolve@https://registry.npmjs.org/enhanced-resolve/-/enhanced-resolve-5.18.1.tgz 0ms (cache hit)
794 http cache emojis-list@https://registry.npmjs.org/emojis-list/-/emojis-list-3.0.0.tgz 0ms (cache hit)
795 http cache encodeurl@https://registry.npmjs.org/encodeurl/-/encodeurl-2.0.0.tgz 0ms (cache hit)
796 http cache entities@https://registry.npmjs.org/entities/-/entities-2.2.0.tgz 0ms (cache hit)
797 http cache end-of-stream@https://registry.npmjs.org/end-of-stream/-/end-of-stream-1.4.4.tgz 0ms (cache hit)
798 http cache emittery@https://registry.npmjs.org/emittery/-/emittery-0.8.1.tgz 0ms (cache hit)
799 http cache emoji-regex@https://registry.npmjs.org/emoji-regex/-/emoji-regex-9.2.2.tgz 0ms (cache hit)
800 http cache ee-first@https://registry.npmjs.org/ee-first/-/ee-first-1.1.1.tgz 0ms (cache hit)
801 http cache electron-to-chromium@https://registry.npmjs.org/electron-to-chromium/-/electron-to-chromium-1.5.112.tgz 0ms (cache hit)
802 http cache ejs@https://registry.npmjs.org/ejs/-/ejs-3.1.10.tgz 0ms (cache hit)
803 http cache eastasianwidth@https://registry.npmjs.org/eastasianwidth/-/eastasianwidth-0.2.0.tgz 0ms (cache hit)
804 http cache duplexer@https://registry.npmjs.org/duplexer/-/duplexer-0.1.2.tgz 0ms (cache hit)
805 http cache dunder-proto@https://registry.npmjs.org/dunder-proto/-/dunder-proto-1.0.1.tgz 0ms (cache hit)
806 http cache dotenv@https://registry.npmjs.org/dotenv/-/dotenv-10.0.0.tgz 0ms (cache hit)
807 http cache dotenv-expand@https://registry.npmjs.org/dotenv-expand/-/dotenv-expand-5.1.0.tgz 0ms (cache hit)
808 http cache ecc-jsbn@https://registry.npmjs.org/ecc-jsbn/-/ecc-jsbn-0.1.2.tgz 0ms (cache hit)
809 http cache dot-case@https://registry.npmjs.org/dot-case/-/dot-case-3.0.4.tgz 0ms (cache hit)
810 http cache domutils@https://registry.npmjs.org/domutils/-/domutils-2.8.0.tgz 0ms (cache hit)
811 http cache dompurify@https://registry.npmjs.org/dompurify/-/dompurify-3.3.3.tgz 0ms (cache hit)
812 http cache domelementtype@https://registry.npmjs.org/domelementtype/-/domelementtype-2.3.0.tgz 0ms (cache hit)
813 http cache domhandler@https://registry.npmjs.org/domhandler/-/domhandler-4.3.1.tgz 0ms (cache hit)
814 http cache dom-serializer@https://registry.npmjs.org/dom-serializer/-/dom-serializer-1.4.1.tgz 0ms (cache hit)
815 http cache domexception@https://registry.npmjs.org/domexception/-/domexception-2.0.1.tgz 0ms (cache hit)
816 http cache dom-helpers@https://registry.npmjs.org/dom-helpers/-/dom-helpers-5.2.1.tgz 0ms (cache hit)
817 http cache dom-converter@https://registry.npmjs.org/dom-converter/-/dom-converter-0.2.0.tgz 0ms (cache hit)
818 http cache doctrine@https://registry.npmjs.org/doctrine/-/doctrine-3.0.0.tgz 0ms (cache hit)
819 http cache didyoumean@https://registry.npmjs.org/didyoumean/-/didyoumean-1.2.2.tgz 0ms (cache hit)
820 http cache dir-glob@https://registry.npmjs.org/dir-glob/-/dir-glob-3.0.1.tgz 0ms (cache hit)
821 http cache dns-packet@https://registry.npmjs.org/dns-packet/-/dns-packet-5.6.1.tgz 0ms (cache hit)
822 http cache dlv@https://registry.npmjs.org/dlv/-/dlv-1.1.3.tgz 0ms (cache hit)
823 http cache diff-sequences@https://registry.npmjs.org/diff-sequences/-/diff-sequences-27.5.1.tgz 1ms (cache hit)
824 http cache detect-port-alt@https://registry.npmjs.org/detect-port-alt/-/detect-port-alt-1.1.6.tgz 0ms (cache hit)
825 http cache detect-node@https://registry.npmjs.org/detect-node/-/detect-node-2.1.0.tgz 0ms (cache hit)
826 http cache detect-newline@https://registry.npmjs.org/detect-newline/-/detect-newline-3.1.0.tgz 0ms (cache hit)
827 http cache destroy@https://registry.npmjs.org/destroy/-/destroy-1.2.0.tgz 0ms (cache hit)
828 http cache depd@https://registry.npmjs.org/depd/-/depd-2.0.0.tgz 0ms (cache hit)
829 http cache detect-libc@https://registry.npmjs.org/detect-libc/-/detect-libc-1.0.3.tgz 0ms (cache hit)
830 http cache define-properties@https://registry.npmjs.org/define-properties/-/define-properties-1.2.1.tgz 0ms (cache hit)
831 http cache delayed-stream@https://registry.npmjs.org/delayed-stream/-/delayed-stream-1.0.0.tgz 0ms (cache hit)
832 http cache default-gateway@https://registry.npmjs.org/default-gateway/-/default-gateway-6.0.3.tgz 0ms (cache hit)
833 http cache define-lazy-prop@https://registry.npmjs.org/define-lazy-prop/-/define-lazy-prop-2.0.0.tgz 0ms (cache hit)
834 http cache deep-is@https://registry.npmjs.org/deep-is/-/deep-is-0.1.4.tgz 0ms (cache hit)
835 http cache deepmerge@https://registry.npmjs.org/deepmerge/-/deepmerge-4.3.1.tgz 0ms (cache hit)
836 http cache define-data-property@https://registry.npmjs.org/define-data-property/-/define-data-property-1.1.4.tgz 0ms (cache hit)
837 http cache dedent@https://registry.npmjs.org/dedent/-/dedent-0.7.0.tgz 0ms (cache hit)
838 http cache decimal.js@https://registry.npmjs.org/decimal.js/-/decimal.js-10.5.0.tgz 0ms (cache hit)
839 http cache decimal.js-light@https://registry.npmjs.org/decimal.js-light/-/decimal.js-light-2.5.1.tgz 0ms (cache hit)
840 http cache dayjs@https://registry.npmjs.org/dayjs/-/dayjs-1.11.13.tgz 0ms (cache hit)
841 http cache data-view-byte-offset@https://registry.npmjs.org/data-view-byte-offset/-/data-view-byte-offset-1.0.1.tgz 0ms (cache hit)
842 http cache date-fns@https://registry.npmjs.org/date-fns/-/date-fns-2.30.0.tgz 0ms (cache hit)
843 http cache debug@https://registry.npmjs.org/debug/-/debug-4.4.0.tgz 0ms (cache hit)
844 http cache data-view-byte-length@https://registry.npmjs.org/data-view-byte-length/-/data-view-byte-length-1.0.2.tgz 0ms (cache hit)
845 http cache data-view-buffer@https://registry.npmjs.org/data-view-buffer/-/data-view-buffer-1.0.2.tgz 0ms (cache hit)
846 http cache data-urls@https://registry.npmjs.org/data-urls/-/data-urls-2.0.0.tgz 0ms (cache hit)
847 http cache damerau-levenshtein@https://registry.npmjs.org/damerau-levenshtein/-/damerau-levenshtein-1.0.8.tgz 0ms (cache hit)
848 http cache d3-timer@https://registry.npmjs.org/d3-timer/-/d3-timer-3.0.1.tgz 0ms (cache hit)
849 http cache dashdash@https://registry.npmjs.org/dashdash/-/dashdash-1.14.1.tgz 0ms (cache hit)
850 http cache d3-time-format@https://registry.npmjs.org/d3-time-format/-/d3-time-format-4.1.0.tgz 0ms (cache hit)
851 http cache d3-time@https://registry.npmjs.org/d3-time/-/d3-time-3.1.0.tgz 0ms (cache hit)
852 http cache d3-shape@https://registry.npmjs.org/d3-shape/-/d3-shape-3.2.0.tgz 0ms (cache hit)
853 http cache d3-scale@https://registry.npmjs.org/d3-scale/-/d3-scale-4.0.2.tgz 0ms (cache hit)
854 http cache d3-format@https://registry.npmjs.org/d3-format/-/d3-format-3.1.0.tgz 0ms (cache hit)
855 http cache d3-path@https://registry.npmjs.org/d3-path/-/d3-path-3.1.0.tgz 0ms (cache hit)
856 http cache d3-interpolate@https://registry.npmjs.org/d3-interpolate/-/d3-interpolate-3.0.1.tgz 0ms (cache hit)
857 http cache d3-ease@https://registry.npmjs.org/d3-ease/-/d3-ease-3.0.1.tgz 0ms (cache hit)
858 http cache d3-array@https://registry.npmjs.org/d3-array/-/d3-array-3.2.4.tgz 0ms (cache hit)
859 http cache d3-color@https://registry.npmjs.org/d3-color/-/d3-color-3.1.0.tgz 0ms (cache hit)
860 http cache csstype@https://registry.npmjs.org/csstype/-/csstype-3.2.3.tgz 0ms (cache hit)
861 http cache cssstyle@https://registry.npmjs.org/cssstyle/-/cssstyle-2.3.0.tgz 0ms (cache hit)
862 http cache cssom@https://registry.npmjs.org/cssom/-/cssom-0.4.4.tgz 0ms (cache hit)
863 http cache cypress@https://registry.npmjs.org/cypress/-/cypress-14.4.1.tgz 0ms (cache hit)
864 http cache csso@https://registry.npmjs.org/csso/-/csso-4.2.0.tgz 0ms (cache hit)
865 http cache customize-cra@https://registry.npmjs.org/customize-cra/-/customize-cra-1.0.0.tgz 0ms (cache hit)
866 http cache cssnano-utils@https://registry.npmjs.org/cssnano-utils/-/cssnano-utils-3.1.0.tgz 0ms (cache hit)
867 http cache cssesc@https://registry.npmjs.org/cssesc/-/cssesc-3.0.0.tgz 0ms (cache hit)
868 http cache cssnano-preset-default@https://registry.npmjs.org/cssnano-preset-default/-/cssnano-preset-default-5.2.14.tgz 0ms (cache hit)
869 http cache cssdb@https://registry.npmjs.org/cssdb/-/cssdb-7.11.2.tgz 0ms (cache hit)
870 http cache css-tree@https://registry.npmjs.org/css-tree/-/css-tree-1.0.0-alpha.37.tgz 0ms (cache hit)
871 http cache css-what@https://registry.npmjs.org/css-what/-/css-what-6.1.0.tgz 0ms (cache hit)
872 http cache css-select-base-adapter@https://registry.npmjs.org/css-select-base-adapter/-/css-select-base-adapter-0.1.1.tgz 0ms (cache hit)
873 http cache css-select@https://registry.npmjs.org/css-select/-/css-select-4.3.0.tgz 0ms (cache hit)
874 http cache cssnano@https://registry.npmjs.org/cssnano/-/cssnano-5.1.15.tgz 0ms (cache hit)
875 http cache css-prefers-color-scheme@https://registry.npmjs.org/css-prefers-color-scheme/-/css-prefers-color-scheme-6.0.3.tgz 0ms (cache hit)
876 http cache css-minimizer-webpack-plugin@https://registry.npmjs.org/css-minimizer-webpack-plugin/-/css-minimizer-webpack-plugin-3.4.1.tgz 0ms (cache hit)
877 http cache css-mediaquery@https://registry.npmjs.org/css-mediaquery/-/css-mediaquery-0.1.2.tgz 0ms (cache hit)
878 http cache css-has-pseudo@https://registry.npmjs.org/css-has-pseudo/-/css-has-pseudo-3.0.4.tgz 0ms (cache hit)
879 http cache css-line-break@https://registry.npmjs.org/css-line-break/-/css-line-break-2.1.0.tgz 0ms (cache hit)
880 http cache css-declaration-sorter@https://registry.npmjs.org/css-declaration-sorter/-/css-declaration-sorter-6.4.1.tgz 0ms (cache hit)
881 http cache css-blank-pseudo@https://registry.npmjs.org/css-blank-pseudo/-/css-blank-pseudo-3.0.3.tgz 0ms (cache hit)
882 http cache css-loader@https://registry.npmjs.org/css-loader/-/css-loader-6.11.0.tgz 0ms (cache hit)
883 http cache cross-spawn@https://registry.npmjs.org/cross-spawn/-/cross-spawn-7.0.6.tgz 0ms (cache hit)
884 http cache crypto-random-string@https://registry.npmjs.org/crypto-random-string/-/crypto-random-string-2.0.0.tgz 0ms (cache hit)
885 http cache cosmiconfig@https://registry.npmjs.org/cosmiconfig/-/cosmiconfig-7.1.0.tgz 0ms (cache hit)
886 http cache core-util-is@https://registry.npmjs.org/core-util-is/-/core-util-is-1.0.3.tgz 0ms (cache hit)
887 http cache core-js-pure@https://registry.npmjs.org/core-js-pure/-/core-js-pure-3.41.0.tgz 0ms (cache hit)
888 http cache core-js@https://registry.npmjs.org/core-js/-/core-js-3.41.0.tgz 0ms (cache hit)
889 http cache cra-template@https://registry.npmjs.org/cra-template/-/cra-template-1.2.0.tgz 1ms (cache hit)
890 http cache core-js-compat@https://registry.npmjs.org/core-js-compat/-/core-js-compat-3.41.0.tgz 0ms (cache hit)
891 http cache cookie-signature@https://registry.npmjs.org/cookie-signature/-/cookie-signature-1.0.6.tgz 0ms (cache hit)
892 http cache cookie@https://registry.npmjs.org/cookie/-/cookie-1.0.2.tgz 0ms (cache hit)
893 http cache content-disposition@https://registry.npmjs.org/content-disposition/-/content-disposition-0.5.4.tgz 0ms (cache hit)
894 http cache convert-source-map@https://registry.npmjs.org/convert-source-map/-/convert-source-map-2.0.0.tgz 0ms (cache hit)
895 http cache connect-history-api-fallback@https://registry.npmjs.org/connect-history-api-fallback/-/connect-history-api-fallback-2.0.0.tgz 0ms (cache hit)
896 http cache concat-map@https://registry.npmjs.org/concat-map/-/concat-map-0.0.1.tgz 0ms (cache hit)
897 http cache confusing-browser-globals@https://registry.npmjs.org/confusing-browser-globals/-/confusing-browser-globals-1.0.11.tgz 0ms (cache hit)
898 http cache compressible@https://registry.npmjs.org/compressible/-/compressible-2.0.18.tgz 0ms (cache hit)
899 http cache content-type@https://registry.npmjs.org/content-type/-/content-type-1.0.5.tgz 0ms (cache hit)
900 http cache compression@https://registry.npmjs.org/compression/-/compression-1.8.0.tgz 0ms (cache hit)
901 http cache commondir@https://registry.npmjs.org/commondir/-/commondir-1.0.1.tgz 0ms (cache hit)
902 http cache common-tags@https://registry.npmjs.org/common-tags/-/common-tags-1.8.2.tgz 0ms (cache hit)
903 http cache commander@https://registry.npmjs.org/commander/-/commander-8.3.0.tgz 0ms (cache hit)
904 http cache combined-stream@https://registry.npmjs.org/combined-stream/-/combined-stream-1.0.8.tgz 0ms (cache hit)
905 http cache colorette@https://registry.npmjs.org/colorette/-/colorette-2.0.20.tgz 0ms (cache hit)
906 http cache colors@https://registry.npmjs.org/colors/-/colors-1.4.0.tgz 0ms (cache hit)
907 http cache colord@https://registry.npmjs.org/colord/-/colord-2.9.3.tgz 0ms (cache hit)
908 http cache color-convert@https://registry.npmjs.org/color-convert/-/color-convert-2.0.1.tgz 0ms (cache hit)
909 http cache color-name@https://registry.npmjs.org/color-name/-/color-name-1.1.4.tgz 0ms (cache hit)
910 http cache co@https://registry.npmjs.org/co/-/co-4.6.0.tgz 0ms (cache hit)
911 http cache coa@https://registry.npmjs.org/coa/-/coa-2.0.2.tgz 0ms (cache hit)
912 http cache clsx@https://registry.npmjs.org/clsx/-/clsx-2.1.1.tgz 0ms (cache hit)
913 http cache collect-v8-coverage@https://registry.npmjs.org/collect-v8-coverage/-/collect-v8-coverage-1.0.2.tgz 0ms (cache hit)
914 http cache cli-table3@https://registry.npmjs.org/cli-table3/-/cli-table3-0.6.1.tgz 0ms (cache hit)
915 http cache cli-truncate@https://registry.npmjs.org/cli-truncate/-/cli-truncate-2.1.0.tgz 0ms (cache hit)
916 http cache cliui@https://registry.npmjs.org/cliui/-/cliui-7.0.4.tgz 0ms (cache hit)
917 http cache clean-stack@https://registry.npmjs.org/clean-stack/-/clean-stack-2.2.0.tgz 0ms (cache hit)
918 http cache clean-css@https://registry.npmjs.org/clean-css/-/clean-css-5.3.3.tgz 0ms (cache hit)
919 http cache classname@https://registry.npmjs.org/classname/-/classname-0.0.0.tgz 0ms (cache hit)
920 http cache cli-cursor@https://registry.npmjs.org/cli-cursor/-/cli-cursor-3.1.0.tgz 0ms (cache hit)
921 http cache cjs-module-lexer@https://registry.npmjs.org/cjs-module-lexer/-/cjs-module-lexer-1.4.3.tgz 0ms (cache hit)
922 http cache classnames@https://registry.npmjs.org/classnames/-/classnames-2.5.1.tgz 0ms (cache hit)
923 http cache classlist-polyfill@https://registry.npmjs.org/classlist-polyfill/-/classlist-polyfill-1.2.0.tgz 0ms (cache hit)
924 http cache ci-info@https://registry.npmjs.org/ci-info/-/ci-info-3.9.0.tgz 0ms (cache hit)
925 http cache chokidar@https://registry.npmjs.org/chokidar/-/chokidar-3.6.0.tgz 0ms (cache hit)
926 http cache check-types@https://registry.npmjs.org/check-types/-/check-types-11.2.3.tgz 0ms (cache hit)
927 http cache chrome-trace-event@https://registry.npmjs.org/chrome-trace-event/-/chrome-trace-event-1.0.4.tgz 0ms (cache hit)
928 http cache check-more-types@https://registry.npmjs.org/check-more-types/-/check-more-types-2.24.0.tgz 0ms (cache hit)
929 http cache char-regex@https://registry.npmjs.org/char-regex/-/char-regex-1.0.2.tgz 0ms (cache hit)
930 http cache chalk@https://registry.npmjs.org/chalk/-/chalk-4.1.2.tgz 0ms (cache hit)
931 http cache caseless@https://registry.npmjs.org/caseless/-/caseless-0.12.0.tgz 0ms (cache hit)
932 http cache canvg@https://registry.npmjs.org/canvg/-/canvg-3.0.11.tgz 0ms (cache hit)
933 http cache caniuse-api@https://registry.npmjs.org/caniuse-api/-/caniuse-api-3.0.0.tgz 0ms (cache hit)
934 http cache case-sensitive-paths-webpack-plugin@https://registry.npmjs.org/case-sensitive-paths-webpack-plugin/-/case-sensitive-paths-webpack-plugin-2.4.0.tgz 0ms (cache hit)
935 http cache caniuse-lite@https://registry.npmjs.org/caniuse-lite/-/caniuse-lite-1.0.30001702.tgz 0ms (cache hit)
936 http cache camelcase-css@https://registry.npmjs.org/camelcase-css/-/camelcase-css-2.0.1.tgz 0ms (cache hit)
937 http cache camelcase@https://registry.npmjs.org/camelcase/-/camelcase-6.3.0.tgz 0ms (cache hit)
938 http cache call-bound@https://registry.npmjs.org/call-bound/-/call-bound-1.0.4.tgz 0ms (cache hit)
939 http cache callsites@https://registry.npmjs.org/callsites/-/callsites-3.1.0.tgz 0ms (cache hit)
940 http cache call-bind-apply-helpers@https://registry.npmjs.org/call-bind-apply-helpers/-/call-bind-apply-helpers-1.0.2.tgz 0ms (cache hit)
941 http cache camel-case@https://registry.npmjs.org/camel-case/-/camel-case-4.1.2.tgz 0ms (cache hit)
942 http cache cachedir@https://registry.npmjs.org/cachedir/-/cachedir-2.4.0.tgz 0ms (cache hit)
943 http cache call-bind@https://registry.npmjs.org/call-bind/-/call-bind-1.0.8.tgz 0ms (cache hit)
944 http cache bytes@https://registry.npmjs.org/bytes/-/bytes-3.1.2.tgz 0ms (cache hit)
945 http cache buffer-from@https://registry.npmjs.org/buffer-from/-/buffer-from-1.1.2.tgz 0ms (cache hit)
946 http cache buffer@https://registry.npmjs.org/buffer/-/buffer-5.7.1.tgz 0ms (cache hit)
947 http cache buffer-crc32@https://registry.npmjs.org/buffer-crc32/-/buffer-crc32-0.2.13.tgz 0ms (cache hit)
948 http cache builtin-modules@https://registry.npmjs.org/builtin-modules/-/builtin-modules-3.3.0.tgz 0ms (cache hit)
949 http cache bser@https://registry.npmjs.org/bser/-/bser-2.1.1.tgz 0ms (cache hit)
950 http cache braces@https://registry.npmjs.org/braces/-/braces-3.0.3.tgz 0ms (cache hit)
951 http cache boolbase@https://registry.npmjs.org/boolbase/-/boolbase-1.0.0.tgz 0ms (cache hit)
952 http cache brace-expansion@https://registry.npmjs.org/brace-expansion/-/brace-expansion-2.0.1.tgz 0ms (cache hit)
953 http cache bonjour-service@https://registry.npmjs.org/bonjour-service/-/bonjour-service-1.3.0.tgz 0ms (cache hit)
954 http cache body-parser@https://registry.npmjs.org/body-parser/-/body-parser-1.20.3.tgz 0ms (cache hit)
955 http cache browser-process-hrtime@https://registry.npmjs.org/browser-process-hrtime/-/browser-process-hrtime-1.0.0.tgz 0ms (cache hit)
956 http cache blob-util@https://registry.npmjs.org/blob-util/-/blob-util-2.0.2.tgz 0ms (cache hit)
957 http cache browserslist@https://registry.npmjs.org/browserslist/-/browserslist-4.24.4.tgz 0ms (cache hit)
958 http cache bluebird@https://registry.npmjs.org/bluebird/-/bluebird-3.7.2.tgz 0ms (cache hit)
959 http cache bfj@https://registry.npmjs.org/bfj/-/bfj-7.1.0.tgz 0ms (cache hit)
960 http cache binary-extensions@https://registry.npmjs.org/binary-extensions/-/binary-extensions-2.3.0.tgz 4ms (cache hit)
961 http cache bcrypt-pbkdf@https://registry.npmjs.org/bcrypt-pbkdf/-/bcrypt-pbkdf-1.0.2.tgz 0ms (cache hit)
962 http cache big.js@https://registry.npmjs.org/big.js/-/big.js-5.2.2.tgz 0ms (cache hit)
963 http cache base64-js@https://registry.npmjs.org/base64-js/-/base64-js-1.5.1.tgz 0ms (cache hit)
964 http cache base64-arraybuffer@https://registry.npmjs.org/base64-arraybuffer/-/base64-arraybuffer-1.0.2.tgz 0ms (cache hit)
965 http cache batch@https://registry.npmjs.org/batch/-/batch-0.6.1.tgz 0ms (cache hit)
966 http cache balanced-match@https://registry.npmjs.org/balanced-match/-/balanced-match-1.0.2.tgz 0ms (cache hit)
967 http cache babel-preset-jest@https://registry.npmjs.org/babel-preset-jest/-/babel-preset-jest-27.5.1.tgz 0ms (cache hit)
968 http cache babel-plugin-polyfill-corejs3@https://registry.npmjs.org/babel-plugin-polyfill-corejs3/-/babel-plugin-polyfill-corejs3-0.11.1.tgz 0ms (cache hit)
969 http cache babel-plugin-transform-react-remove-prop-types@https://registry.npmjs.org/babel-plugin-transform-react-remove-prop-types/-/babel-plugin-transform-react-remove-prop-types-0.4.24.tgz 0ms (cache hit)
970 http cache babel-preset-current-node-syntax@https://registry.npmjs.org/babel-preset-current-node-syntax/-/babel-preset-current-node-syntax-1.1.0.tgz 0ms (cache hit)
971 http cache babel-plugin-polyfill-regenerator@https://registry.npmjs.org/babel-plugin-polyfill-regenerator/-/babel-plugin-polyfill-regenerator-0.6.3.tgz 0ms (cache hit)
972 http cache babel-plugin-polyfill-corejs2@https://registry.npmjs.org/babel-plugin-polyfill-corejs2/-/babel-plugin-polyfill-corejs2-0.4.12.tgz 0ms (cache hit)
973 http cache babel-plugin-module-resolver@https://registry.npmjs.org/babel-plugin-module-resolver/-/babel-plugin-module-resolver-5.0.2.tgz 0ms (cache hit)
974 http cache babel-preset-react-app@https://registry.npmjs.org/babel-preset-react-app/-/babel-preset-react-app-10.1.0.tgz 0ms (cache hit)
975 http cache babel-plugin-named-asset-import@https://registry.npmjs.org/babel-plugin-named-asset-import/-/babel-plugin-named-asset-import-0.3.8.tgz 0ms (cache hit)
976 http cache babel-plugin-macros@https://registry.npmjs.org/babel-plugin-macros/-/babel-plugin-macros-3.1.0.tgz 0ms (cache hit)
977 http cache babel-plugin-jest-hoist@https://registry.npmjs.org/babel-plugin-jest-hoist/-/babel-plugin-jest-hoist-27.5.1.tgz 0ms (cache hit)
978 http cache babel-plugin-istanbul@https://registry.npmjs.org/babel-plugin-istanbul/-/babel-plugin-istanbul-6.1.1.tgz 0ms (cache hit)
979 http cache axobject-query@https://registry.npmjs.org/axobject-query/-/axobject-query-4.1.0.tgz 0ms (cache hit)
980 http cache babel-jest@https://registry.npmjs.org/babel-jest/-/babel-jest-27.5.1.tgz 0ms (cache hit)
981 http cache babel-loader@https://registry.npmjs.org/babel-loader/-/babel-loader-8.4.1.tgz 0ms (cache hit)
982 http cache axios@https://registry.npmjs.org/axios/-/axios-1.8.4.tgz 0ms (cache hit)
983 http cache axe-core@https://registry.npmjs.org/axe-core/-/axe-core-4.10.3.tgz 0ms (cache hit)
984 http cache aws4@https://registry.npmjs.org/aws4/-/aws4-1.13.2.tgz 0ms (cache hit)
985 http cache aws-sign2@https://registry.npmjs.org/aws-sign2/-/aws-sign2-0.7.0.tgz 0ms (cache hit)
986 http cache autoprefixer@https://registry.npmjs.org/autoprefixer/-/autoprefixer-10.4.20.tgz 0ms (cache hit)
987 http cache at-least-node@https://registry.npmjs.org/at-least-node/-/at-least-node-1.0.0.tgz 0ms (cache hit)
988 http cache available-typed-arrays@https://registry.npmjs.org/available-typed-arrays/-/available-typed-arrays-1.0.7.tgz 0ms (cache hit)
989 http cache asynckit@https://registry.npmjs.org/asynckit/-/asynckit-0.4.0.tgz 0ms (cache hit)
990 http cache astral-regex@https://registry.npmjs.org/astral-regex/-/astral-regex-2.0.0.tgz 0ms (cache hit)
991 http cache assert-plus@https://registry.npmjs.org/assert-plus/-/assert-plus-1.0.0.tgz 0ms (cache hit)
992 http cache ast-types-flow@https://registry.npmjs.org/ast-types-flow/-/ast-types-flow-0.0.8.tgz 0ms (cache hit)
993 http cache async@https://registry.npmjs.org/async/-/async-3.2.6.tgz 0ms (cache hit)
994 http cache asn1@https://registry.npmjs.org/asn1/-/asn1-0.2.6.tgz 0ms (cache hit)
995 http cache arraybuffer.prototype.slice@https://registry.npmjs.org/arraybuffer.prototype.slice/-/arraybuffer.prototype.slice-1.0.4.tgz 0ms (cache hit)
996 http cache asap@https://registry.npmjs.org/asap/-/asap-2.0.6.tgz 0ms (cache hit)
997 http cache async-function@https://registry.npmjs.org/async-function/-/async-function-1.0.0.tgz 0ms (cache hit)
998 http cache array.prototype.tosorted@https://registry.npmjs.org/array.prototype.tosorted/-/array.prototype.tosorted-1.1.4.tgz 0ms (cache hit)
999 http cache array.prototype.flatmap@https://registry.npmjs.org/array.prototype.flatmap/-/array.prototype.flatmap-1.3.3.tgz 0ms (cache hit)
1000 http cache array.prototype.flat@https://registry.npmjs.org/array.prototype.flat/-/array.prototype.flat-1.3.3.tgz 0ms (cache hit)
1001 http cache array-includes@https://registry.npmjs.org/array-includes/-/array-includes-3.1.8.tgz 0ms (cache hit)
1002 http cache array.prototype.findlastindex@https://registry.npmjs.org/array.prototype.findlastindex/-/array.prototype.findlastindex-1.2.5.tgz 0ms (cache hit)
1003 http cache array.prototype.reduce@https://registry.npmjs.org/array.prototype.reduce/-/array.prototype.reduce-1.0.7.tgz 0ms (cache hit)
1004 http cache aria-query@https://registry.npmjs.org/aria-query/-/aria-query-5.3.2.tgz 0ms (cache hit)
1005 http cache array.prototype.findlast@https://registry.npmjs.org/array.prototype.findlast/-/array.prototype.findlast-1.2.5.tgz 0ms (cache hit)
1006 http cache array-flatten@https://registry.npmjs.org/array-flatten/-/array-flatten-1.1.1.tgz 0ms (cache hit)
1007 http cache array-union@https://registry.npmjs.org/array-union/-/array-union-2.1.0.tgz 0ms (cache hit)
1008 http cache array-buffer-byte-length@https://registry.npmjs.org/array-buffer-byte-length/-/array-buffer-byte-length-1.0.2.tgz 0ms (cache hit)
1009 http cache arg@https://registry.npmjs.org/arg/-/arg-5.0.2.tgz 0ms (cache hit)
1010 http cache anymatch@https://registry.npmjs.org/anymatch/-/anymatch-3.1.3.tgz 0ms (cache hit)
1011 http cache arch@https://registry.npmjs.org/arch/-/arch-2.2.0.tgz 0ms (cache hit)
1012 http cache argparse@https://registry.npmjs.org/argparse/-/argparse-1.0.10.tgz 0ms (cache hit)
1013 http cache ansi-html-community@https://registry.npmjs.org/ansi-html-community/-/ansi-html-community-0.0.8.tgz 0ms (cache hit)
1014 http cache any-promise@https://registry.npmjs.org/any-promise/-/any-promise-1.3.0.tgz 0ms (cache hit)
1015 http cache aos@https://registry.npmjs.org/aos/-/aos-2.3.4.tgz 0ms (cache hit)
1016 http cache ansi-escapes@https://registry.npmjs.org/ansi-escapes/-/ansi-escapes-4.3.2.tgz 0ms (cache hit)
1017 http cache ajv-keywords@https://registry.npmjs.org/ajv-keywords/-/ajv-keywords-3.5.2.tgz 0ms (cache hit)
1018 http cache ansi-regex@https://registry.npmjs.org/ansi-regex/-/ansi-regex-5.0.1.tgz 0ms (cache hit)
1019 http cache ajv@https://registry.npmjs.org/ajv/-/ajv-6.12.6.tgz 0ms (cache hit)
1020 http cache ansi-styles@https://registry.npmjs.org/ansi-styles/-/ansi-styles-4.3.0.tgz 0ms (cache hit)
1021 http cache ansi-html@https://registry.npmjs.org/ansi-html/-/ansi-html-0.0.9.tgz 0ms (cache hit)
1022 http cache ansi-colors@https://registry.npmjs.org/ansi-colors/-/ansi-colors-4.1.3.tgz 0ms (cache hit)
1023 http cache agent-base@https://registry.npmjs.org/agent-base/-/agent-base-6.0.2.tgz 0ms (cache hit)
1024 http cache address@https://registry.npmjs.org/address/-/address-1.2.2.tgz 0ms (cache hit)
1025 http cache adjust-sourcemap-loader@https://registry.npmjs.org/adjust-sourcemap-loader/-/adjust-sourcemap-loader-4.0.0.tgz 0ms (cache hit)
1026 http cache acorn-walk@https://registry.npmjs.org/acorn-walk/-/acorn-walk-7.2.0.tgz 0ms (cache hit)
1027 http cache ajv-formats@https://registry.npmjs.org/ajv-formats/-/ajv-formats-2.1.1.tgz 0ms (cache hit)
1028 http cache aggregate-error@https://registry.npmjs.org/aggregate-error/-/aggregate-error-3.1.0.tgz 0ms (cache hit)
1029 http cache add@https://registry.npmjs.org/add/-/add-2.0.6.tgz 0ms (cache hit)
1030 http cache acorn-jsx@https://registry.npmjs.org/acorn-jsx/-/acorn-jsx-5.3.2.tgz 0ms (cache hit)
1031 http cache @xtuc/long@https://registry.npmjs.org/@xtuc/long/-/long-4.2.2.tgz 0ms (cache hit)
1032 http cache accepts@https://registry.npmjs.org/accepts/-/accepts-1.3.8.tgz 0ms (cache hit)
1033 http cache @xtuc/ieee754@https://registry.npmjs.org/@xtuc/ieee754/-/ieee754-1.2.0.tgz 0ms (cache hit)
1034 http cache acorn-globals@https://registry.npmjs.org/acorn-globals/-/acorn-globals-6.0.0.tgz 0ms (cache hit)
1035 http cache acorn@https://registry.npmjs.org/acorn/-/acorn-8.14.1.tgz 0ms (cache hit)
1036 http cache @webassemblyjs/wasm-opt@https://registry.npmjs.org/@webassemblyjs/wasm-opt/-/wasm-opt-1.14.1.tgz 0ms (cache hit)
1037 http cache abab@https://registry.npmjs.org/abab/-/abab-2.0.6.tgz 0ms (cache hit)
1038 http cache @webassemblyjs/leb128@https://registry.npmjs.org/@webassemblyjs/leb128/-/leb128-1.13.2.tgz 0ms (cache hit)
1039 http cache @webassemblyjs/wasm-gen@https://registry.npmjs.org/@webassemblyjs/wasm-gen/-/wasm-gen-1.14.1.tgz 0ms (cache hit)
1040 http cache @webassemblyjs/wasm-parser@https://registry.npmjs.org/@webassemblyjs/wasm-parser/-/wasm-parser-1.14.1.tgz 0ms (cache hit)
1041 http cache @webassemblyjs/wast-printer@https://registry.npmjs.org/@webassemblyjs/wast-printer/-/wast-printer-1.14.1.tgz 0ms (cache hit)
1042 http cache @webassemblyjs/utf8@https://registry.npmjs.org/@webassemblyjs/utf8/-/utf8-1.13.2.tgz 0ms (cache hit)
1043 http cache @webassemblyjs/ieee754@https://registry.npmjs.org/@webassemblyjs/ieee754/-/ieee754-1.13.2.tgz 0ms (cache hit)
1044 http cache @webassemblyjs/helper-wasm-section@https://registry.npmjs.org/@webassemblyjs/helper-wasm-section/-/helper-wasm-section-1.14.1.tgz 0ms (cache hit)
1045 http cache @webassemblyjs/helper-wasm-bytecode@https://registry.npmjs.org/@webassemblyjs/helper-wasm-bytecode/-/helper-wasm-bytecode-1.13.2.tgz 0ms (cache hit)
1046 http cache @webassemblyjs/helper-numbers@https://registry.npmjs.org/@webassemblyjs/helper-numbers/-/helper-numbers-1.13.2.tgz 0ms (cache hit)
1047 http cache @webassemblyjs/helper-buffer@https://registry.npmjs.org/@webassemblyjs/helper-buffer/-/helper-buffer-1.14.1.tgz 0ms (cache hit)
1048 http cache @webassemblyjs/wasm-edit@https://registry.npmjs.org/@webassemblyjs/wasm-edit/-/wasm-edit-1.14.1.tgz 0ms (cache hit)
1049 http cache @webassemblyjs/helper-api-error@https://registry.npmjs.org/@webassemblyjs/helper-api-error/-/helper-api-error-1.13.2.tgz 0ms (cache hit)
1050 http cache @ungap/structured-clone@https://registry.npmjs.org/@ungap/structured-clone/-/structured-clone-1.3.0.tgz 0ms (cache hit)
1051 http cache @webassemblyjs/floating-point-hex-parser@https://registry.npmjs.org/@webassemblyjs/floating-point-hex-parser/-/floating-point-hex-parser-1.13.2.tgz 0ms (cache hit)
1052 http cache @typescript-eslint/utils@https://registry.npmjs.org/@typescript-eslint/utils/-/utils-5.62.0.tgz 0ms (cache hit)
1053 http cache @typescript-eslint/visitor-keys@https://registry.npmjs.org/@typescript-eslint/visitor-keys/-/visitor-keys-5.62.0.tgz 0ms (cache hit)
1054 http cache @typescript-eslint/typescript-estree@https://registry.npmjs.org/@typescript-eslint/typescript-estree/-/typescript-estree-5.62.0.tgz 0ms (cache hit)
1055 http cache @webassemblyjs/ast@https://registry.npmjs.org/@webassemblyjs/ast/-/ast-1.14.1.tgz 0ms (cache hit)
1056 http cache @typescript-eslint/types@https://registry.npmjs.org/@typescript-eslint/types/-/types-5.62.0.tgz 0ms (cache hit)
1057 http cache @typescript-eslint/type-utils@https://registry.npmjs.org/@typescript-eslint/type-utils/-/type-utils-5.62.0.tgz 0ms (cache hit)
1058 http cache @types/yauzl@https://registry.npmjs.org/@types/yauzl/-/yauzl-2.10.3.tgz 0ms (cache hit)
1059 http cache @typescript-eslint/experimental-utils@https://registry.npmjs.org/@typescript-eslint/experimental-utils/-/experimental-utils-5.62.0.tgz 0ms (cache hit)
1060 http cache @typescript-eslint/parser@https://registry.npmjs.org/@typescript-eslint/parser/-/parser-5.62.0.tgz 0ms (cache hit)
1061 http cache @types/yargs@https://registry.npmjs.org/@types/yargs/-/yargs-16.0.9.tgz 0ms (cache hit)
1062 http cache @typescript-eslint/scope-manager@https://registry.npmjs.org/@typescript-eslint/scope-manager/-/scope-manager-5.62.0.tgz 0ms (cache hit)
1063 http cache @typescript-eslint/eslint-plugin@https://registry.npmjs.org/@typescript-eslint/eslint-plugin/-/eslint-plugin-5.62.0.tgz 0ms (cache hit)
1064 http cache @types/yargs-parser@https://registry.npmjs.org/@types/yargs-parser/-/yargs-parser-21.0.3.tgz 0ms (cache hit)
1065 http cache @types/ws@https://registry.npmjs.org/@types/ws/-/ws-8.18.0.tgz 0ms (cache hit)
1066 http cache @types/sockjs@https://registry.npmjs.org/@types/sockjs/-/sockjs-0.3.36.tgz 0ms (cache hit)
1067 http cache @types/stack-utils@https://registry.npmjs.org/@types/stack-utils/-/stack-utils-2.0.3.tgz 0ms (cache hit)
1068 http cache @types/sizzle@https://registry.npmjs.org/@types/sizzle/-/sizzle-2.3.9.tgz 0ms (cache hit)
1069 http cache @types/trusted-types@https://registry.npmjs.org/@types/trusted-types/-/trusted-types-2.0.7.tgz 0ms (cache hit)
1070 http cache @types/sinonjs__fake-timers@https://registry.npmjs.org/@types/sinonjs__fake-timers/-/sinonjs__fake-timers-8.1.1.tgz 0ms (cache hit)
1071 http cache @types/serve-index@https://registry.npmjs.org/@types/serve-index/-/serve-index-1.9.4.tgz 0ms (cache hit)
1072 http cache @types/serve-static@https://registry.npmjs.org/@types/serve-static/-/serve-static-1.15.7.tgz 0ms (cache hit)
1073 http cache @types/semver@https://registry.npmjs.org/@types/semver/-/semver-7.5.8.tgz 0ms (cache hit)
1074 http cache @types/retry@https://registry.npmjs.org/@types/retry/-/retry-0.12.0.tgz 0ms (cache hit)
1075 http cache @types/resolve@https://registry.npmjs.org/@types/resolve/-/resolve-1.17.1.tgz 0ms (cache hit)
1076 http cache @types/react-transition-group@https://registry.npmjs.org/@types/react-transition-group/-/react-transition-group-4.4.12.tgz 0ms (cache hit)
1077 http cache @types/send@https://registry.npmjs.org/@types/send/-/send-0.17.4.tgz 0ms (cache hit)
1078 http cache @types/range-parser@https://registry.npmjs.org/@types/range-parser/-/range-parser-1.2.7.tgz 0ms (cache hit)
1079 http cache @types/raf@https://registry.npmjs.org/@types/raf/-/raf-3.4.3.tgz 0ms (cache hit)
1080 http cache @types/prop-types@https://registry.npmjs.org/@types/prop-types/-/prop-types-15.7.14.tgz 0ms (cache hit)
1081 http cache @types/react@https://registry.npmjs.org/@types/react/-/react-19.2.14.tgz 0ms (cache hit)
1082 http cache @types/q@https://registry.npmjs.org/@types/q/-/q-1.5.8.tgz 0ms (cache hit)
1083 http cache @types/qs@https://registry.npmjs.org/@types/qs/-/qs-6.9.18.tgz 0ms (cache hit)
1084 http cache @types/prettier@https://registry.npmjs.org/@types/prettier/-/prettier-2.7.3.tgz 0ms (cache hit)
1085 http cache @types/pako@https://registry.npmjs.org/@types/pako/-/pako-2.0.4.tgz 0ms (cache hit)
1086 http cache @types/node-forge@https://registry.npmjs.org/@types/node-forge/-/node-forge-1.3.11.tgz 0ms (cache hit)
1087 http cache @types/mime@https://registry.npmjs.org/@types/mime/-/mime-1.3.5.tgz 0ms (cache hit)
1088 http cache @types/parse-json@https://registry.npmjs.org/@types/parse-json/-/parse-json-4.0.2.tgz 0ms (cache hit)
1089 http cache @types/json5@https://registry.npmjs.org/@types/json5/-/json5-0.0.29.tgz 0ms (cache hit)
1090 http cache @types/json-schema@https://registry.npmjs.org/@types/json-schema/-/json-schema-7.0.15.tgz 0ms (cache hit)
1091 http cache @types/node@https://registry.npmjs.org/@types/node/-/node-22.13.9.tgz 0ms (cache hit)
1092 http cache @types/istanbul-reports@https://registry.npmjs.org/@types/istanbul-reports/-/istanbul-reports-3.0.4.tgz 0ms (cache hit)
1093 http cache @types/istanbul-lib-report@https://registry.npmjs.org/@types/istanbul-lib-report/-/istanbul-lib-report-3.0.3.tgz 0ms (cache hit)
1094 http cache @types/istanbul-lib-coverage@https://registry.npmjs.org/@types/istanbul-lib-coverage/-/istanbul-lib-coverage-2.0.6.tgz 0ms (cache hit)
1095 http cache @types/http-errors@https://registry.npmjs.org/@types/http-errors/-/http-errors-2.0.4.tgz 0ms (cache hit)
1096 http cache @types/graceful-fs@https://registry.npmjs.org/@types/graceful-fs/-/graceful-fs-4.1.9.tgz 0ms (cache hit)
1097 http cache @types/http-proxy@https://registry.npmjs.org/@types/http-proxy/-/http-proxy-1.17.16.tgz 0ms (cache hit)
1098 http cache @types/html-minifier-terser@https://registry.npmjs.org/@types/html-minifier-terser/-/html-minifier-terser-6.1.0.tgz 0ms (cache hit)
1099 http cache @types/express-serve-static-core@https://registry.npmjs.org/@types/express-serve-static-core/-/express-serve-static-core-5.0.6.tgz 0ms (cache hit)
1100 http cache @types/express@https://registry.npmjs.org/@types/express/-/express-4.17.21.tgz 0ms (cache hit)
1101 http cache @types/eslint@https://registry.npmjs.org/@types/eslint/-/eslint-8.56.12.tgz 0ms (cache hit)
1102 http cache @types/estree@https://registry.npmjs.org/@types/estree/-/estree-1.0.6.tgz 0ms (cache hit)
1103 http cache @types/d3-shape@https://registry.npmjs.org/@types/d3-shape/-/d3-shape-3.1.7.tgz 0ms (cache hit)
1104 http cache @types/d3-scale@https://registry.npmjs.org/@types/d3-scale/-/d3-scale-4.0.9.tgz 0ms (cache hit)
1105 http cache @types/eslint-scope@https://registry.npmjs.org/@types/eslint-scope/-/eslint-scope-3.7.7.tgz 0ms (cache hit)
1106 http cache @types/d3-timer@https://registry.npmjs.org/@types/d3-timer/-/d3-timer-3.0.2.tgz 0ms (cache hit)
1107 http cache @types/d3-time@https://registry.npmjs.org/@types/d3-time/-/d3-time-3.0.4.tgz 0ms (cache hit)
1108 http cache @types/d3-path@https://registry.npmjs.org/@types/d3-path/-/d3-path-3.1.1.tgz 0ms (cache hit)
1109 http cache @types/cookie@https://registry.npmjs.org/@types/cookie/-/cookie-0.6.0.tgz 0ms (cache hit)
1110 http cache @types/d3-array@https://registry.npmjs.org/@types/d3-array/-/d3-array-3.2.1.tgz 0ms (cache hit)
1111 http cache @types/connect-history-api-fallback@https://registry.npmjs.org/@types/connect-history-api-fallback/-/connect-history-api-fallback-1.5.4.tgz 0ms (cache hit)
1112 http cache @types/d3-ease@https://registry.npmjs.org/@types/d3-ease/-/d3-ease-3.0.2.tgz 0ms (cache hit)
1113 http cache @types/d3-interpolate@https://registry.npmjs.org/@types/d3-interpolate/-/d3-interpolate-3.0.4.tgz 0ms (cache hit)
1114 http cache @types/babel__template@https://registry.npmjs.org/@types/babel__template/-/babel__template-7.4.4.tgz 0ms (cache hit)
1115 http cache @types/d3-color@https://registry.npmjs.org/@types/d3-color/-/d3-color-3.1.3.tgz 0ms (cache hit)
1116 http cache @types/body-parser@https://registry.npmjs.org/@types/body-parser/-/body-parser-1.19.5.tgz 0ms (cache hit)
1117 http cache @trysound/sax@https://registry.npmjs.org/@trysound/sax/-/sax-0.2.0.tgz 0ms (cache hit)
1118 http cache @types/babel__traverse@https://registry.npmjs.org/@types/babel__traverse/-/babel__traverse-7.20.6.tgz 0ms (cache hit)
1119 http cache @types/bonjour@https://registry.npmjs.org/@types/bonjour/-/bonjour-3.5.13.tgz 0ms (cache hit)
1120 http cache @types/connect@https://registry.npmjs.org/@types/connect/-/connect-3.4.38.tgz 0ms (cache hit)
1121 http cache @tippyjs/react@https://registry.npmjs.org/@tippyjs/react/-/react-4.2.6.tgz 0ms (cache hit)
1122 http cache @tootallnate/once@https://registry.npmjs.org/@tootallnate/once/-/once-1.1.2.tgz 0ms (cache hit)
1123 http cache @types/babel__core@https://registry.npmjs.org/@types/babel__core/-/babel__core-7.20.5.tgz 0ms (cache hit)
1124 http cache @svgr/plugin-jsx@https://registry.npmjs.org/@svgr/plugin-jsx/-/plugin-jsx-5.5.0.tgz 0ms (cache hit)
1125 http cache @svgr/webpack@https://registry.npmjs.org/@svgr/webpack/-/webpack-5.5.0.tgz 0ms (cache hit)
1126 http cache @types/babel__generator@https://registry.npmjs.org/@types/babel__generator/-/babel__generator-7.6.8.tgz 0ms (cache hit)
1127 http cache @svgr/plugin-svgo@https://registry.npmjs.org/@svgr/plugin-svgo/-/plugin-svgo-5.5.0.tgz 0ms (cache hit)
1128 http cache @svgr/hast-util-to-babel-ast@https://registry.npmjs.org/@svgr/hast-util-to-babel-ast/-/hast-util-to-babel-ast-5.5.0.tgz 0ms (cache hit)
1129 http cache @svgr/babel-preset@https://registry.npmjs.org/@svgr/babel-preset/-/babel-preset-5.5.0.tgz 0ms (cache hit)
1130 http cache @svgr/babel-plugin-transform-react-native-svg@https://registry.npmjs.org/@svgr/babel-plugin-transform-react-native-svg/-/babel-plugin-transform-react-native-svg-5.4.0.tgz 0ms (cache hit)
1131 http cache @svgr/core@https://registry.npmjs.org/@svgr/core/-/core-5.5.0.tgz 0ms (cache hit)
1132 http cache @svgr/babel-plugin-svg-em-dimensions@https://registry.npmjs.org/@svgr/babel-plugin-svg-em-dimensions/-/babel-plugin-svg-em-dimensions-5.4.0.tgz 0ms (cache hit)
1133 http cache @svgr/babel-plugin-transform-svg-component@https://registry.npmjs.org/@svgr/babel-plugin-transform-svg-component/-/babel-plugin-transform-svg-component-5.5.0.tgz 0ms (cache hit)
1134 http cache @svgr/babel-plugin-svg-dynamic-title@https://registry.npmjs.org/@svgr/babel-plugin-svg-dynamic-title/-/babel-plugin-svg-dynamic-title-5.4.0.tgz 0ms (cache hit)
1135 http cache @svgr/babel-plugin-remove-jsx-empty-expression@https://registry.npmjs.org/@svgr/babel-plugin-remove-jsx-empty-expression/-/babel-plugin-remove-jsx-empty-expression-5.0.1.tgz 0ms (cache hit)
1136 http cache @surma/rollup-plugin-off-main-thread@https://registry.npmjs.org/@surma/rollup-plugin-off-main-thread/-/rollup-plugin-off-main-thread-2.2.3.tgz 0ms (cache hit)
1137 http cache @svgr/babel-plugin-add-jsx-attribute@https://registry.npmjs.org/@svgr/babel-plugin-add-jsx-attribute/-/babel-plugin-add-jsx-attribute-5.4.0.tgz 0ms (cache hit)
1138 http cache @svgr/babel-plugin-replace-jsx-attribute-value@https://registry.npmjs.org/@svgr/babel-plugin-replace-jsx-attribute-value/-/babel-plugin-replace-jsx-attribute-value-5.0.1.tgz 0ms (cache hit)
1139 http cache @sinclair/typebox@https://registry.npmjs.org/@sinclair/typebox/-/typebox-0.24.51.tgz 0ms (cache hit)
1140 http cache @svgr/babel-plugin-remove-jsx-attribute@https://registry.npmjs.org/@svgr/babel-plugin-remove-jsx-attribute/-/babel-plugin-remove-jsx-attribute-5.4.0.tgz 0ms (cache hit)
1141 http cache @rtsao/scc@https://registry.npmjs.org/@rtsao/scc/-/scc-1.1.0.tgz 0ms (cache hit)
1142 http cache @rollup/pluginutils@https://registry.npmjs.org/@rollup/pluginutils/-/pluginutils-3.1.0.tgz 0ms (cache hit)
1143 http cache @sinonjs/fake-timers@https://registry.npmjs.org/@sinonjs/fake-timers/-/fake-timers-8.1.0.tgz 0ms (cache hit)
1144 http cache @rushstack/eslint-patch@https://registry.npmjs.org/@rushstack/eslint-patch/-/eslint-patch-1.10.5.tgz 0ms (cache hit)
1145 http cache @sinonjs/commons@https://registry.npmjs.org/@sinonjs/commons/-/commons-1.8.6.tgz 0ms (cache hit)
1146 http cache @rollup/plugin-replace@https://registry.npmjs.org/@rollup/plugin-replace/-/plugin-replace-2.4.2.tgz 0ms (cache hit)
1147 http cache @rollup/plugin-babel@https://registry.npmjs.org/@rollup/plugin-babel/-/plugin-babel-5.3.1.tgz 0ms (cache hit)
1148 http cache @rollup/plugin-node-resolve@https://registry.npmjs.org/@rollup/plugin-node-resolve/-/plugin-node-resolve-11.2.1.tgz 0ms (cache hit)
1149 http cache @protobufjs/inquire@https://registry.npmjs.org/@protobufjs/inquire/-/inquire-1.1.0.tgz 0ms (cache hit)
1150 http cache @protobufjs/utf8@https://registry.npmjs.org/@protobufjs/utf8/-/utf8-1.1.0.tgz 0ms (cache hit)
1151 http cache @protobufjs/pool@https://registry.npmjs.org/@protobufjs/pool/-/pool-1.1.0.tgz 0ms (cache hit)
1152 http cache @protobufjs/path@https://registry.npmjs.org/@protobufjs/path/-/path-1.1.2.tgz 0ms (cache hit)
1153 http cache @protobufjs/codegen@https://registry.npmjs.org/@protobufjs/codegen/-/codegen-2.0.4.tgz 0ms (cache hit)
1154 http cache @protobufjs/eventemitter@https://registry.npmjs.org/@protobufjs/eventemitter/-/eventemitter-1.1.0.tgz 0ms (cache hit)
1155 http cache @protobufjs/fetch@https://registry.npmjs.org/@protobufjs/fetch/-/fetch-1.1.0.tgz 0ms (cache hit)
1156 http cache @protobufjs/float@https://registry.npmjs.org/@protobufjs/float/-/float-1.0.2.tgz 0ms (cache hit)
1157 http cache @pmmmwh/react-refresh-webpack-plugin@https://registry.npmjs.org/@pmmmwh/react-refresh-webpack-plugin/-/react-refresh-webpack-plugin-0.5.15.tgz 0ms (cache hit)
1158 http cache @nodelib/fs.stat@https://registry.npmjs.org/@nodelib/fs.stat/-/fs.stat-2.0.5.tgz 0ms (cache hit)
1159 http cache @protobufjs/aspromise@https://registry.npmjs.org/@protobufjs/aspromise/-/aspromise-1.1.2.tgz 0ms (cache hit)
1160 http cache @popperjs/core@https://registry.npmjs.org/@popperjs/core/-/core-2.11.8.tgz 0ms (cache hit)
1161 http cache @parcel/watcher-win32-x64@https://registry.npmjs.org/@parcel/watcher-win32-x64/-/watcher-win32-x64-2.5.1.tgz 0ms (cache hit)
1162 http cache @pkgjs/parseargs@https://registry.npmjs.org/@pkgjs/parseargs/-/parseargs-0.11.0.tgz 0ms (cache hit)
1163 http cache @protobufjs/base64@https://registry.npmjs.org/@protobufjs/base64/-/base64-1.1.2.tgz 0ms (cache hit)
1164 http cache @nodelib/fs.scandir@https://registry.npmjs.org/@nodelib/fs.scandir/-/fs.scandir-2.1.5.tgz 0ms (cache hit)
1165 http cache @mui/x-date-pickers@https://registry.npmjs.org/@mui/x-date-pickers/-/x-date-pickers-7.28.0.tgz 0ms (cache hit)
1166 http cache @parcel/watcher@https://registry.npmjs.org/@parcel/watcher/-/watcher-2.5.1.tgz 0ms (cache hit)
1167 http cache @nicolo-ribaudo/eslint-scope-5-internals@https://registry.npmjs.org/@nicolo-ribaudo/eslint-scope-5-internals/-/eslint-scope-5-internals-5.1.1-v1.tgz 0ms (cache hit)
1168 http cache @mui/utils@https://registry.npmjs.org/@mui/utils/-/utils-6.4.8.tgz 0ms (cache hit)
1169 http cache @nodelib/fs.walk@https://registry.npmjs.org/@nodelib/fs.walk/-/fs.walk-1.2.8.tgz 0ms (cache hit)
1170 http cache @mui/system@https://registry.npmjs.org/@mui/system/-/system-6.4.8.tgz 0ms (cache hit)
1171 http cache @mui/types@https://registry.npmjs.org/@mui/types/-/types-7.2.24.tgz 0ms (cache hit)
1172 http cache @mui/x-internals@https://registry.npmjs.org/@mui/x-internals/-/x-internals-7.28.0.tgz 0ms (cache hit)
1173 http cache @mui/private-theming@https://registry.npmjs.org/@mui/private-theming/-/private-theming-6.4.8.tgz 0ms (cache hit)
1174 http cache @mui/styled-engine@https://registry.npmjs.org/@mui/styled-engine/-/styled-engine-6.4.8.tgz 0ms (cache hit)
1175 http cache @mui/material@https://registry.npmjs.org/@mui/material/-/material-6.4.8.tgz 0ms (cache hit)
1176 http cache @leichtgewicht/ip-codec@https://registry.npmjs.org/@leichtgewicht/ip-codec/-/ip-codec-2.0.5.tgz 0ms (cache hit)
1177 http cache @jridgewell/set-array@https://registry.npmjs.org/@jridgewell/set-array/-/set-array-1.2.1.tgz 0ms (cache hit)
1178 http cache @jridgewell/trace-mapping@https://registry.npmjs.org/@jridgewell/trace-mapping/-/trace-mapping-0.3.25.tgz 0ms (cache hit)
1179 http cache @mui/core-downloads-tracker@https://registry.npmjs.org/@mui/core-downloads-tracker/-/core-downloads-tracker-6.4.8.tgz 0ms (cache hit)
1180 http cache @jridgewell/sourcemap-codec@https://registry.npmjs.org/@jridgewell/sourcemap-codec/-/sourcemap-codec-1.5.0.tgz 0ms (cache hit)
1181 http cache @jest/transform@https://registry.npmjs.org/@jest/transform/-/transform-27.5.1.tgz 0ms (cache hit)
1182 http cache @jridgewell/resolve-uri@https://registry.npmjs.org/@jridgewell/resolve-uri/-/resolve-uri-3.1.2.tgz 1ms (cache hit)
1183 http cache @jridgewell/gen-mapping@https://registry.npmjs.org/@jridgewell/gen-mapping/-/gen-mapping-0.3.8.tgz 0ms (cache hit)
1184 http cache @jest/types@https://registry.npmjs.org/@jest/types/-/types-27.5.1.tgz 0ms (cache hit)
1185 http cache @jridgewell/source-map@https://registry.npmjs.org/@jridgewell/source-map/-/source-map-0.3.6.tgz 0ms (cache hit)
1186 http cache @jest/test-result@https://registry.npmjs.org/@jest/test-result/-/test-result-27.5.1.tgz 0ms (cache hit)
1187 http cache @jest/test-sequencer@https://registry.npmjs.org/@jest/test-sequencer/-/test-sequencer-27.5.1.tgz 0ms (cache hit)
1188 http cache @jest/source-map@https://registry.npmjs.org/@jest/source-map/-/source-map-27.5.1.tgz 0ms (cache hit)
1189 http cache @jest/environment@https://registry.npmjs.org/@jest/environment/-/environment-27.5.1.tgz 0ms (cache hit)
1190 http cache @jest/reporters@https://registry.npmjs.org/@jest/reporters/-/reporters-27.5.1.tgz 0ms (cache hit)
1191 http cache @jest/globals@https://registry.npmjs.org/@jest/globals/-/globals-27.5.1.tgz 0ms (cache hit)
1192 http cache @jest/schemas@https://registry.npmjs.org/@jest/schemas/-/schemas-28.1.3.tgz 0ms (cache hit)
1193 http cache @istanbuljs/schema@https://registry.npmjs.org/@istanbuljs/schema/-/schema-0.1.3.tgz 0ms (cache hit)
1194 http cache @jest/core@https://registry.npmjs.org/@jest/core/-/core-27.5.1.tgz 0ms (cache hit)
1195 http cache @istanbuljs/load-nyc-config@https://registry.npmjs.org/@istanbuljs/load-nyc-config/-/load-nyc-config-1.1.0.tgz 0ms (cache hit)
1196 http cache @isaacs/cliui@https://registry.npmjs.org/@isaacs/cliui/-/cliui-8.0.2.tgz 0ms (cache hit)
1197 http cache @humanwhocodes/object-schema@https://registry.npmjs.org/@humanwhocodes/object-schema/-/object-schema-2.0.3.tgz 0ms (cache hit)
1198 http cache @jest/fake-timers@https://registry.npmjs.org/@jest/fake-timers/-/fake-timers-27.5.1.tgz 0ms (cache hit)
1199 http cache @jest/console@https://registry.npmjs.org/@jest/console/-/console-27.5.1.tgz 0ms (cache hit)
1200 http cache @humanwhocodes/config-array@https://registry.npmjs.org/@humanwhocodes/config-array/-/config-array-0.13.0.tgz 0ms (cache hit)
1201 http cache @humanwhocodes/module-importer@https://registry.npmjs.org/@humanwhocodes/module-importer/-/module-importer-1.0.1.tgz 0ms (cache hit)
1202 http cache @grpc/proto-loader@https://registry.npmjs.org/@grpc/proto-loader/-/proto-loader-0.7.13.tgz 0ms (cache hit)
1203 http cache @fortawesome/free-brands-svg-icons@https://registry.npmjs.org/@fortawesome/free-brands-svg-icons/-/free-brands-svg-icons-6.7.2.tgz 0ms (cache hit)
1204 http cache @floating-ui/react-dom@https://registry.npmjs.org/@floating-ui/react-dom/-/react-dom-2.1.2.tgz 0ms (cache hit)
1205 http cache @fortawesome/fontawesome-svg-core@https://registry.npmjs.org/@fortawesome/fontawesome-svg-core/-/fontawesome-svg-core-6.7.2.tgz 0ms (cache hit)
1206 http cache @fortawesome/free-solid-svg-icons@https://registry.npmjs.org/@fortawesome/free-solid-svg-icons/-/free-solid-svg-icons-6.7.2.tgz 0ms (cache hit)
1207 http cache @floating-ui/react@https://registry.npmjs.org/@floating-ui/react/-/react-0.27.5.tgz 0ms (cache hit)
1208 http cache @fortawesome/fontawesome-common-types@https://registry.npmjs.org/@fortawesome/fontawesome-common-types/-/fontawesome-common-types-6.7.2.tgz 0ms (cache hit)
1209 http cache @grpc/grpc-js@https://registry.npmjs.org/@grpc/grpc-js/-/grpc-js-1.9.15.tgz 0ms (cache hit)
1210 http cache @firebase/webchannel-wrapper@https://registry.npmjs.org/@firebase/webchannel-wrapper/-/webchannel-wrapper-1.0.3.tgz 0ms (cache hit)
1211 http cache @firebase/vertexai@https://registry.npmjs.org/@firebase/vertexai/-/vertexai-1.1.0.tgz 0ms (cache hit)
1212 http cache @fortawesome/react-fontawesome@https://registry.npmjs.org/@fortawesome/react-fontawesome/-/react-fontawesome-0.2.2.tgz 0ms (cache hit)
1213 http cache @floating-ui/utils@https://registry.npmjs.org/@floating-ui/utils/-/utils-0.2.9.tgz 0ms (cache hit)
1214 http cache @floating-ui/core@https://registry.npmjs.org/@floating-ui/core/-/core-1.6.9.tgz 0ms (cache hit)
1215 http cache @firebase/storage-types@https://registry.npmjs.org/@firebase/storage-types/-/storage-types-0.8.3.tgz 0ms (cache hit)
1216 http cache @firebase/util@https://registry.npmjs.org/@firebase/util/-/util-1.11.0.tgz 0ms (cache hit)
1217 http cache @firebase/storage-compat@https://registry.npmjs.org/@firebase/storage-compat/-/storage-compat-0.3.17.tgz 0ms (cache hit)
1218 http cache @firebase/remote-config-types@https://registry.npmjs.org/@firebase/remote-config-types/-/remote-config-types-0.4.0.tgz 0ms (cache hit)
1219 http cache @firebase/remote-config-compat@https://registry.npmjs.org/@firebase/remote-config-compat/-/remote-config-compat-0.2.13.tgz 0ms (cache hit)
1220 http cache @firebase/storage@https://registry.npmjs.org/@firebase/storage/-/storage-0.13.7.tgz 0ms (cache hit)
1221 http cache @firebase/performance-types@https://registry.npmjs.org/@firebase/performance-types/-/performance-types-0.2.3.tgz 0ms (cache hit)
1222 http cache @firebase/remote-config@https://registry.npmjs.org/@firebase/remote-config/-/remote-config-0.6.0.tgz 0ms (cache hit)
1223 http cache @floating-ui/dom@https://registry.npmjs.org/@floating-ui/dom/-/dom-1.6.13.tgz 0ms (cache hit)
1224 http cache @firebase/performance-compat@https://registry.npmjs.org/@firebase/performance-compat/-/performance-compat-0.2.14.tgz 0ms (cache hit)
1225 http cache @firebase/messaging-interop-types@https://registry.npmjs.org/@firebase/messaging-interop-types/-/messaging-interop-types-0.2.3.tgz 0ms (cache hit)
1226 http cache @firebase/performance@https://registry.npmjs.org/@firebase/performance/-/performance-0.7.1.tgz 0ms (cache hit)
1227 http cache @firebase/installations-types@https://registry.npmjs.org/@firebase/installations-types/-/installations-types-0.5.3.tgz 0ms (cache hit)
1228 http cache @firebase/installations-compat@https://registry.npmjs.org/@firebase/installations-compat/-/installations-compat-0.2.13.tgz 0ms (cache hit)
1229 http cache @firebase/messaging-compat@https://registry.npmjs.org/@firebase/messaging-compat/-/messaging-compat-0.2.17.tgz 0ms (cache hit)
1230 http cache @firebase/logger@https://registry.npmjs.org/@firebase/logger/-/logger-0.4.4.tgz 0ms (cache hit)
1231 http cache @firebase/installations@https://registry.npmjs.org/@firebase/installations/-/installations-0.6.13.tgz 0ms (cache hit)
1232 http cache @firebase/messaging@https://registry.npmjs.org/@firebase/messaging/-/messaging-0.12.17.tgz 0ms (cache hit)
1233 http cache @firebase/functions-compat@https://registry.npmjs.org/@firebase/functions-compat/-/functions-compat-0.3.20.tgz 0ms (cache hit)
1234 http cache @firebase/firestore-types@https://registry.npmjs.org/@firebase/firestore-types/-/firestore-types-3.0.3.tgz 0ms (cache hit)
1235 http cache @firebase/database-types@https://registry.npmjs.org/@firebase/database-types/-/database-types-1.0.9.tgz 0ms (cache hit)
1236 http cache @firebase/firestore@https://registry.npmjs.org/@firebase/firestore/-/firestore-4.7.9.tgz 0ms (cache hit)
1237 http cache @firebase/functions-types@https://registry.npmjs.org/@firebase/functions-types/-/functions-types-0.6.3.tgz 0ms (cache hit)
1238 http cache @firebase/functions@https://registry.npmjs.org/@firebase/functions/-/functions-0.12.3.tgz 0ms (cache hit)
1239 http cache @firebase/firestore-compat@https://registry.npmjs.org/@firebase/firestore-compat/-/firestore-compat-0.3.44.tgz 0ms (cache hit)
1240 http cache @firebase/database-compat@https://registry.npmjs.org/@firebase/database-compat/-/database-compat-2.0.4.tgz 0ms (cache hit)
1241 http cache @firebase/component@https://registry.npmjs.org/@firebase/component/-/component-0.6.13.tgz 0ms (cache hit)
1242 http cache @firebase/auth-types@https://registry.npmjs.org/@firebase/auth-types/-/auth-types-0.13.0.tgz 0ms (cache hit)
1243 http cache @firebase/database@https://registry.npmjs.org/@firebase/database/-/database-1.0.13.tgz 0ms (cache hit)
1244 http cache @firebase/data-connect@https://registry.npmjs.org/@firebase/data-connect/-/data-connect-0.3.1.tgz 0ms (cache hit)
1245 http cache @firebase/auth-interop-types@https://registry.npmjs.org/@firebase/auth-interop-types/-/auth-interop-types-0.2.4.tgz 0ms (cache hit)
1246 http cache @firebase/auth@https://registry.npmjs.org/@firebase/auth/-/auth-1.9.1.tgz 0ms (cache hit)
1247 http cache @firebase/app-compat@https://registry.npmjs.org/@firebase/app-compat/-/app-compat-0.2.51.tgz 0ms (cache hit)
1248 http cache @firebase/auth-compat@https://registry.npmjs.org/@firebase/auth-compat/-/auth-compat-0.5.19.tgz 0ms (cache hit)
1249 http cache @firebase/app-types@https://registry.npmjs.org/@firebase/app-types/-/app-types-0.9.3.tgz 0ms (cache hit)
1250 http cache @firebase/app-check-interop-types@https://registry.npmjs.org/@firebase/app-check-interop-types/-/app-check-interop-types-0.3.3.tgz 0ms (cache hit)
1251 http cache @firebase/app-check-compat@https://registry.npmjs.org/@firebase/app-check-compat/-/app-check-compat-0.3.19.tgz 0ms (cache hit)
1252 http cache @firebase/app@https://registry.npmjs.org/@firebase/app/-/app-0.11.2.tgz 0ms (cache hit)
1253 http cache @firebase/app-check-types@https://registry.npmjs.org/@firebase/app-check-types/-/app-check-types-0.5.3.tgz 0ms (cache hit)
1254 http cache @firebase/app-check@https://registry.npmjs.org/@firebase/app-check/-/app-check-0.8.12.tgz 0ms (cache hit)
1255 http cache @eslint/js@https://registry.npmjs.org/@eslint/js/-/js-8.57.1.tgz 0ms (cache hit)
1256 http cache @firebase/analytics-types@https://registry.npmjs.org/@firebase/analytics-types/-/analytics-types-0.8.3.tgz 0ms (cache hit)
1257 http cache @firebase/analytics@https://registry.npmjs.org/@firebase/analytics/-/analytics-0.10.12.tgz 0ms (cache hit)
1258 http cache @firebase/analytics-compat@https://registry.npmjs.org/@firebase/analytics-compat/-/analytics-compat-0.2.18.tgz 0ms (cache hit)
1259 http cache @eslint/eslintrc@https://registry.npmjs.org/@eslint/eslintrc/-/eslintrc-2.1.4.tgz 0ms (cache hit)
1260 http cache @eslint-community/regexpp@https://registry.npmjs.org/@eslint-community/regexpp/-/regexpp-4.12.1.tgz 0ms (cache hit)
1261 http cache @eslint-community/eslint-utils@https://registry.npmjs.org/@eslint-community/eslint-utils/-/eslint-utils-4.4.1.tgz 0ms (cache hit)
1262 http cache @emotion/weak-memoize@https://registry.npmjs.org/@emotion/weak-memoize/-/weak-memoize-0.4.0.tgz 0ms (cache hit)
1263 http cache @emotion/unitless@https://registry.npmjs.org/@emotion/unitless/-/unitless-0.10.0.tgz 0ms (cache hit)
1264 http cache @emotion/styled@https://registry.npmjs.org/@emotion/styled/-/styled-11.14.0.tgz 0ms (cache hit)
1265 http cache @emotion/utils@https://registry.npmjs.org/@emotion/utils/-/utils-1.4.2.tgz 0ms (cache hit)
1266 http cache @emotion/sheet@https://registry.npmjs.org/@emotion/sheet/-/sheet-1.4.0.tgz 0ms (cache hit)
1267 http cache @emotion/use-insertion-effect-with-fallbacks@https://registry.npmjs.org/@emotion/use-insertion-effect-with-fallbacks/-/use-insertion-effect-with-fallbacks-1.2.0.tgz 0ms (cache hit)
1268 http cache @emotion/serialize@https://registry.npmjs.org/@emotion/serialize/-/serialize-1.3.3.tgz 0ms (cache hit)
1269 http cache @emotion/memoize@https://registry.npmjs.org/@emotion/memoize/-/memoize-0.9.0.tgz 0ms (cache hit)
1270 http cache @emotion/hash@https://registry.npmjs.org/@emotion/hash/-/hash-0.9.2.tgz 0ms (cache hit)
1271 http cache @emotion/react@https://registry.npmjs.org/@emotion/react/-/react-11.14.0.tgz 0ms (cache hit)
1272 http cache @emotion/cache@https://registry.npmjs.org/@emotion/cache/-/cache-11.14.0.tgz 0ms (cache hit)
1273 http cache @emotion/is-prop-valid@https://registry.npmjs.org/@emotion/is-prop-valid/-/is-prop-valid-1.3.1.tgz 0ms (cache hit)
1274 http cache @cypress/request@https://registry.npmjs.org/@cypress/request/-/request-3.0.8.tgz 0ms (cache hit)
1275 http cache @emotion/babel-plugin@https://registry.npmjs.org/@emotion/babel-plugin/-/babel-plugin-11.13.5.tgz 0ms (cache hit)
1276 http cache @csstools/postcss-unset-value@https://registry.npmjs.org/@csstools/postcss-unset-value/-/postcss-unset-value-1.0.2.tgz 0ms (cache hit)
1277 http cache @csstools/postcss-trigonometric-functions@https://registry.npmjs.org/@csstools/postcss-trigonometric-functions/-/postcss-trigonometric-functions-1.0.2.tgz 0ms (cache hit)
1278 http cache @cypress/xvfb@https://registry.npmjs.org/@cypress/xvfb/-/xvfb-1.2.4.tgz 0ms (cache hit)
1279 http cache @csstools/selector-specificity@https://registry.npmjs.org/@csstools/selector-specificity/-/selector-specificity-2.2.0.tgz 0ms (cache hit)
1280 http cache @csstools/postcss-text-decoration-shorthand@https://registry.npmjs.org/@csstools/postcss-text-decoration-shorthand/-/postcss-text-decoration-shorthand-1.0.0.tgz 0ms (cache hit)
1281 http cache @csstools/postcss-progressive-custom-properties@https://registry.npmjs.org/@csstools/postcss-progressive-custom-properties/-/postcss-progressive-custom-properties-1.3.0.tgz 0ms (cache hit)
1282 http cache @csstools/postcss-normalize-display-values@https://registry.npmjs.org/@csstools/postcss-normalize-display-values/-/postcss-normalize-display-values-1.0.1.tgz 0ms (cache hit)
1283 http cache @csstools/postcss-stepped-value-functions@https://registry.npmjs.org/@csstools/postcss-stepped-value-functions/-/postcss-stepped-value-functions-1.0.1.tgz 0ms (cache hit)
1284 http cache @csstools/postcss-is-pseudo-class@https://registry.npmjs.org/@csstools/postcss-is-pseudo-class/-/postcss-is-pseudo-class-2.0.7.tgz 0ms (cache hit)
1285 http cache @csstools/postcss-ic-unit@https://registry.npmjs.org/@csstools/postcss-ic-unit/-/postcss-ic-unit-1.0.1.tgz 0ms (cache hit)
1286 http cache @csstools/postcss-oklab-function@https://registry.npmjs.org/@csstools/postcss-oklab-function/-/postcss-oklab-function-1.1.1.tgz 0ms (cache hit)
1287 http cache @csstools/postcss-hwb-function@https://registry.npmjs.org/@csstools/postcss-hwb-function/-/postcss-hwb-function-1.0.2.tgz 0ms (cache hit)
1288 http cache @csstools/postcss-color-function@https://registry.npmjs.org/@csstools/postcss-color-function/-/postcss-color-function-1.1.1.tgz 0ms (cache hit)
1289 http cache @csstools/postcss-nested-calc@https://registry.npmjs.org/@csstools/postcss-nested-calc/-/postcss-nested-calc-1.0.0.tgz 0ms (cache hit)
1290 http cache @csstools/normalize.css@https://registry.npmjs.org/@csstools/normalize.css/-/normalize.css-12.1.1.tgz 0ms (cache hit)
1291 http cache @csstools/postcss-cascade-layers@https://registry.npmjs.org/@csstools/postcss-cascade-layers/-/postcss-cascade-layers-1.1.1.tgz 0ms (cache hit)
1292 http cache @csstools/postcss-font-format-keywords@https://registry.npmjs.org/@csstools/postcss-font-format-keywords/-/postcss-font-format-keywords-1.0.1.tgz 0ms (cache hit)
1293 http cache @babel/types@https://registry.npmjs.org/@babel/types/-/types-7.26.9.tgz 0ms (cache hit)
1294 http cache @babel/template@https://registry.npmjs.org/@babel/template/-/template-7.26.9.tgz 0ms (cache hit)
1295 http cache @bcoe/v8-coverage@https://registry.npmjs.org/@bcoe/v8-coverage/-/v8-coverage-0.2.3.tgz 0ms (cache hit)
1296 http cache @babel/runtime@https://registry.npmjs.org/@babel/runtime/-/runtime-7.29.2.tgz 0ms (cache hit)
1297 http cache @babel/preset-typescript@https://registry.npmjs.org/@babel/preset-typescript/-/preset-typescript-7.26.0.tgz 0ms (cache hit)
1298 http cache @babel/traverse@https://registry.npmjs.org/@babel/traverse/-/traverse-7.26.9.tgz 0ms (cache hit)
1299 http cache @babel/preset-env@https://registry.npmjs.org/@babel/preset-env/-/preset-env-7.26.9.tgz 0ms (cache hit)
1300 http cache @babel/preset-modules@https://registry.npmjs.org/@babel/preset-modules/-/preset-modules-0.1.6-no-external-plugins.tgz 0ms (cache hit)
1301 http cache @babel/preset-react@https://registry.npmjs.org/@babel/preset-react/-/preset-react-7.26.3.tgz 0ms (cache hit)
1302 http cache @babel/plugin-transform-unicode-regex@https://registry.npmjs.org/@babel/plugin-transform-unicode-regex/-/plugin-transform-unicode-regex-7.25.9.tgz 0ms (cache hit)
1303 http cache @babel/plugin-transform-unicode-escapes@https://registry.npmjs.org/@babel/plugin-transform-unicode-escapes/-/plugin-transform-unicode-escapes-7.25.9.tgz 0ms (cache hit)
1304 http cache @babel/plugin-transform-typescript@https://registry.npmjs.org/@babel/plugin-transform-typescript/-/plugin-transform-typescript-7.26.8.tgz 0ms (cache hit)
1305 http cache @babel/plugin-transform-typeof-symbol@https://registry.npmjs.org/@babel/plugin-transform-typeof-symbol/-/plugin-transform-typeof-symbol-7.26.7.tgz 0ms (cache hit)
1306 http cache @babel/plugin-transform-unicode-property-regex@https://registry.npmjs.org/@babel/plugin-transform-unicode-property-regex/-/plugin-transform-unicode-property-regex-7.25.9.tgz 0ms (cache hit)
1307 http cache @babel/plugin-transform-unicode-sets-regex@https://registry.npmjs.org/@babel/plugin-transform-unicode-sets-regex/-/plugin-transform-unicode-sets-regex-7.25.9.tgz 0ms (cache hit)
1308 http cache @babel/plugin-transform-sticky-regex@https://registry.npmjs.org/@babel/plugin-transform-sticky-regex/-/plugin-transform-sticky-regex-7.25.9.tgz 0ms (cache hit)
1309 http cache @babel/plugin-transform-spread@https://registry.npmjs.org/@babel/plugin-transform-spread/-/plugin-transform-spread-7.25.9.tgz 0ms (cache hit)
1310 http cache @babel/plugin-transform-runtime@https://registry.npmjs.org/@babel/plugin-transform-runtime/-/plugin-transform-runtime-7.26.9.tgz 0ms (cache hit)
1311 http cache @babel/plugin-transform-template-literals@https://registry.npmjs.org/@babel/plugin-transform-template-literals/-/plugin-transform-template-literals-7.26.8.tgz 0ms (cache hit)
1312 http cache @babel/plugin-transform-reserved-words@https://registry.npmjs.org/@babel/plugin-transform-reserved-words/-/plugin-transform-reserved-words-7.25.9.tgz 0ms (cache hit)
1313 http cache @babel/plugin-transform-shorthand-properties@https://registry.npmjs.org/@babel/plugin-transform-shorthand-properties/-/plugin-transform-shorthand-properties-7.25.9.tgz 0ms (cache hit)
1314 http cache @babel/plugin-transform-regexp-modifiers@https://registry.npmjs.org/@babel/plugin-transform-regexp-modifiers/-/plugin-transform-regexp-modifiers-7.26.0.tgz 0ms (cache hit)
1315 http cache @babel/plugin-transform-react-jsx-development@https://registry.npmjs.org/@babel/plugin-transform-react-jsx-development/-/plugin-transform-react-jsx-development-7.25.9.tgz 0ms (cache hit)
1316 http cache @babel/plugin-transform-react-pure-annotations@https://registry.npmjs.org/@babel/plugin-transform-react-pure-annotations/-/plugin-transform-react-pure-annotations-7.25.9.tgz 0ms (cache hit)
1317 http cache @babel/plugin-transform-react-display-name@https://registry.npmjs.org/@babel/plugin-transform-react-display-name/-/plugin-transform-react-display-name-7.25.9.tgz 0ms (cache hit)
1318 http cache @babel/plugin-transform-react-jsx@https://registry.npmjs.org/@babel/plugin-transform-react-jsx/-/plugin-transform-react-jsx-7.25.9.tgz 0ms (cache hit)
1319 http cache @babel/plugin-transform-regenerator@https://registry.npmjs.org/@babel/plugin-transform-regenerator/-/plugin-transform-regenerator-7.25.9.tgz 0ms (cache hit)
1320 http cache @babel/plugin-transform-react-constant-elements@https://registry.npmjs.org/@babel/plugin-transform-react-constant-elements/-/plugin-transform-react-constant-elements-7.25.9.tgz 0ms (cache hit)
1321 http cache @babel/plugin-transform-private-property-in-object@https://registry.npmjs.org/@babel/plugin-transform-private-property-in-object/-/plugin-transform-private-property-in-object-7.25.9.tgz 0ms (cache hit)
1322 http cache @babel/plugin-transform-property-literals@https://registry.npmjs.org/@babel/plugin-transform-property-literals/-/plugin-transform-property-literals-7.25.9.tgz 0ms (cache hit)
1323 http cache @babel/plugin-transform-private-methods@https://registry.npmjs.org/@babel/plugin-transform-private-methods/-/plugin-transform-private-methods-7.25.9.tgz 0ms (cache hit)
1324 http cache @babel/plugin-transform-optional-catch-binding@https://registry.npmjs.org/@babel/plugin-transform-optional-catch-binding/-/plugin-transform-optional-catch-binding-7.25.9.tgz 0ms (cache hit)
1325 http cache @babel/plugin-transform-optional-chaining@https://registry.npmjs.org/@babel/plugin-transform-optional-chaining/-/plugin-transform-optional-chaining-7.25.9.tgz 0ms (cache hit)
1326 http cache @babel/plugin-transform-parameters@https://registry.npmjs.org/@babel/plugin-transform-parameters/-/plugin-transform-parameters-7.25.9.tgz 0ms (cache hit)
1327 http cache @babel/plugin-transform-object-super@https://registry.npmjs.org/@babel/plugin-transform-object-super/-/plugin-transform-object-super-7.25.9.tgz 0ms (cache hit)
1328 http cache @babel/plugin-transform-numeric-separator@https://registry.npmjs.org/@babel/plugin-transform-numeric-separator/-/plugin-transform-numeric-separator-7.25.9.tgz 0ms (cache hit)
1329 http cache @babel/plugin-transform-object-rest-spread@https://registry.npmjs.org/@babel/plugin-transform-object-rest-spread/-/plugin-transform-object-rest-spread-7.25.9.tgz 0ms (cache hit)
1330 http cache @babel/plugin-transform-named-capturing-groups-regex@https://registry.npmjs.org/@babel/plugin-transform-named-capturing-groups-regex/-/plugin-transform-named-capturing-groups-regex-7.25.9.tgz 0ms (cache hit)
1331 http cache @babel/plugin-transform-modules-umd@https://registry.npmjs.org/@babel/plugin-transform-modules-umd/-/plugin-transform-modules-umd-7.25.9.tgz 0ms (cache hit)
1332 http cache @babel/plugin-transform-nullish-coalescing-operator@https://registry.npmjs.org/@babel/plugin-transform-nullish-coalescing-operator/-/plugin-transform-nullish-coalescing-operator-7.26.6.tgz 0ms (cache hit)
1333 http cache @babel/plugin-transform-new-target@https://registry.npmjs.org/@babel/plugin-transform-new-target/-/plugin-transform-new-target-7.25.9.tgz 0ms (cache hit)
1334 http cache @babel/plugin-transform-modules-systemjs@https://registry.npmjs.org/@babel/plugin-transform-modules-systemjs/-/plugin-transform-modules-systemjs-7.25.9.tgz 0ms (cache hit)
1335 http cache @babel/plugin-transform-modules-commonjs@https://registry.npmjs.org/@babel/plugin-transform-modules-commonjs/-/plugin-transform-modules-commonjs-7.26.3.tgz 0ms (cache hit)
1336 http cache @babel/plugin-transform-logical-assignment-operators@https://registry.npmjs.org/@babel/plugin-transform-logical-assignment-operators/-/plugin-transform-logical-assignment-operators-7.25.9.tgz 0ms (cache hit)
1337 http cache @babel/plugin-transform-member-expression-literals@https://registry.npmjs.org/@babel/plugin-transform-member-expression-literals/-/plugin-transform-member-expression-literals-7.25.9.tgz 0ms (cache hit)
1338 http cache @babel/plugin-transform-literals@https://registry.npmjs.org/@babel/plugin-transform-literals/-/plugin-transform-literals-7.25.9.tgz 0ms (cache hit)
1339 http cache @babel/plugin-transform-modules-amd@https://registry.npmjs.org/@babel/plugin-transform-modules-amd/-/plugin-transform-modules-amd-7.25.9.tgz 0ms (cache hit)
1340 http cache @babel/plugin-transform-function-name@https://registry.npmjs.org/@babel/plugin-transform-function-name/-/plugin-transform-function-name-7.25.9.tgz 0ms (cache hit)
1341 http cache @babel/plugin-transform-json-strings@https://registry.npmjs.org/@babel/plugin-transform-json-strings/-/plugin-transform-json-strings-7.25.9.tgz 0ms (cache hit)
1342 http cache @babel/plugin-transform-for-of@https://registry.npmjs.org/@babel/plugin-transform-for-of/-/plugin-transform-for-of-7.26.9.tgz 0ms (cache hit)
1343 http cache @babel/plugin-transform-flow-strip-types@https://registry.npmjs.org/@babel/plugin-transform-flow-strip-types/-/plugin-transform-flow-strip-types-7.26.5.tgz 0ms (cache hit)
1344 http cache @babel/plugin-transform-dynamic-import@https://registry.npmjs.org/@babel/plugin-transform-dynamic-import/-/plugin-transform-dynamic-import-7.25.9.tgz 0ms (cache hit)
1345 http cache @babel/plugin-transform-exponentiation-operator@https://registry.npmjs.org/@babel/plugin-transform-exponentiation-operator/-/plugin-transform-exponentiation-operator-7.26.3.tgz 0ms (cache hit)
1346 http cache @babel/plugin-transform-export-namespace-from@https://registry.npmjs.org/@babel/plugin-transform-export-namespace-from/-/plugin-transform-export-namespace-from-7.25.9.tgz 0ms (cache hit)
1347 http cache @babel/plugin-transform-duplicate-named-capturing-groups-regex@https://registry.npmjs.org/@babel/plugin-transform-duplicate-named-capturing-groups-regex/-/plugin-transform-duplicate-named-capturing-groups-regex-7.25.9.tgz 0ms (cache hit)
1348 http cache @babel/plugin-transform-duplicate-keys@https://registry.npmjs.org/@babel/plugin-transform-duplicate-keys/-/plugin-transform-duplicate-keys-7.25.9.tgz 0ms (cache hit)
1349 http cache @babel/plugin-transform-dotall-regex@https://registry.npmjs.org/@babel/plugin-transform-dotall-regex/-/plugin-transform-dotall-regex-7.25.9.tgz 0ms (cache hit)
1350 http cache @babel/plugin-transform-destructuring@https://registry.npmjs.org/@babel/plugin-transform-destructuring/-/plugin-transform-destructuring-7.25.9.tgz 0ms (cache hit)
1351 http cache @babel/plugin-transform-classes@https://registry.npmjs.org/@babel/plugin-transform-classes/-/plugin-transform-classes-7.25.9.tgz 0ms (cache hit)
1352 http cache @babel/plugin-transform-class-static-block@https://registry.npmjs.org/@babel/plugin-transform-class-static-block/-/plugin-transform-class-static-block-7.26.0.tgz 0ms (cache hit)
1353 http cache @babel/plugin-transform-computed-properties@https://registry.npmjs.org/@babel/plugin-transform-computed-properties/-/plugin-transform-computed-properties-7.25.9.tgz 0ms (cache hit)
1354 http cache @babel/plugin-transform-class-properties@https://registry.npmjs.org/@babel/plugin-transform-class-properties/-/plugin-transform-class-properties-7.25.9.tgz 0ms (cache hit)
1355 http cache @babel/plugin-transform-block-scoping@https://registry.npmjs.org/@babel/plugin-transform-block-scoping/-/plugin-transform-block-scoping-7.25.9.tgz 0ms (cache hit)
1356 http cache @babel/plugin-transform-async-to-generator@https://registry.npmjs.org/@babel/plugin-transform-async-to-generator/-/plugin-transform-async-to-generator-7.25.9.tgz 0ms (cache hit)
1357 http cache @babel/plugin-transform-async-generator-functions@https://registry.npmjs.org/@babel/plugin-transform-async-generator-functions/-/plugin-transform-async-generator-functions-7.26.8.tgz 0ms (cache hit)
1358 http cache @babel/plugin-syntax-unicode-sets-regex@https://registry.npmjs.org/@babel/plugin-syntax-unicode-sets-regex/-/plugin-syntax-unicode-sets-regex-7.18.6.tgz 0ms (cache hit)
1359 http cache @babel/plugin-transform-block-scoped-functions@https://registry.npmjs.org/@babel/plugin-transform-block-scoped-functions/-/plugin-transform-block-scoped-functions-7.26.5.tgz 0ms (cache hit)
1360 http cache @babel/plugin-transform-arrow-functions@https://registry.npmjs.org/@babel/plugin-transform-arrow-functions/-/plugin-transform-arrow-functions-7.25.9.tgz 0ms (cache hit)
1361 http cache @babel/plugin-syntax-typescript@https://registry.npmjs.org/@babel/plugin-syntax-typescript/-/plugin-syntax-typescript-7.25.9.tgz 0ms (cache hit)
1362 http cache @babel/plugin-syntax-optional-catch-binding@https://registry.npmjs.org/@babel/plugin-syntax-optional-catch-binding/-/plugin-syntax-optional-catch-binding-7.8.3.tgz 0ms (cache hit)
1363 http cache @babel/plugin-syntax-private-property-in-object@https://registry.npmjs.org/@babel/plugin-syntax-private-property-in-object/-/plugin-syntax-private-property-in-object-7.14.5.tgz 0ms (cache hit)
1364 http cache @babel/plugin-syntax-object-rest-spread@https://registry.npmjs.org/@babel/plugin-syntax-object-rest-spread/-/plugin-syntax-object-rest-spread-7.8.3.tgz 0ms (cache hit)
1365 http cache @babel/plugin-syntax-logical-assignment-operators@https://registry.npmjs.org/@babel/plugin-syntax-logical-assignment-operators/-/plugin-syntax-logical-assignment-operators-7.10.4.tgz 0ms (cache hit)
1366 http cache @babel/plugin-syntax-optional-chaining@https://registry.npmjs.org/@babel/plugin-syntax-optional-chaining/-/plugin-syntax-optional-chaining-7.8.3.tgz 0ms (cache hit)
1367 http cache @babel/plugin-syntax-top-level-await@https://registry.npmjs.org/@babel/plugin-syntax-top-level-await/-/plugin-syntax-top-level-await-7.14.5.tgz 0ms (cache hit)
1368 http cache @babel/plugin-syntax-nullish-coalescing-operator@https://registry.npmjs.org/@babel/plugin-syntax-nullish-coalescing-operator/-/plugin-syntax-nullish-coalescing-operator-7.8.3.tgz 0ms (cache hit)
1369 http cache @babel/plugin-syntax-jsx@https://registry.npmjs.org/@babel/plugin-syntax-jsx/-/plugin-syntax-jsx-7.25.9.tgz 0ms (cache hit)
1370 http cache @babel/plugin-syntax-numeric-separator@https://registry.npmjs.org/@babel/plugin-syntax-numeric-separator/-/plugin-syntax-numeric-separator-7.10.4.tgz 0ms (cache hit)
1371 http cache @babel/plugin-syntax-import-meta@https://registry.npmjs.org/@babel/plugin-syntax-import-meta/-/plugin-syntax-import-meta-7.10.4.tgz 0ms (cache hit)
1372 http cache @babel/plugin-syntax-import-attributes@https://registry.npmjs.org/@babel/plugin-syntax-import-attributes/-/plugin-syntax-import-attributes-7.26.0.tgz 0ms (cache hit)
1373 http cache @babel/plugin-syntax-json-strings@https://registry.npmjs.org/@babel/plugin-syntax-json-strings/-/plugin-syntax-json-strings-7.8.3.tgz 0ms (cache hit)
1374 http cache @babel/plugin-syntax-import-assertions@https://registry.npmjs.org/@babel/plugin-syntax-import-assertions/-/plugin-syntax-import-assertions-7.26.0.tgz 0ms (cache hit)
1375 http cache @babel/plugin-syntax-decorators@https://registry.npmjs.org/@babel/plugin-syntax-decorators/-/plugin-syntax-decorators-7.25.9.tgz 0ms (cache hit)
1376 http cache @babel/plugin-syntax-class-static-block@https://registry.npmjs.org/@babel/plugin-syntax-class-static-block/-/plugin-syntax-class-static-block-7.14.5.tgz 0ms (cache hit)
1377 http cache @babel/plugin-syntax-async-generators@https://registry.npmjs.org/@babel/plugin-syntax-async-generators/-/plugin-syntax-async-generators-7.8.4.tgz 0ms (cache hit)
1378 http cache @babel/plugin-syntax-class-properties@https://registry.npmjs.org/@babel/plugin-syntax-class-properties/-/plugin-syntax-class-properties-7.12.13.tgz 0ms (cache hit)
1379 http cache @babel/plugin-syntax-flow@https://registry.npmjs.org/@babel/plugin-syntax-flow/-/plugin-syntax-flow-7.26.0.tgz 0ms (cache hit)
1380 http cache @babel/plugin-syntax-bigint@https://registry.npmjs.org/@babel/plugin-syntax-bigint/-/plugin-syntax-bigint-7.8.3.tgz 0ms (cache hit)
1381 http cache @babel/plugin-proposal-private-property-in-object@https://registry.npmjs.org/@babel/plugin-proposal-private-property-in-object/-/plugin-proposal-private-property-in-object-7.21.0-placeholder-for-preset-env.2.tgz 0ms (cache hit)
1382 http cache @babel/plugin-proposal-private-methods@https://registry.npmjs.org/@babel/plugin-proposal-private-methods/-/plugin-proposal-private-methods-7.18.6.tgz 0ms (cache hit)
1383 http cache @babel/plugin-proposal-numeric-separator@https://registry.npmjs.org/@babel/plugin-proposal-numeric-separator/-/plugin-proposal-numeric-separator-7.18.6.tgz 0ms (cache hit)
1384 http cache @babel/plugin-proposal-class-properties@https://registry.npmjs.org/@babel/plugin-proposal-class-properties/-/plugin-proposal-class-properties-7.18.6.tgz 0ms (cache hit)
1385 http cache @babel/plugin-proposal-optional-chaining@https://registry.npmjs.org/@babel/plugin-proposal-optional-chaining/-/plugin-proposal-optional-chaining-7.21.0.tgz 0ms (cache hit)
1386 http cache @babel/plugin-proposal-nullish-coalescing-operator@https://registry.npmjs.org/@babel/plugin-proposal-nullish-coalescing-operator/-/plugin-proposal-nullish-coalescing-operator-7.18.6.tgz 0ms (cache hit)
1387 http cache @babel/plugin-bugfix-v8-static-class-fields-redefine-readonly@https://registry.npmjs.org/@babel/plugin-bugfix-v8-static-class-fields-redefine-readonly/-/plugin-bugfix-v8-static-class-fields-redefine-readonly-7.25.9.tgz 0ms (cache hit)
1388 http cache @babel/plugin-proposal-decorators@https://registry.npmjs.org/@babel/plugin-proposal-decorators/-/plugin-proposal-decorators-7.25.9.tgz 0ms (cache hit)
1389 http cache @babel/plugin-bugfix-safari-id-destructuring-collision-in-function-expression@https://registry.npmjs.org/@babel/plugin-bugfix-safari-id-destructuring-collision-in-function-expression/-/plugin-bugfix-safari-id-destructuring-collision-in-function-expression-7.25.9.tgz 0ms (cache hit)
1390 http cache @babel/parser@https://registry.npmjs.org/@babel/parser/-/parser-7.26.9.tgz 0ms (cache hit)
1391 http cache @babel/plugin-bugfix-safari-class-field-initializer-scope@https://registry.npmjs.org/@babel/plugin-bugfix-safari-class-field-initializer-scope/-/plugin-bugfix-safari-class-field-initializer-scope-7.25.9.tgz 0ms (cache hit)
1392 http cache @babel/plugin-bugfix-v8-spread-parameters-in-optional-chaining@https://registry.npmjs.org/@babel/plugin-bugfix-v8-spread-parameters-in-optional-chaining/-/plugin-bugfix-v8-spread-parameters-in-optional-chaining-7.25.9.tgz 0ms (cache hit)
1393 http cache @babel/plugin-bugfix-firefox-class-in-computed-class-key@https://registry.npmjs.org/@babel/plugin-bugfix-firefox-class-in-computed-class-key/-/plugin-bugfix-firefox-class-in-computed-class-key-7.25.9.tgz 0ms (cache hit)
1394 http cache @babel/helpers@https://registry.npmjs.org/@babel/helpers/-/helpers-7.26.9.tgz 0ms (cache hit)
1395 http cache @babel/helper-wrap-function@https://registry.npmjs.org/@babel/helper-wrap-function/-/helper-wrap-function-7.25.9.tgz 0ms (cache hit)
1396 http cache @babel/helper-validator-option@https://registry.npmjs.org/@babel/helper-validator-option/-/helper-validator-option-7.25.9.tgz 0ms (cache hit)
1397 http cache @babel/helper-validator-identifier@https://registry.npmjs.org/@babel/helper-validator-identifier/-/helper-validator-identifier-7.25.9.tgz 0ms (cache hit)
1398 http cache @babel/helper-string-parser@https://registry.npmjs.org/@babel/helper-string-parser/-/helper-string-parser-7.25.9.tgz 0ms (cache hit)
1399 http cache @babel/helper-skip-transparent-expression-wrappers@https://registry.npmjs.org/@babel/helper-skip-transparent-expression-wrappers/-/helper-skip-transparent-expression-wrappers-7.25.9.tgz 0ms (cache hit)
1400 http cache @babel/helper-replace-supers@https://registry.npmjs.org/@babel/helper-replace-supers/-/helper-replace-supers-7.26.5.tgz 0ms (cache hit)
1401 http cache @babel/helper-remap-async-to-generator@https://registry.npmjs.org/@babel/helper-remap-async-to-generator/-/helper-remap-async-to-generator-7.25.9.tgz 0ms (cache hit)
1402 http cache @babel/helper-plugin-utils@https://registry.npmjs.org/@babel/helper-plugin-utils/-/helper-plugin-utils-7.26.5.tgz 0ms (cache hit)
1403 http cache @babel/helper-optimise-call-expression@https://registry.npmjs.org/@babel/helper-optimise-call-expression/-/helper-optimise-call-expression-7.25.9.tgz 0ms (cache hit)
1404 http cache @babel/helper-module-transforms@https://registry.npmjs.org/@babel/helper-module-transforms/-/helper-module-transforms-7.26.0.tgz 0ms (cache hit)
1405 http cache @babel/helper-module-imports@https://registry.npmjs.org/@babel/helper-module-imports/-/helper-module-imports-7.25.9.tgz 0ms (cache hit)
1406 http cache @babel/helper-member-expression-to-functions@https://registry.npmjs.org/@babel/helper-member-expression-to-functions/-/helper-member-expression-to-functions-7.25.9.tgz 0ms (cache hit)
1407 http cache @babel/helper-define-polyfill-provider@https://registry.npmjs.org/@babel/helper-define-polyfill-provider/-/helper-define-polyfill-provider-0.6.3.tgz 0ms (cache hit)
1408 http cache @babel/helper-create-regexp-features-plugin@https://registry.npmjs.org/@babel/helper-create-regexp-features-plugin/-/helper-create-regexp-features-plugin-7.26.3.tgz 0ms (cache hit)
1409 http cache @babel/helper-create-class-features-plugin@https://registry.npmjs.org/@babel/helper-create-class-features-plugin/-/helper-create-class-features-plugin-7.26.9.tgz 0ms (cache hit)
1410 http cache @babel/helper-compilation-targets@https://registry.npmjs.org/@babel/helper-compilation-targets/-/helper-compilation-targets-7.26.5.tgz 0ms (cache hit)
1411 http cache @babel/helper-annotate-as-pure@https://registry.npmjs.org/@babel/helper-annotate-as-pure/-/helper-annotate-as-pure-7.25.9.tgz 0ms (cache hit)
1412 http cache @ampproject/remapping@https://registry.npmjs.org/@ampproject/remapping/-/remapping-2.3.0.tgz 0ms (cache hit)
1413 http cache @babel/generator@https://registry.npmjs.org/@babel/generator/-/generator-7.26.9.tgz 0ms (cache hit)
1414 http cache @babel/eslint-parser@https://registry.npmjs.org/@babel/eslint-parser/-/eslint-parser-7.26.8.tgz 0ms (cache hit)
1415 http cache @babel/compat-data@https://registry.npmjs.org/@babel/compat-data/-/compat-data-7.26.8.tgz 0ms (cache hit)
1416 http cache @babel/core@https://registry.npmjs.org/@babel/core/-/core-7.26.9.tgz 0ms (cache hit)
1417 http cache @alloc/quick-lru@https://registry.npmjs.org/@alloc/quick-lru/-/quick-lru-5.2.0.tgz 0ms (cache hit)
1418 http cache @babel/code-frame@https://registry.npmjs.org/@babel/code-frame/-/code-frame-7.26.2.tgz 0ms (cache hit)
1419 http cache webpack-sources@https://registry.npmjs.org/webpack-sources/-/webpack-sources-1.4.3.tgz 0ms (cache hit)
1420 http cache source-map@https://registry.npmjs.org/source-map/-/source-map-0.6.1.tgz 0ms (cache hit)
1421 http cache tr46@https://registry.npmjs.org/tr46/-/tr46-1.0.1.tgz 0ms (cache hit)
1422 http cache webidl-conversions@https://registry.npmjs.org/webidl-conversions/-/webidl-conversions-4.0.2.tgz 0ms (cache hit)
1423 http cache json-schema-traverse@https://registry.npmjs.org/json-schema-traverse/-/json-schema-traverse-1.0.0.tgz 0ms (cache hit)
1424 http cache source-map@https://registry.npmjs.org/source-map/-/source-map-0.8.0-beta.0.tgz 0ms (cache hit)
1425 http cache iconv-lite@https://registry.npmjs.org/iconv-lite/-/iconv-lite-0.4.24.tgz 0ms (cache hit)
1426 http cache webpack-sources@https://registry.npmjs.org/webpack-sources/-/webpack-sources-2.3.1.tgz 0ms (cache hit)
1427 http cache minimatch@https://registry.npmjs.org/minimatch/-/minimatch-3.1.2.tgz 0ms (cache hit)
1428 http cache whatwg-url@https://registry.npmjs.org/whatwg-url/-/whatwg-url-7.1.0.tgz 0ms (cache hit)
1429 http cache fs-extra@https://registry.npmjs.org/fs-extra/-/fs-extra-9.1.0.tgz 0ms (cache hit)
1430 http cache glob@https://registry.npmjs.org/glob/-/glob-7.2.3.tgz 0ms (cache hit)
1431 http cache estraverse@https://registry.npmjs.org/estraverse/-/estraverse-4.3.0.tgz 0ms (cache hit)
1432 http cache source-map@https://registry.npmjs.org/source-map/-/source-map-0.6.1.tgz 0ms (cache hit)
1433 http cache convert-source-map@https://registry.npmjs.org/convert-source-map/-/convert-source-map-1.9.0.tgz 0ms (cache hit)
1434 http cache ajv@https://registry.npmjs.org/ajv/-/ajv-8.17.1.tgz 0ms (cache hit)
1435 http cache ws@https://registry.npmjs.org/ws/-/ws-8.18.1.tgz 0ms (cache hit)
1436 http cache brace-expansion@https://registry.npmjs.org/brace-expansion/-/brace-expansion-1.1.11.tgz 0ms (cache hit)
1437 http cache @apideck/better-ajv-errors@https://registry.npmjs.org/@apideck/better-ajv-errors/-/better-ajv-errors-0.3.6.tgz 0ms (cache hit)
1438 http cache tslib@https://registry.npmjs.org/tslib/-/tslib-1.14.1.tgz 0ms (cache hit)
1439 http cache eslint-scope@https://registry.npmjs.org/eslint-scope/-/eslint-scope-5.1.1.tgz 0ms (cache hit)
1440 http cache strip-bom@https://registry.npmjs.org/strip-bom/-/strip-bom-3.0.0.tgz 0ms (cache hit)
1441 http cache universalify@https://registry.npmjs.org/universalify/-/universalify-0.2.0.tgz 0ms (cache hit)
1442 http cache schema-utils@https://registry.npmjs.org/schema-utils/-/schema-utils-3.3.0.tgz 0ms (cache hit)
1443 http cache commander@https://registry.npmjs.org/commander/-/commander-2.20.3.tgz 0ms (cache hit)
1444 http cache core-util-is@https://registry.npmjs.org/core-util-is/-/core-util-is-1.0.2.tgz 0ms (cache hit)
1445 http cache json5@https://registry.npmjs.org/json5/-/json5-1.0.2.tgz 0ms (cache hit)
1446 http cache minimatch@https://registry.npmjs.org/minimatch/-/minimatch-3.1.2.tgz 0ms (cache hit)
1447 http cache supports-color@https://registry.npmjs.org/supports-color/-/supports-color-5.5.0.tgz 0ms (cache hit)
1448 http cache type-fest@https://registry.npmjs.org/type-fest/-/type-fest-0.16.0.tgz 0ms (cache hit)
1449 http cache lilconfig@https://registry.npmjs.org/lilconfig/-/lilconfig-3.1.3.tgz 0ms (cache hit)
1450 http cache glob@https://registry.npmjs.org/glob/-/glob-7.2.3.tgz 0ms (cache hit)
1451 http cache brace-expansion@https://registry.npmjs.org/brace-expansion/-/brace-expansion-1.1.11.tgz 0ms (cache hit)
1452 http cache has-flag@https://registry.npmjs.org/has-flag/-/has-flag-3.0.0.tgz 0ms (cache hit)
1453 http cache nth-check@https://registry.npmjs.org/nth-check/-/nth-check-1.0.2.tgz 0ms (cache hit)
1454 http cache domutils@https://registry.npmjs.org/domutils/-/domutils-1.7.0.tgz 0ms (cache hit)
1455 http cache escape-string-regexp@https://registry.npmjs.org/escape-string-regexp/-/escape-string-regexp-1.0.5.tgz 0ms (cache hit)
1456 http cache domelementtype@https://registry.npmjs.org/domelementtype/-/domelementtype-1.3.1.tgz 0ms (cache hit)
1457 http cache dom-serializer@https://registry.npmjs.org/dom-serializer/-/dom-serializer-0.2.2.tgz 0ms (cache hit)
1458 http cache css-what@https://registry.npmjs.org/css-what/-/css-what-3.4.2.tgz 0ms (cache hit)
1459 http cache css-select@https://registry.npmjs.org/css-select/-/css-select-2.1.0.tgz 0ms (cache hit)
1460 http cache minipass@https://registry.npmjs.org/minipass/-/minipass-7.1.2.tgz 0ms (cache hit)
1461 http cache color-convert@https://registry.npmjs.org/color-convert/-/color-convert-1.9.3.tgz 0ms (cache hit)
1462 http cache color-name@https://registry.npmjs.org/color-name/-/color-name-1.1.3.tgz 0ms (cache hit)
1463 http cache emoji-regex@https://registry.npmjs.org/emoji-regex/-/emoji-regex-8.0.0.tgz 0ms (cache hit)
1464 http cache emoji-regex@https://registry.npmjs.org/emoji-regex/-/emoji-regex-8.0.0.tgz 0ms (cache hit)
1465 http cache chalk@https://registry.npmjs.org/chalk/-/chalk-2.4.2.tgz 0ms (cache hit)
1466 http cache ansi-styles@https://registry.npmjs.org/ansi-styles/-/ansi-styles-3.2.1.tgz 0ms (cache hit)
1467 http cache type-check@https://registry.npmjs.org/type-check/-/type-check-0.3.2.tgz 0ms (cache hit)
1468 http cache source-map@https://registry.npmjs.org/source-map/-/source-map-0.6.1.tgz 0ms (cache hit)
1469 http cache optionator@https://registry.npmjs.org/optionator/-/optionator-0.8.3.tgz 0ms (cache hit)
1470 http cache glob@https://registry.npmjs.org/glob/-/glob-10.4.5.tgz 0ms (cache hit)
1471 http cache prelude-ls@https://registry.npmjs.org/prelude-ls/-/prelude-ls-1.1.2.tgz 0ms (cache hit)
1472 http cache minimatch@https://registry.npmjs.org/minimatch/-/minimatch-9.0.5.tgz 0ms (cache hit)
1473 http cache uuid@https://registry.npmjs.org/uuid/-/uuid-8.3.2.tgz 0ms (cache hit)
1474 http cache escape-string-regexp@https://registry.npmjs.org/escape-string-regexp/-/escape-string-regexp-2.0.0.tgz 0ms (cache hit)
1475 http cache commander@https://registry.npmjs.org/commander/-/commander-4.1.1.tgz 0ms (cache hit)
1476 http cache levn@https://registry.npmjs.org/levn/-/levn-0.3.0.tgz 0ms (cache hit)
1477 http cache statuses@https://registry.npmjs.org/statuses/-/statuses-1.5.0.tgz 0ms (cache hit)
1478 http cache escodegen@https://registry.npmjs.org/escodegen/-/escodegen-1.14.3.tgz 0ms (cache hit)
1479 http cache source-map@https://registry.npmjs.org/source-map/-/source-map-0.6.1.tgz 0ms (cache hit)
1480 http cache estraverse@https://registry.npmjs.org/estraverse/-/estraverse-4.3.0.tgz 0ms (cache hit)
1481 http cache encodeurl@https://registry.npmjs.org/encodeurl/-/encodeurl-1.0.2.tgz 0ms (cache hit)
1482 http cache ms@https://registry.npmjs.org/ms/-/ms-2.0.0.tgz 0ms (cache hit)
1483 http cache inherits@https://registry.npmjs.org/inherits/-/inherits-2.0.3.tgz 0ms (cache hit)
1484 http cache debug@https://registry.npmjs.org/debug/-/debug-2.6.9.tgz 0ms (cache hit)
1485 http cache setprototypeof@https://registry.npmjs.org/setprototypeof/-/setprototypeof-1.1.0.tgz 0ms (cache hit)
1486 http cache ms@https://registry.npmjs.org/ms/-/ms-2.0.0.tgz 0ms (cache hit)
1487 http cache ajv-keywords@https://registry.npmjs.org/ajv-keywords/-/ajv-keywords-5.1.0.tgz 0ms (cache hit)
1488 http cache ajv@https://registry.npmjs.org/ajv/-/ajv-8.17.1.tgz 0ms (cache hit)
1489 http cache json-schema-traverse@https://registry.npmjs.org/json-schema-traverse/-/json-schema-traverse-1.0.0.tgz 0ms (cache hit)
1490 http cache http-errors@https://registry.npmjs.org/http-errors/-/http-errors-1.6.3.tgz 0ms (cache hit)
1491 http cache debug@https://registry.npmjs.org/debug/-/debug-2.6.9.tgz 0ms (cache hit)
1492 http cache depd@https://registry.npmjs.org/depd/-/depd-1.1.2.tgz 0ms (cache hit)
1493 http cache jest-worker@https://registry.npmjs.org/jest-worker/-/jest-worker-26.6.2.tgz 0ms (cache hit)
1494 http cache readdirp@https://registry.npmjs.org/readdirp/-/readdirp-4.1.2.tgz 0ms (cache hit)
1495 http cache brace-expansion@https://registry.npmjs.org/brace-expansion/-/brace-expansion-1.1.11.tgz 0ms (cache hit)
1496 http cache serialize-javascript@https://registry.npmjs.org/serialize-javascript/-/serialize-javascript-4.0.0.tgz 0ms (cache hit)
1497 http cache minimatch@https://registry.npmjs.org/minimatch/-/minimatch-3.1.2.tgz 0ms (cache hit)
1498 http cache glob@https://registry.npmjs.org/glob/-/glob-7.2.3.tgz 0ms (cache hit)
1499 http cache chokidar@https://registry.npmjs.org/chokidar/-/chokidar-4.0.3.tgz 0ms (cache hit)
1500 http cache minimatch@https://registry.npmjs.org/minimatch/-/minimatch-3.1.2.tgz 0ms (cache hit)
1501 http cache react-is@https://registry.npmjs.org/react-is/-/react-is-18.3.1.tgz 0ms (cache hit)
1502 http cache jsesc@https://registry.npmjs.org/jsesc/-/jsesc-3.0.2.tgz 0ms (cache hit)
1503 http cache source-map@https://registry.npmjs.org/source-map/-/source-map-0.6.1.tgz 0ms (cache hit)
1504 http cache semver@https://registry.npmjs.org/semver/-/semver-7.7.1.tgz 0ms (cache hit)
1505 http cache picocolors@https://registry.npmjs.org/picocolors/-/picocolors-0.2.1.tgz 0ms (cache hit)
1506 http cache brace-expansion@https://registry.npmjs.org/brace-expansion/-/brace-expansion-1.1.11.tgz 0ms (cache hit)
1507 http cache convert-source-map@https://registry.npmjs.org/convert-source-map/-/convert-source-map-1.9.0.tgz 0ms (cache hit)
1508 http cache postcss@https://registry.npmjs.org/postcss/-/postcss-7.0.39.tgz 0ms (cache hit)
1509 http cache path-exists@https://registry.npmjs.org/path-exists/-/path-exists-4.0.0.tgz 0ms (cache hit)
1510 http cache p-locate@https://registry.npmjs.org/p-locate/-/p-locate-5.0.0.tgz 0ms (cache hit)
1511 http cache p-limit@https://registry.npmjs.org/p-limit/-/p-limit-3.1.0.tgz 0ms (cache hit)
1512 http cache loader-utils@https://registry.npmjs.org/loader-utils/-/loader-utils-3.3.1.tgz 0ms (cache hit)
1513 http cache ipaddr.js@https://registry.npmjs.org/ipaddr.js/-/ipaddr.js-1.9.1.tgz 0ms (cache hit)
1514 http cache locate-path@https://registry.npmjs.org/locate-path/-/locate-path-6.0.0.tgz 0ms (cache hit)
1515 http cache find-up@https://registry.npmjs.org/find-up/-/find-up-5.0.0.tgz 0ms (cache hit)
1516 http cache iconv-lite@https://registry.npmjs.org/iconv-lite/-/iconv-lite-0.4.24.tgz 0ms (cache hit)
1517 http cache react-is@https://registry.npmjs.org/react-is/-/react-is-17.0.2.tgz 0ms (cache hit)
1518 http cache date-fns@https://registry.npmjs.org/date-fns/-/date-fns-4.1.0.tgz 0ms (cache hit)
1519 http cache ansi-styles@https://registry.npmjs.org/ansi-styles/-/ansi-styles-5.2.0.tgz 0ms (cache hit)
1520 http cache postcss-selector-parser@https://registry.npmjs.org/postcss-selector-parser/-/postcss-selector-parser-7.1.0.tgz 0ms (cache hit)
1521 http cache svgo@https://registry.npmjs.org/svgo/-/svgo-2.8.0.tgz 0ms (cache hit)
1522 http cache source-map@https://registry.npmjs.org/source-map/-/source-map-0.6.1.tgz 0ms (cache hit)
1523 http cache postcss-selector-parser@https://registry.npmjs.org/postcss-selector-parser/-/postcss-selector-parser-7.1.0.tgz 0ms (cache hit)
1524 http cache css-tree@https://registry.npmjs.org/css-tree/-/css-tree-1.1.3.tgz 0ms (cache hit)
1525 http cache mdn-data@https://registry.npmjs.org/mdn-data/-/mdn-data-2.0.14.tgz 0ms (cache hit)
1526 http cache semver@https://registry.npmjs.org/semver/-/semver-7.7.1.tgz 0ms (cache hit)
1527 http cache yaml@https://registry.npmjs.org/yaml/-/yaml-2.7.0.tgz 0ms (cache hit)
1528 http cache commander@https://registry.npmjs.org/commander/-/commander-7.2.0.tgz 0ms (cache hit)
1529 http cache lilconfig@https://registry.npmjs.org/lilconfig/-/lilconfig-3.1.3.tgz 0ms (cache hit)
1530 http cache path-exists@https://registry.npmjs.org/path-exists/-/path-exists-4.0.0.tgz 0ms (cache hit)
1531 http cache minipass@https://registry.npmjs.org/minipass/-/minipass-7.1.2.tgz 0ms (cache hit)
1532 http cache semver@https://registry.npmjs.org/semver/-/semver-6.3.1.tgz 0ms (cache hit)
1533 http cache slice-ansi@https://registry.npmjs.org/slice-ansi/-/slice-ansi-4.0.0.tgz 0ms (cache hit)
1534 http cache wrap-ansi@https://registry.npmjs.org/wrap-ansi/-/wrap-ansi-6.2.0.tgz 0ms (cache hit)
1535 http cache locate-path@https://registry.npmjs.org/locate-path/-/locate-path-5.0.0.tgz 0ms (cache hit)
1536 http cache find-up@https://registry.npmjs.org/find-up/-/find-up-4.1.0.tgz 0ms (cache hit)
1537 http cache supports-color@https://registry.npmjs.org/supports-color/-/supports-color-8.1.1.tgz 0ms (cache hit)
1538 http cache esprima@https://registry.npmjs.org/esprima/-/esprima-1.2.2.tgz 0ms (cache hit)
1539 http cache string-length@https://registry.npmjs.org/string-length/-/string-length-5.0.1.tgz 0ms (cache hit)
1540 http cache ansi-regex@https://registry.npmjs.org/ansi-regex/-/ansi-regex-6.1.0.tgz 0ms (cache hit)
1541 http cache p-locate@https://registry.npmjs.org/p-locate/-/p-locate-4.1.0.tgz 0ms (cache hit)
1542 http cache char-regex@https://registry.npmjs.org/char-regex/-/char-regex-2.0.2.tgz 0ms (cache hit)
1543 http cache slash@https://registry.npmjs.org/slash/-/slash-4.0.0.tgz 0ms (cache hit)
1544 http cache strip-ansi@https://registry.npmjs.org/strip-ansi/-/strip-ansi-7.1.0.tgz 0ms (cache hit)
1545 http cache strip-ansi@https://registry.npmjs.org/strip-ansi/-/strip-ansi-6.0.1.tgz 0ms (cache hit)
1546 http cache react-is@https://registry.npmjs.org/react-is/-/react-is-18.3.1.tgz 0ms (cache hit)
1547 http cache slash@https://registry.npmjs.org/slash/-/slash-3.0.0.tgz 0ms (cache hit)
1548 http cache pretty-format@https://registry.npmjs.org/pretty-format/-/pretty-format-28.1.3.tgz 0ms (cache hit)
1549 http cache string-length@https://registry.npmjs.org/string-length/-/string-length-4.0.2.tgz 0ms (cache hit)
1550 http cache jest-util@https://registry.npmjs.org/jest-util/-/jest-util-28.1.3.tgz 0ms (cache hit)
1551 http cache jest-watcher@https://registry.npmjs.org/jest-watcher/-/jest-watcher-28.1.3.tgz 0ms (cache hit)
1552 http cache jest-regex-util@https://registry.npmjs.org/jest-regex-util/-/jest-regex-util-28.0.2.tgz 0ms (cache hit)
1553 http cache ansi-styles@https://registry.npmjs.org/ansi-styles/-/ansi-styles-5.2.0.tgz 0ms (cache hit)
1554 http cache @types/yargs@https://registry.npmjs.org/@types/yargs/-/yargs-17.0.33.tgz 0ms (cache hit)
1555 http cache jest-message-util@https://registry.npmjs.org/jest-message-util/-/jest-message-util-28.1.3.tgz 0ms (cache hit)
1556 http cache slash@https://registry.npmjs.org/slash/-/slash-3.0.0.tgz 0ms (cache hit)
1557 http cache emittery@https://registry.npmjs.org/emittery/-/emittery-0.10.2.tgz 0ms (cache hit)
1558 http cache @jest/types@https://registry.npmjs.org/@jest/types/-/types-28.1.3.tgz 0ms (cache hit)
1559 http cache minimatch@https://registry.npmjs.org/minimatch/-/minimatch-3.1.2.tgz 0ms (cache hit)
1560 http cache semver@https://registry.npmjs.org/semver/-/semver-7.7.1.tgz 0ms (cache hit)
1561 http cache glob@https://registry.npmjs.org/glob/-/glob-7.2.3.tgz 0ms (cache hit)
1562 http cache @jest/console@https://registry.npmjs.org/@jest/console/-/console-28.1.3.tgz 0ms (cache hit)
1563 http cache @jest/test-result@https://registry.npmjs.org/@jest/test-result/-/test-result-28.1.3.tgz 0ms (cache hit)
1564 http cache brace-expansion@https://registry.npmjs.org/brace-expansion/-/brace-expansion-1.1.11.tgz 0ms (cache hit)
1565 http cache source-map@https://registry.npmjs.org/source-map/-/source-map-0.6.1.tgz 0ms (cache hit)
1566 http cache semver@https://registry.npmjs.org/semver/-/semver-7.7.1.tgz 0ms (cache hit)
1567 http cache brace-expansion@https://registry.npmjs.org/brace-expansion/-/brace-expansion-1.1.11.tgz 0ms (cache hit)
1568 http cache minimatch@https://registry.npmjs.org/minimatch/-/minimatch-3.1.2.tgz 0ms (cache hit)
1569 http cache minimatch@https://registry.npmjs.org/minimatch/-/minimatch-3.1.2.tgz 0ms (cache hit)
1570 http cache brace-expansion@https://registry.npmjs.org/brace-expansion/-/brace-expansion-1.1.11.tgz 0ms (cache hit)
1571 http cache semver@https://registry.npmjs.org/semver/-/semver-6.3.1.tgz 0ms (cache hit)
1572 http cache glob@https://registry.npmjs.org/glob/-/glob-7.2.3.tgz 0ms (cache hit)
1573 http cache make-dir@https://registry.npmjs.org/make-dir/-/make-dir-4.0.0.tgz 0ms (cache hit)
1574 http cache string_decoder@https://registry.npmjs.org/string_decoder/-/string_decoder-1.1.1.tgz 0ms (cache hit)
1575 http cache resolve-from@https://registry.npmjs.org/resolve-from/-/resolve-from-4.0.0.tgz 0ms (cache hit)
1576 http cache which@https://registry.npmjs.org/which/-/which-1.3.1.tgz 0ms (cache hit)
1577 http cache isarray@https://registry.npmjs.org/isarray/-/isarray-1.0.0.tgz 0ms (cache hit)
1578 http cache ini@https://registry.npmjs.org/ini/-/ini-2.0.0.tgz 0ms (cache hit)
1579 http cache readable-stream@https://registry.npmjs.org/readable-stream/-/readable-stream-2.3.8.tgz 0ms (cache hit)
1580 http cache safe-buffer@https://registry.npmjs.org/safe-buffer/-/safe-buffer-5.1.2.tgz 0ms (cache hit)
1581 http cache tapable@https://registry.npmjs.org/tapable/-/tapable-1.1.3.tgz 0ms (cache hit)
1582 http cache schema-utils@https://registry.npmjs.org/schema-utils/-/schema-utils-2.7.0.tgz 0ms (cache hit)
1583 http cache semver@https://registry.npmjs.org/semver/-/semver-7.7.1.tgz 0ms (cache hit)
1584 http cache signal-exit@https://registry.npmjs.org/signal-exit/-/signal-exit-4.1.0.tgz 0ms (cache hit)
1585 http cache ms@https://registry.npmjs.org/ms/-/ms-2.0.0.tgz 0ms (cache hit)
1586 http cache debug@https://registry.npmjs.org/debug/-/debug-2.6.9.tgz 0ms (cache hit)
1587 http cache fs-extra@https://registry.npmjs.org/fs-extra/-/fs-extra-9.1.0.tgz 0ms (cache hit)
1588 http cache minimatch@https://registry.npmjs.org/minimatch/-/minimatch-5.1.6.tgz 0ms (cache hit)
1589 http cache brace-expansion@https://registry.npmjs.org/brace-expansion/-/brace-expansion-1.1.11.tgz 0ms (cache hit)
1590 http cache minimatch@https://registry.npmjs.org/minimatch/-/minimatch-3.1.2.tgz 0ms (cache hit)
1591 http cache schema-utils@https://registry.npmjs.org/schema-utils/-/schema-utils-3.3.0.tgz 0ms (cache hit)
1592 http cache cosmiconfig@https://registry.npmjs.org/cosmiconfig/-/cosmiconfig-6.0.0.tgz 0ms (cache hit)
1593 http cache escape-string-regexp@https://registry.npmjs.org/escape-string-regexp/-/escape-string-regexp-1.0.5.tgz 0ms (cache hit)
1594 http cache glob-parent@https://registry.npmjs.org/glob-parent/-/glob-parent-5.1.2.tgz 0ms (cache hit)
1595 http cache get-stream@https://registry.npmjs.org/get-stream/-/get-stream-5.2.0.tgz 0ms (cache hit)
1596 http cache glob@https://registry.npmjs.org/glob/-/glob-7.2.3.tgz 0ms (cache hit)
1597 http cache semver@https://registry.npmjs.org/semver/-/semver-6.3.1.tgz 0ms (cache hit)
1598 http cache resolve@https://registry.npmjs.org/resolve/-/resolve-2.0.0-next.5.tgz 0ms (cache hit)
1599 http cache ms@https://registry.npmjs.org/ms/-/ms-2.0.0.tgz 0ms (cache hit)
1600 http cache debug@https://registry.npmjs.org/debug/-/debug-2.6.9.tgz 0ms (cache hit)
1601 http cache doctrine@https://registry.npmjs.org/doctrine/-/doctrine-2.1.0.tgz 0ms (cache hit)
1602 http cache supports-color@https://registry.npmjs.org/supports-color/-/supports-color-8.1.1.tgz 0ms (cache hit)
1603 http cache cookie@https://registry.npmjs.org/cookie/-/cookie-0.7.1.tgz 0ms (cache hit)
1604 http cache jest-worker@https://registry.npmjs.org/jest-worker/-/jest-worker-28.1.3.tgz 0ms (cache hit)
1605 http cache brace-expansion@https://registry.npmjs.org/brace-expansion/-/brace-expansion-1.1.11.tgz 0ms (cache hit)
1606 http cache semver@https://registry.npmjs.org/semver/-/semver-6.3.1.tgz 0ms (cache hit)
1607 http cache minimatch@https://registry.npmjs.org/minimatch/-/minimatch-3.1.2.tgz 0ms (cache hit)
1608 http cache minimatch@https://registry.npmjs.org/minimatch/-/minimatch-3.1.2.tgz 0ms (cache hit)
1609 http cache brace-expansion@https://registry.npmjs.org/brace-expansion/-/brace-expansion-1.1.11.tgz 0ms (cache hit)
1610 http cache minimatch@https://registry.npmjs.org/minimatch/-/minimatch-3.1.2.tgz 0ms (cache hit)
1611 http cache debug@https://registry.npmjs.org/debug/-/debug-3.2.7.tgz 0ms (cache hit)
1612 http cache debug@https://registry.npmjs.org/debug/-/debug-3.2.7.tgz 0ms (cache hit)
1613 http cache type-fest@https://registry.npmjs.org/type-fest/-/type-fest-0.20.2.tgz 0ms (cache hit)
1614 http cache doctrine@https://registry.npmjs.org/doctrine/-/doctrine-2.1.0.tgz 0ms (cache hit)
1615 http cache debug@https://registry.npmjs.org/debug/-/debug-3.2.7.tgz 0ms (cache hit)
1616 http cache path-exists@https://registry.npmjs.org/path-exists/-/path-exists-4.0.0.tgz 0ms (cache hit)
1617 http cache p-locate@https://registry.npmjs.org/p-locate/-/p-locate-5.0.0.tgz 0ms (cache hit)
1618 http cache minimatch@https://registry.npmjs.org/minimatch/-/minimatch-3.1.2.tgz 0ms (cache hit)
1619 http cache p-limit@https://registry.npmjs.org/p-limit/-/p-limit-3.1.0.tgz 0ms (cache hit)
1620 http cache brace-expansion@https://registry.npmjs.org/brace-expansion/-/brace-expansion-1.1.11.tgz 0ms (cache hit)
1621 http cache js-yaml@https://registry.npmjs.org/js-yaml/-/js-yaml-4.1.0.tgz 0ms (cache hit)
1622 http cache locate-path@https://registry.npmjs.org/locate-path/-/locate-path-6.0.0.tgz 0ms (cache hit)
1623 http cache ms@https://registry.npmjs.org/ms/-/ms-2.0.0.tgz 0ms (cache hit)
1624 http cache source-map@https://registry.npmjs.org/source-map/-/source-map-0.6.1.tgz 0ms (cache hit)
1625 http cache find-up@https://registry.npmjs.org/find-up/-/find-up-5.0.0.tgz 0ms (cache hit)
1626 http cache globals@https://registry.npmjs.org/globals/-/globals-13.24.0.tgz 0ms (cache hit)
1627 http cache debug@https://registry.npmjs.org/debug/-/debug-2.6.9.tgz 0ms (cache hit)
1628 http cache webidl-conversions@https://registry.npmjs.org/webidl-conversions/-/webidl-conversions-5.0.0.tgz 0ms (cache hit)
1629 http cache semver@https://registry.npmjs.org/semver/-/semver-7.7.2.tgz 0ms (cache hit)
1630 http cache supports-color@https://registry.npmjs.org/supports-color/-/supports-color-8.1.1.tgz 0ms (cache hit)
1631 http cache human-signals@https://registry.npmjs.org/human-signals/-/human-signals-1.1.1.tgz 0ms (cache hit)
1632 http cache proxy-from-env@https://registry.npmjs.org/proxy-from-env/-/proxy-from-env-1.0.0.tgz 0ms (cache hit)
1633 http cache brace-expansion@https://registry.npmjs.org/brace-expansion/-/brace-expansion-1.1.11.tgz 0ms (cache hit)
1634 http cache fs-extra@https://registry.npmjs.org/fs-extra/-/fs-extra-9.1.0.tgz 0ms (cache hit)
1635 http cache cssom@https://registry.npmjs.org/cssom/-/cssom-0.3.8.tgz 0ms (cache hit)
1636 http cache mdn-data@https://registry.npmjs.org/mdn-data/-/mdn-data-2.0.14.tgz 0ms (cache hit)
1637 http cache get-stream@https://registry.npmjs.org/get-stream/-/get-stream-5.2.0.tgz 0ms (cache hit)
1638 http cache commander@https://registry.npmjs.org/commander/-/commander-6.2.1.tgz 0ms (cache hit)
1639 http cache source-map@https://registry.npmjs.org/source-map/-/source-map-0.6.1.tgz 0ms (cache hit)
1640 http cache execa@https://registry.npmjs.org/execa/-/execa-4.1.0.tgz 0ms (cache hit)
1641 http cache argparse@https://registry.npmjs.org/argparse/-/argparse-2.0.1.tgz 0ms (cache hit)
1642 http cache source-map@https://registry.npmjs.org/source-map/-/source-map-0.6.1.tgz 0ms (cache hit)
1643 http cache source-map@https://registry.npmjs.org/source-map/-/source-map-0.6.1.tgz 0ms (cache hit)
1644 http cache ci-info@https://registry.npmjs.org/ci-info/-/ci-info-4.2.0.tgz 0ms (cache hit)
1645 http cache ms@https://registry.npmjs.org/ms/-/ms-2.0.0.tgz 0ms (cache hit)
1646 http cache css-tree@https://registry.npmjs.org/css-tree/-/css-tree-1.1.3.tgz 0ms (cache hit)
1647 http cache debug@https://registry.npmjs.org/debug/-/debug-2.6.9.tgz 0ms (cache hit)
1648 http cache supports-color@https://registry.npmjs.org/supports-color/-/supports-color-5.5.0.tgz 0ms (cache hit)
1649 http cache source-map@https://registry.npmjs.org/source-map/-/source-map-0.6.1.tgz 0ms (cache hit)
1650 http cache color-name@https://registry.npmjs.org/color-name/-/color-name-1.1.3.tgz 0ms (cache hit)
1651 http cache escape-string-regexp@https://registry.npmjs.org/escape-string-regexp/-/escape-string-regexp-1.0.5.tgz 0ms (cache hit)
1652 http cache ms@https://registry.npmjs.org/ms/-/ms-2.0.0.tgz 0ms (cache hit)
1653 http cache has-flag@https://registry.npmjs.org/has-flag/-/has-flag-3.0.0.tgz 0ms (cache hit)
1654 http cache semver@https://registry.npmjs.org/semver/-/semver-7.7.1.tgz 0ms (cache hit)
1655 http cache glob-parent@https://registry.npmjs.org/glob-parent/-/glob-parent-5.1.2.tgz 0ms (cache hit)
1656 http cache chalk@https://registry.npmjs.org/chalk/-/chalk-2.4.2.tgz 0ms (cache hit)
1657 http cache ansi-styles@https://registry.npmjs.org/ansi-styles/-/ansi-styles-3.2.1.tgz 0ms (cache hit)
1658 http cache color-convert@https://registry.npmjs.org/color-convert/-/color-convert-1.9.3.tgz 0ms (cache hit)
1659 http cache schema-utils@https://registry.npmjs.org/schema-utils/-/schema-utils-2.7.1.tgz 0ms (cache hit)
1660 http cache debug@https://registry.npmjs.org/debug/-/debug-2.6.9.tgz 0ms (cache hit)
1661 http cache form-data@https://registry.npmjs.org/form-data/-/form-data-4.0.2.tgz 0ms (cache hit)
1662 http cache semver@https://registry.npmjs.org/semver/-/semver-6.3.1.tgz 0ms (cache hit)
1663 http cache iconv-lite@https://registry.npmjs.org/iconv-lite/-/iconv-lite-0.4.24.tgz 0ms (cache hit)
1664 http cache @babel/plugin-proposal-private-property-in-object@https://registry.npmjs.org/@babel/plugin-proposal-private-property-in-object/-/plugin-proposal-private-property-in-object-7.21.11.tgz 0ms (cache hit)
1665 http cache acorn@https://registry.npmjs.org/acorn/-/acorn-7.4.1.tgz 0ms (cache hit)
1666 http cache semver@https://registry.npmjs.org/semver/-/semver-7.7.1.tgz 0ms (cache hit)
1667 http cache estraverse@https://registry.npmjs.org/estraverse/-/estraverse-4.3.0.tgz 0ms (cache hit)
1668 http cache semver@https://registry.npmjs.org/semver/-/semver-7.7.1.tgz 0ms (cache hit)
1669 http cache negotiator@https://registry.npmjs.org/negotiator/-/negotiator-0.6.3.tgz 0ms (cache hit)
1670 http cache eslint-scope@https://registry.npmjs.org/eslint-scope/-/eslint-scope-5.1.1.tgz 0ms (cache hit)
1671 http cache json-schema-traverse@https://registry.npmjs.org/json-schema-traverse/-/json-schema-traverse-1.0.0.tgz 0ms (cache hit)
1672 http cache ajv@https://registry.npmjs.org/ajv/-/ajv-8.17.1.tgz 0ms (cache hit)
1673 http cache @types/estree@https://registry.npmjs.org/@types/estree/-/estree-0.0.39.tgz 0ms (cache hit)
1674 http cache @types/express-serve-static-core@https://registry.npmjs.org/@types/express-serve-static-core/-/express-serve-static-core-4.19.6.tgz 0ms (cache hit)
1675 http cache react-is@https://registry.npmjs.org/react-is/-/react-is-19.0.0.tgz 0ms (cache hit)
1676 http cache semver@https://registry.npmjs.org/semver/-/semver-7.7.1.tgz 0ms (cache hit)
1677 http cache react-is@https://registry.npmjs.org/react-is/-/react-is-19.0.0.tgz 0ms (cache hit)
1678 http cache source-map@https://registry.npmjs.org/source-map/-/source-map-0.6.1.tgz 0ms (cache hit)
1679 http cache source-map@https://registry.npmjs.org/source-map/-/source-map-0.6.1.tgz 0ms (cache hit)
1680 http cache estraverse@https://registry.npmjs.org/estraverse/-/estraverse-4.3.0.tgz 0ms (cache hit)
1681 http cache source-map@https://registry.npmjs.org/source-map/-/source-map-0.6.1.tgz 0ms (cache hit)
1682 http cache convert-source-map@https://registry.npmjs.org/convert-source-map/-/convert-source-map-1.9.0.tgz 0ms (cache hit)
1683 http cache path-exists@https://registry.npmjs.org/path-exists/-/path-exists-4.0.0.tgz 0ms (cache hit)
1684 http cache eslint-scope@https://registry.npmjs.org/eslint-scope/-/eslint-scope-5.1.1.tgz 0ms (cache hit)
1685 http cache minimatch@https://registry.npmjs.org/minimatch/-/minimatch-3.1.2.tgz 0ms (cache hit)
1686 http cache p-locate@https://registry.npmjs.org/p-locate/-/p-locate-4.1.0.tgz 0ms (cache hit)
1687 http cache brace-expansion@https://registry.npmjs.org/brace-expansion/-/brace-expansion-1.1.11.tgz 0ms (cache hit)
1688 http cache find-up@https://registry.npmjs.org/find-up/-/find-up-4.1.0.tgz 0ms (cache hit)
1689 http cache locate-path@https://registry.npmjs.org/locate-path/-/locate-path-5.0.0.tgz 0ms (cache hit)
1690 http cache camelcase@https://registry.npmjs.org/camelcase/-/camelcase-5.3.1.tgz 0ms (cache hit)
1691 http cache glob@https://registry.npmjs.org/glob/-/glob-7.2.3.tgz 0ms (cache hit)
1692 http cache strip-ansi@https://registry.npmjs.org/strip-ansi/-/strip-ansi-7.1.0.tgz 0ms (cache hit)
1693 http cache wrap-ansi@https://registry.npmjs.org/wrap-ansi/-/wrap-ansi-8.1.0.tgz 0ms (cache hit)
1694 http cache string-width@https://registry.npmjs.org/string-width/-/string-width-5.1.2.tgz 0ms (cache hit)
1695 http cache yargs-parser@https://registry.npmjs.org/yargs-parser/-/yargs-parser-21.1.1.tgz 0ms (cache hit)
1696 http cache yargs@https://registry.npmjs.org/yargs/-/yargs-17.7.2.tgz 0ms (cache hit)
1697 http cache minimatch@https://registry.npmjs.org/minimatch/-/minimatch-3.1.2.tgz 0ms (cache hit)
1698 http cache ansi-regex@https://registry.npmjs.org/ansi-regex/-/ansi-regex-6.1.0.tgz 0ms (cache hit)
1699 http cache ansi-styles@https://registry.npmjs.org/ansi-styles/-/ansi-styles-6.2.1.tgz 0ms (cache hit)
1700 http cache brace-expansion@https://registry.npmjs.org/brace-expansion/-/brace-expansion-1.1.11.tgz 0ms (cache hit)
1701 http cache cliui@https://registry.npmjs.org/cliui/-/cliui-8.0.1.tgz 0ms (cache hit)
1702 http cache type-fest@https://registry.npmjs.org/type-fest/-/type-fest-0.20.2.tgz 0ms (cache hit)
1703 http cache minimatch@https://registry.npmjs.org/minimatch/-/minimatch-3.1.2.tgz 0ms (cache hit)
1704 http cache js-yaml@https://registry.npmjs.org/js-yaml/-/js-yaml-4.1.0.tgz 0ms (cache hit)
1705 http cache globals@https://registry.npmjs.org/globals/-/globals-13.24.0.tgz 0ms (cache hit)
1706 http cache convert-source-map@https://registry.npmjs.org/convert-source-map/-/convert-source-map-1.9.0.tgz 0ms (cache hit)
1707 http cache debug@https://registry.npmjs.org/debug/-/debug-3.2.7.tgz 0ms (cache hit)
1708 http cache brace-expansion@https://registry.npmjs.org/brace-expansion/-/brace-expansion-1.1.11.tgz 0ms (cache hit)
1709 http cache argparse@https://registry.npmjs.org/argparse/-/argparse-2.0.1.tgz 0ms (cache hit)
1710 http cache source-map@https://registry.npmjs.org/source-map/-/source-map-0.5.7.tgz 0ms (cache hit)
1711 http cache uuid@https://registry.npmjs.org/uuid/-/uuid-8.3.2.tgz 0ms (cache hit)
1712 http cache tough-cookie@https://registry.npmjs.org/tough-cookie/-/tough-cookie-5.1.2.tgz 0ms (cache hit)
1713 http cache semver@https://registry.npmjs.org/semver/-/semver-6.3.1.tgz 0ms (cache hit)
1714 http cache form-data@https://registry.npmjs.org/form-data/-/form-data-4.0.3.tgz 0ms (cache hit)
1715 http cache semver@https://registry.npmjs.org/semver/-/semver-6.3.1.tgz 0ms (cache hit)
1716 http cache qs@https://registry.npmjs.org/qs/-/qs-6.14.0.tgz 0ms (cache hit)
1717 http cache semver@https://registry.npmjs.org/semver/-/semver-6.3.1.tgz 0ms (cache hit)
1718 http cache lru-cache@https://registry.npmjs.org/lru-cache/-/lru-cache-5.1.1.tgz 0ms (cache hit)
1719 http cache semver@https://registry.npmjs.org/semver/-/semver-6.3.1.tgz 0ms (cache hit)
1720 http cache babel-plugin-polyfill-corejs3@https://registry.npmjs.org/babel-plugin-polyfill-corejs3/-/babel-plugin-polyfill-corejs3-0.10.6.tgz 0ms (cache hit)
1721 http cache semver@https://registry.npmjs.org/semver/-/semver-6.3.1.tgz 0ms (cache hit)
1722 http cache semver@https://registry.npmjs.org/semver/-/semver-6.3.1.tgz 0ms (cache hit)
1723 http cache semver@https://registry.npmjs.org/semver/-/semver-6.3.1.tgz 0ms (cache hit)
1724 silly tarball no local data for yocto-queue@https://registry.npmjs.org/yocto-queue/-/yocto-queue-0.1.0.tgz. Extracting by manifest.
1725 silly tarball no local data for yauzl@https://registry.npmjs.org/yauzl/-/yauzl-2.10.0.tgz. Extracting by manifest.
1726 silly tarball no local data for yargs-parser@https://registry.npmjs.org/yargs-parser/-/yargs-parser-20.2.9.tgz. Extracting by manifest.
1727 silly tarball no local data for yallist@https://registry.npmjs.org/yallist/-/yallist-3.1.1.tgz. Extracting by manifest.
1728 http cache eslint-visitor-keys@https://registry.npmjs.org/eslint-visitor-keys/-/eslint-visitor-keys-2.1.0.tgz 0ms (cache hit)
1729 silly tarball no local data for yaml@https://registry.npmjs.org/yaml/-/yaml-1.10.2.tgz. Extracting by manifest.
1730 silly tarball no local data for y18n@https://registry.npmjs.org/y18n/-/y18n-5.0.8.tgz. Extracting by manifest.
1731 silly tarball no local data for yargs@https://registry.npmjs.org/yargs/-/yargs-16.2.0.tgz. Extracting by manifest.
1732 silly tarball no local data for xml-name-validator@https://registry.npmjs.org/xml-name-validator/-/xml-name-validator-3.0.0.tgz. Extracting by manifest.
1733 silly tarball no local data for ws@https://registry.npmjs.org/ws/-/ws-7.5.10.tgz. Extracting by manifest.
1734 silly tarball no local data for xmlchars@https://registry.npmjs.org/xmlchars/-/xmlchars-2.2.0.tgz. Extracting by manifest.
1735 silly tarball no local data for wrappy@https://registry.npmjs.org/wrappy/-/wrappy-1.0.2.tgz. Extracting by manifest.
1736 silly tarball no local data for write-file-atomic@https://registry.npmjs.org/write-file-atomic/-/write-file-atomic-3.0.3.tgz. Extracting by manifest.
1737 silly tarball no local data for wrap-ansi-cjs@https://registry.npmjs.org/wrap-ansi/-/wrap-ansi-7.0.0.tgz. Extracting by manifest.
1738 silly tarball no local data for workbox-window@https://registry.npmjs.org/workbox-window/-/workbox-window-6.6.0.tgz. Extracting by manifest.
1739 silly tarball no local data for wrap-ansi@https://registry.npmjs.org/wrap-ansi/-/wrap-ansi-7.0.0.tgz. Extracting by manifest.
1740 silly tarball no local data for workbox-sw@https://registry.npmjs.org/workbox-sw/-/workbox-sw-6.6.0.tgz. Extracting by manifest.
1741 silly tarball no local data for workbox-webpack-plugin@https://registry.npmjs.org/workbox-webpack-plugin/-/workbox-webpack-plugin-6.6.0.tgz. Extracting by manifest.
1742 silly tarball no local data for workbox-streams@https://registry.npmjs.org/workbox-streams/-/workbox-streams-6.6.0.tgz. Extracting by manifest.
1743 silly tarball no local data for workbox-strategies@https://registry.npmjs.org/workbox-strategies/-/workbox-strategies-6.6.0.tgz. Extracting by manifest.
1744 silly tarball no local data for workbox-recipes@https://registry.npmjs.org/workbox-recipes/-/workbox-recipes-6.6.0.tgz. Extracting by manifest.
1745 silly tarball no local data for workbox-navigation-preload@https://registry.npmjs.org/workbox-navigation-preload/-/workbox-navigation-preload-6.6.0.tgz. Extracting by manifest.
1746 silly tarball no local data for workbox-range-requests@https://registry.npmjs.org/workbox-range-requests/-/workbox-range-requests-6.6.0.tgz. Extracting by manifest.
1747 silly tarball no local data for workbox-precaching@https://registry.npmjs.org/workbox-precaching/-/workbox-precaching-6.6.0.tgz. Extracting by manifest.
1748 silly tarball no local data for workbox-google-analytics@https://registry.npmjs.org/workbox-google-analytics/-/workbox-google-analytics-6.6.0.tgz. Extracting by manifest.
1749 silly tarball no local data for workbox-routing@https://registry.npmjs.org/workbox-routing/-/workbox-routing-6.6.0.tgz. Extracting by manifest.
1750 silly tarball no local data for workbox-expiration@https://registry.npmjs.org/workbox-expiration/-/workbox-expiration-6.6.0.tgz. Extracting by manifest.
1751 silly tarball no local data for workbox-cacheable-response@https://registry.npmjs.org/workbox-cacheable-response/-/workbox-cacheable-response-6.6.0.tgz. Extracting by manifest.
1752 silly tarball no local data for workbox-build@https://registry.npmjs.org/workbox-build/-/workbox-build-6.6.0.tgz. Extracting by manifest.
1753 silly tarball no local data for workbox-background-sync@https://registry.npmjs.org/workbox-background-sync/-/workbox-background-sync-6.6.0.tgz. Extracting by manifest.
1754 silly tarball no local data for workbox-core@https://registry.npmjs.org/workbox-core/-/workbox-core-6.6.0.tgz. Extracting by manifest.
1755 silly tarball no local data for which-typed-array@https://registry.npmjs.org/which-typed-array/-/which-typed-array-1.1.18.tgz. Extracting by manifest.
1756 silly tarball no local data for word-wrap@https://registry.npmjs.org/word-wrap/-/word-wrap-1.2.5.tgz. Extracting by manifest.
1757 silly tarball no local data for which-collection@https://registry.npmjs.org/which-collection/-/which-collection-1.0.2.tgz. Extracting by manifest.
1758 silly tarball no local data for which-builtin-type@https://registry.npmjs.org/which-builtin-type/-/which-builtin-type-1.2.1.tgz. Extracting by manifest.
1759 silly tarball no local data for workbox-broadcast-update@https://registry.npmjs.org/workbox-broadcast-update/-/workbox-broadcast-update-6.6.0.tgz. Extracting by manifest.
1760 silly tarball no local data for which-boxed-primitive@https://registry.npmjs.org/which-boxed-primitive/-/which-boxed-primitive-1.1.1.tgz. Extracting by manifest.
1761 silly tarball no local data for whatwg-url@https://registry.npmjs.org/whatwg-url/-/whatwg-url-8.7.0.tgz. Extracting by manifest.
1762 silly tarball no local data for whatwg-mimetype@https://registry.npmjs.org/whatwg-mimetype/-/whatwg-mimetype-2.3.0.tgz. Extracting by manifest.
1763 silly tarball no local data for whatwg-fetch@https://registry.npmjs.org/whatwg-fetch/-/whatwg-fetch-3.6.20.tgz. Extracting by manifest.
1764 silly tarball no local data for websocket-extensions@https://registry.npmjs.org/websocket-extensions/-/websocket-extensions-0.1.4.tgz. Extracting by manifest.
1765 silly tarball no local data for which@https://registry.npmjs.org/which/-/which-2.0.2.tgz. Extracting by manifest.
1766 silly tarball no local data for whatwg-encoding@https://registry.npmjs.org/whatwg-encoding/-/whatwg-encoding-1.0.5.tgz. Extracting by manifest.
1767 silly tarball no local data for webpack-sources@https://registry.npmjs.org/webpack-sources/-/webpack-sources-3.2.3.tgz. Extracting by manifest.
1768 silly tarball no local data for websocket-driver@https://registry.npmjs.org/websocket-driver/-/websocket-driver-0.7.4.tgz. Extracting by manifest.
1769 silly tarball no local data for webpack-dev-server@https://registry.npmjs.org/webpack-dev-server/-/webpack-dev-server-4.15.2.tgz. Extracting by manifest.
1770 silly tarball no local data for webpack@https://registry.npmjs.org/webpack/-/webpack-5.98.0.tgz. Extracting by manifest.
1771 silly tarball no local data for webidl-conversions@https://registry.npmjs.org/webidl-conversions/-/webidl-conversions-6.1.0.tgz. Extracting by manifest.
1772 silly tarball no local data for webpack-dev-middleware@https://registry.npmjs.org/webpack-dev-middleware/-/webpack-dev-middleware-5.3.4.tgz. Extracting by manifest.
1773 silly tarball no local data for webpack-manifest-plugin@https://registry.npmjs.org/webpack-manifest-plugin/-/webpack-manifest-plugin-4.1.1.tgz. Extracting by manifest.
1774 silly tarball no local data for web-vitals@https://registry.npmjs.org/web-vitals/-/web-vitals-4.2.4.tgz. Extracting by manifest.
1775 silly tarball no local data for watchpack@https://registry.npmjs.org/watchpack/-/watchpack-2.4.2.tgz. Extracting by manifest.
1776 silly tarball no local data for wbuf@https://registry.npmjs.org/wbuf/-/wbuf-1.7.3.tgz. Extracting by manifest.
1777 silly tarball no local data for w3c-hr-time@https://registry.npmjs.org/w3c-hr-time/-/w3c-hr-time-1.0.2.tgz. Extracting by manifest.
1778 silly tarball no local data for w3c-xmlserializer@https://registry.npmjs.org/w3c-xmlserializer/-/w3c-xmlserializer-2.0.0.tgz. Extracting by manifest.
1779 silly tarball no local data for victory-vendor@https://registry.npmjs.org/victory-vendor/-/victory-vendor-36.9.2.tgz. Extracting by manifest.
1780 silly tarball no local data for walker@https://registry.npmjs.org/walker/-/walker-1.0.8.tgz. Extracting by manifest.
1781 silly tarball no local data for verror@https://registry.npmjs.org/verror/-/verror-1.10.0.tgz. Extracting by manifest.
1782 silly tarball no local data for uuid@https://registry.npmjs.org/uuid/-/uuid-13.0.0.tgz. Extracting by manifest.
1783 silly tarball no local data for vary@https://registry.npmjs.org/vary/-/vary-1.1.2.tgz. Extracting by manifest.
1784 silly tarball no local data for utrie@https://registry.npmjs.org/utrie/-/utrie-1.0.2.tgz. Extracting by manifest.
1785 silly tarball no local data for util.promisify@https://registry.npmjs.org/util.promisify/-/util.promisify-1.0.1.tgz. Extracting by manifest.
1786 silly tarball no local data for utils-merge@https://registry.npmjs.org/utils-merge/-/utils-merge-1.0.1.tgz. Extracting by manifest.
1787 silly tarball no local data for v8-to-istanbul@https://registry.npmjs.org/v8-to-istanbul/-/v8-to-istanbul-8.1.1.tgz. Extracting by manifest.
1788 silly tarball no local data for utila@https://registry.npmjs.org/utila/-/utila-0.4.0.tgz. Extracting by manifest.
1789 silly tarball no local data for url-parse@https://registry.npmjs.org/url-parse/-/url-parse-1.5.10.tgz. Extracting by manifest.
1790 silly tarball no local data for url-loader@https://registry.npmjs.org/url-loader/-/url-loader-4.1.1.tgz. Extracting by manifest.
1791 silly tarball no local data for update-browserslist-db@https://registry.npmjs.org/update-browserslist-db/-/update-browserslist-db-1.1.3.tgz. Extracting by manifest.
1792 silly tarball no local data for uri-js@https://registry.npmjs.org/uri-js/-/uri-js-4.4.1.tgz. Extracting by manifest.
1793 silly tarball no local data for upath@https://registry.npmjs.org/upath/-/upath-1.2.0.tgz. Extracting by manifest.
1794 silly tarball no local data for util-deprecate@https://registry.npmjs.org/util-deprecate/-/util-deprecate-1.0.2.tgz. Extracting by manifest.
1795 silly tarball no local data for unquote@https://registry.npmjs.org/unquote/-/unquote-1.1.1.tgz. Extracting by manifest.
1796 silly tarball no local data for unpipe@https://registry.npmjs.org/unpipe/-/unpipe-1.0.0.tgz. Extracting by manifest.
1797 silly tarball no local data for untildify@https://registry.npmjs.org/untildify/-/untildify-4.0.0.tgz. Extracting by manifest.
1798 silly tarball no local data for unicode-property-aliases-ecmascript@https://registry.npmjs.org/unicode-property-aliases-ecmascript/-/unicode-property-aliases-ecmascript-2.1.0.tgz. Extracting by manifest.
1799 silly tarball no local data for unique-string@https://registry.npmjs.org/unique-string/-/unique-string-2.0.0.tgz. Extracting by manifest.
1800 silly tarball no local data for unicode-match-property-value-ecmascript@https://registry.npmjs.org/unicode-match-property-value-ecmascript/-/unicode-match-property-value-ecmascript-2.2.0.tgz. Extracting by manifest.
1801 silly tarball no local data for universalify@https://registry.npmjs.org/universalify/-/universalify-2.0.1.tgz. Extracting by manifest.
1802 silly tarball no local data for unicode-canonical-property-names-ecmascript@https://registry.npmjs.org/unicode-canonical-property-names-ecmascript/-/unicode-canonical-property-names-ecmascript-2.0.1.tgz. Extracting by manifest.
1803 silly tarball no local data for undici-types@https://registry.npmjs.org/undici-types/-/undici-types-6.20.0.tgz. Extracting by manifest.
1804 silly tarball no local data for unicode-match-property-ecmascript@https://registry.npmjs.org/unicode-match-property-ecmascript/-/unicode-match-property-ecmascript-2.0.0.tgz. Extracting by manifest.
1805 silly tarball no local data for typescript@https://registry.npmjs.org/typescript/-/typescript-4.9.5.tgz. Extracting by manifest.
1806 silly tarball no local data for unbox-primitive@https://registry.npmjs.org/unbox-primitive/-/unbox-primitive-1.1.0.tgz. Extracting by manifest.
1807 silly tarball no local data for typedarray-to-buffer@https://registry.npmjs.org/typedarray-to-buffer/-/typedarray-to-buffer-3.1.5.tgz. Extracting by manifest.
1808 silly tarball no local data for underscore@https://registry.npmjs.org/underscore/-/underscore-1.12.1.tgz. Extracting by manifest.
1809 silly tarball no local data for typed-array-byte-length@https://registry.npmjs.org/typed-array-byte-length/-/typed-array-byte-length-1.0.3.tgz. Extracting by manifest.
1810 silly tarball no local data for typed-array-byte-offset@https://registry.npmjs.org/typed-array-byte-offset/-/typed-array-byte-offset-1.0.4.tgz. Extracting by manifest.
1811 silly tarball no local data for typed-array-length@https://registry.npmjs.org/typed-array-length/-/typed-array-length-1.0.7.tgz. Extracting by manifest.
1812 silly tarball no local data for type-is@https://registry.npmjs.org/type-is/-/type-is-1.6.18.tgz. Extracting by manifest.
1813 silly tarball no local data for type-fest@https://registry.npmjs.org/type-fest/-/type-fest-0.21.3.tgz. Extracting by manifest.
1814 silly tarball no local data for type-detect@https://registry.npmjs.org/type-detect/-/type-detect-4.0.8.tgz. Extracting by manifest.
1815 silly tarball no local data for typed-array-buffer@https://registry.npmjs.org/typed-array-buffer/-/typed-array-buffer-1.0.3.tgz. Extracting by manifest.
1816 silly tarball no local data for type-check@https://registry.npmjs.org/type-check/-/type-check-0.4.0.tgz. Extracting by manifest.
1817 silly tarball no local data for tweetnacl@https://registry.npmjs.org/tweetnacl/-/tweetnacl-0.14.5.tgz. Extracting by manifest.
1818 silly tarball no local data for tunnel-agent@https://registry.npmjs.org/tunnel-agent/-/tunnel-agent-0.6.0.tgz. Extracting by manifest.
1819 silly tarball no local data for tsutils@https://registry.npmjs.org/tsutils/-/tsutils-3.21.0.tgz. Extracting by manifest.
1820 silly tarball no local data for tslib@https://registry.npmjs.org/tslib/-/tslib-2.8.1.tgz. Extracting by manifest.
1821 silly tarball no local data for tryer@https://registry.npmjs.org/tryer/-/tryer-1.0.1.tgz. Extracting by manifest.
1822 silly tarball no local data for tsconfig-paths@https://registry.npmjs.org/tsconfig-paths/-/tsconfig-paths-3.15.0.tgz. Extracting by manifest.
1823 silly tarball no local data for turbo-stream@https://registry.npmjs.org/turbo-stream/-/turbo-stream-2.4.0.tgz. Extracting by manifest.
1824 silly tarball no local data for ts-interface-checker@https://registry.npmjs.org/ts-interface-checker/-/ts-interface-checker-0.1.13.tgz. Extracting by manifest.
1825 silly tarball no local data for tr46@https://registry.npmjs.org/tr46/-/tr46-2.1.0.tgz. Extracting by manifest.
1826 silly tarball no local data for tree-kill@https://registry.npmjs.org/tree-kill/-/tree-kill-1.2.2.tgz. Extracting by manifest.
1827 silly tarball no local data for tmpl@https://registry.npmjs.org/tmpl/-/tmpl-1.0.5.tgz. Extracting by manifest.
1828 silly tarball no local data for to-regex-range@https://registry.npmjs.org/to-regex-range/-/to-regex-range-5.0.1.tgz. Extracting by manifest.
1829 silly tarball no local data for tldts-core@https://registry.npmjs.org/tldts-core/-/tldts-core-6.1.86.tgz. Extracting by manifest.
1830 silly tarball no local data for toidentifier@https://registry.npmjs.org/toidentifier/-/toidentifier-1.0.1.tgz. Extracting by manifest.
1831 silly tarball no local data for tippy.js@https://registry.npmjs.org/tippy.js/-/tippy.js-6.3.7.tgz. Extracting by manifest.
1832 silly tarball no local data for tldts@https://registry.npmjs.org/tldts/-/tldts-6.1.86.tgz. Extracting by manifest.
1833 silly tarball no local data for thunky@https://registry.npmjs.org/thunky/-/thunky-1.1.0.tgz. Extracting by manifest.
1834 silly tarball no local data for tmp@https://registry.npmjs.org/tmp/-/tmp-0.2.3.tgz. Extracting by manifest.
1835 silly tarball no local data for tiny-invariant@https://registry.npmjs.org/tiny-invariant/-/tiny-invariant-1.3.3.tgz. Extracting by manifest.
1836 silly tarball no local data for through@https://registry.npmjs.org/through/-/through-2.3.8.tgz. Extracting by manifest.
1837 silly tarball no local data for tough-cookie@https://registry.npmjs.org/tough-cookie/-/tough-cookie-4.1.4.tgz. Extracting by manifest.
1838 silly tarball no local data for throat@https://registry.npmjs.org/throat/-/throat-6.0.2.tgz. Extracting by manifest.
1839 silly tarball no local data for throttleit@https://registry.npmjs.org/throttleit/-/throttleit-1.0.1.tgz. Extracting by manifest.
1840 silly tarball no local data for thenify-all@https://registry.npmjs.org/thenify-all/-/thenify-all-1.6.0.tgz. Extracting by manifest.
1841 silly tarball no local data for thenify@https://registry.npmjs.org/thenify/-/thenify-3.3.1.tgz. Extracting by manifest.
1842 silly tarball no local data for terser-webpack-plugin@https://registry.npmjs.org/terser-webpack-plugin/-/terser-webpack-plugin-5.3.13.tgz. Extracting by manifest.
1843 silly tarball no local data for text-table@https://registry.npmjs.org/text-table/-/text-table-0.2.0.tgz. Extracting by manifest.
1844 silly tarball no local data for text-segmentation@https://registry.npmjs.org/text-segmentation/-/text-segmentation-1.0.3.tgz. Extracting by manifest.
1845 silly tarball no local data for test-exclude@https://registry.npmjs.org/test-exclude/-/test-exclude-6.0.0.tgz. Extracting by manifest.
1846 silly tarball no local data for terminal-link@https://registry.npmjs.org/terminal-link/-/terminal-link-2.1.1.tgz. Extracting by manifest.
1847 silly tarball no local data for tapable@https://registry.npmjs.org/tapable/-/tapable-2.2.1.tgz. Extracting by manifest.
1848 silly tarball no local data for terser@https://registry.npmjs.org/terser/-/terser-5.39.0.tgz. Extracting by manifest.
1849 silly tarball no local data for tailwindcss@https://registry.npmjs.org/tailwindcss/-/tailwindcss-3.4.17.tgz. Extracting by manifest.
1850 silly tarball no local data for symbol-tree@https://registry.npmjs.org/symbol-tree/-/symbol-tree-3.2.4.tgz. Extracting by manifest.
1851 silly tarball no local data for tempy@https://registry.npmjs.org/tempy/-/tempy-0.6.0.tgz. Extracting by manifest.
1852 silly tarball no local data for tabbable@https://registry.npmjs.org/tabbable/-/tabbable-6.2.0.tgz. Extracting by manifest.
1853 silly tarball no local data for svgo@https://registry.npmjs.org/svgo/-/svgo-1.3.2.tgz. Extracting by manifest.
1854 silly tarball no local data for temp-dir@https://registry.npmjs.org/temp-dir/-/temp-dir-2.0.0.tgz. Extracting by manifest.
1855 silly tarball no local data for svg-parser@https://registry.npmjs.org/svg-parser/-/svg-parser-2.0.4.tgz. Extracting by manifest.
1856 silly tarball no local data for stylehacks@https://registry.npmjs.org/stylehacks/-/stylehacks-5.1.1.tgz. Extracting by manifest.
1857 silly tarball no local data for supports-preserve-symlinks-flag@https://registry.npmjs.org/supports-preserve-symlinks-flag/-/supports-preserve-symlinks-flag-1.0.0.tgz. Extracting by manifest.
1858 silly tarball no local data for supports-color@https://registry.npmjs.org/supports-color/-/supports-color-7.2.0.tgz. Extracting by manifest.
1859 silly tarball no local data for svg-pathdata@https://registry.npmjs.org/svg-pathdata/-/svg-pathdata-6.0.3.tgz. Extracting by manifest.
1860 silly tarball no local data for stylis@https://registry.npmjs.org/stylis/-/stylis-4.2.0.tgz. Extracting by manifest.
1861 silly tarball no local data for sucrase@https://registry.npmjs.org/sucrase/-/sucrase-3.35.0.tgz. Extracting by manifest.
1862 silly tarball no local data for supports-hyperlinks@https://registry.npmjs.org/supports-hyperlinks/-/supports-hyperlinks-2.3.0.tgz. Extracting by manifest.
1863 silly tarball no local data for strip-comments@https://registry.npmjs.org/strip-comments/-/strip-comments-2.0.1.tgz. Extracting by manifest.
1864 silly tarball no local data for strip-final-newline@https://registry.npmjs.org/strip-final-newline/-/strip-final-newline-2.0.0.tgz. Extracting by manifest.
1865 silly tarball no local data for style-loader@https://registry.npmjs.org/style-loader/-/style-loader-3.3.4.tgz. Extracting by manifest.
1866 silly tarball no local data for strip-json-comments@https://registry.npmjs.org/strip-json-comments/-/strip-json-comments-3.1.1.tgz. Extracting by manifest.
1867 silly tarball no local data for strip-ansi-cjs@https://registry.npmjs.org/strip-ansi/-/strip-ansi-6.0.1.tgz. Extracting by manifest.
1868 silly tarball no local data for strip-bom@https://registry.npmjs.org/strip-bom/-/strip-bom-4.0.0.tgz. Extracting by manifest.
1869 silly tarball no local data for string.prototype.trimstart@https://registry.npmjs.org/string.prototype.trimstart/-/string.prototype.trimstart-1.0.8.tgz. Extracting by manifest.
1870 silly tarball no local data for string.prototype.trim@https://registry.npmjs.org/string.prototype.trim/-/string.prototype.trim-1.2.10.tgz. Extracting by manifest.
1871 silly tarball no local data for string.prototype.trimend@https://registry.npmjs.org/string.prototype.trimend/-/string.prototype.trimend-1.0.9.tgz. Extracting by manifest.
1872 silly tarball no local data for string.prototype.matchall@https://registry.npmjs.org/string.prototype.matchall/-/string.prototype.matchall-4.0.12.tgz. Extracting by manifest.
1873 silly tarball no local data for strip-ansi@https://registry.npmjs.org/strip-ansi/-/strip-ansi-6.0.1.tgz. Extracting by manifest.
1874 silly tarball no local data for stringify-object@https://registry.npmjs.org/stringify-object/-/stringify-object-3.3.0.tgz. Extracting by manifest.
1875 silly tarball no local data for string-width-cjs@https://registry.npmjs.org/string-width/-/string-width-4.2.3.tgz. Extracting by manifest.
1876 silly tarball no local data for string.prototype.includes@https://registry.npmjs.org/string.prototype.includes/-/string.prototype.includes-2.0.1.tgz. Extracting by manifest.
1877 silly tarball no local data for string.prototype.repeat@https://registry.npmjs.org/string.prototype.repeat/-/string.prototype.repeat-1.0.0.tgz. Extracting by manifest.
1878 silly tarball no local data for string-width@https://registry.npmjs.org/string-width/-/string-width-4.2.3.tgz. Extracting by manifest.
1879 silly tarball no local data for string-natural-compare@https://registry.npmjs.org/string-natural-compare/-/string-natural-compare-3.0.1.tgz. Extracting by manifest.
1880 silly tarball no local data for string_decoder@https://registry.npmjs.org/string_decoder/-/string_decoder-1.3.0.tgz. Extracting by manifest.
1881 silly tarball no local data for statuses@https://registry.npmjs.org/statuses/-/statuses-2.0.1.tgz. Extracting by manifest.
1882 silly tarball no local data for string-length@https://registry.npmjs.org/string-length/-/string-length-4.0.2.tgz. Extracting by manifest.
1883 silly tarball no local data for stack-utils@https://registry.npmjs.org/stack-utils/-/stack-utils-2.0.6.tgz. Extracting by manifest.
1884 silly tarball no local data for static-eval@https://registry.npmjs.org/static-eval/-/static-eval-2.0.2.tgz. Extracting by manifest.
1885 silly tarball no local data for stackblur-canvas@https://registry.npmjs.org/stackblur-canvas/-/stackblur-canvas-2.7.0.tgz. Extracting by manifest.
1886 silly tarball no local data for stackframe@https://registry.npmjs.org/stackframe/-/stackframe-1.3.4.tgz. Extracting by manifest.
1887 silly tarball no local data for sshpk@https://registry.npmjs.org/sshpk/-/sshpk-1.18.0.tgz. Extracting by manifest.
1888 silly tarball no local data for stable@https://registry.npmjs.org/stable/-/stable-0.1.8.tgz. Extracting by manifest.
1889 silly tarball no local data for spdy-transport@https://registry.npmjs.org/spdy-transport/-/spdy-transport-3.0.0.tgz. Extracting by manifest.
1890 silly tarball no local data for spdy@https://registry.npmjs.org/spdy/-/spdy-4.0.2.tgz. Extracting by manifest.
1891 silly tarball no local data for source-map-support@https://registry.npmjs.org/source-map-support/-/source-map-support-0.5.21.tgz. Extracting by manifest.
1892 silly tarball no local data for source-map-loader@https://registry.npmjs.org/source-map-loader/-/source-map-loader-3.0.2.tgz. Extracting by manifest.
1893 silly tarball no local data for sourcemap-codec@https://registry.npmjs.org/sourcemap-codec/-/sourcemap-codec-1.4.8.tgz. Extracting by manifest.
1894 silly tarball no local data for source-map-js@https://registry.npmjs.org/source-map-js/-/source-map-js-1.2.1.tgz. Extracting by manifest.
1895 silly tarball no local data for sprintf-js@https://registry.npmjs.org/sprintf-js/-/sprintf-js-1.0.3.tgz. Extracting by manifest.
1896 silly tarball no local data for sockjs@https://registry.npmjs.org/sockjs/-/sockjs-0.3.24.tgz. Extracting by manifest.
1897 silly tarball no local data for source-list-map@https://registry.npmjs.org/source-list-map/-/source-list-map-2.0.1.tgz. Extracting by manifest.
1898 silly tarball no local data for slash@https://registry.npmjs.org/slash/-/slash-3.0.0.tgz. Extracting by manifest.
1899 silly tarball no local data for sisteransi@https://registry.npmjs.org/sisteransi/-/sisteransi-1.0.5.tgz. Extracting by manifest.
1900 silly tarball no local data for source-map@https://registry.npmjs.org/source-map/-/source-map-0.7.4.tgz. Extracting by manifest.
1901 silly tarball no local data for side-channel-weakmap@https://registry.npmjs.org/side-channel-weakmap/-/side-channel-weakmap-1.0.2.tgz. Extracting by manifest.
1902 silly tarball no local data for slice-ansi@https://registry.npmjs.org/slice-ansi/-/slice-ansi-3.0.0.tgz. Extracting by manifest.
1903 silly tarball no local data for signal-exit@https://registry.npmjs.org/signal-exit/-/signal-exit-3.0.7.tgz. Extracting by manifest.
1904 silly tarball no local data for side-channel-list@https://registry.npmjs.org/side-channel-list/-/side-channel-list-1.0.0.tgz. Extracting by manifest.
1905 silly tarball no local data for shell-quote@https://registry.npmjs.org/shell-quote/-/shell-quote-1.8.2.tgz. Extracting by manifest.
1906 silly tarball no local data for side-channel-map@https://registry.npmjs.org/side-channel-map/-/side-channel-map-1.0.1.tgz. Extracting by manifest.
1907 silly tarball no local data for shallow-equal@https://registry.npmjs.org/shallow-equal/-/shallow-equal-3.1.0.tgz. Extracting by manifest.
1908 silly tarball no local data for side-channel@https://registry.npmjs.org/side-channel/-/side-channel-1.1.0.tgz. Extracting by manifest.
1909 silly tarball no local data for shebang-command@https://registry.npmjs.org/shebang-command/-/shebang-command-2.0.0.tgz. Extracting by manifest.
1910 silly tarball no local data for setprototypeof@https://registry.npmjs.org/setprototypeof/-/setprototypeof-1.2.0.tgz. Extracting by manifest.
1911 silly tarball no local data for set-function-name@https://registry.npmjs.org/set-function-name/-/set-function-name-2.0.2.tgz. Extracting by manifest.
1912 silly tarball no local data for set-function-length@https://registry.npmjs.org/set-function-length/-/set-function-length-1.2.2.tgz. Extracting by manifest.
1913 silly tarball no local data for shebang-regex@https://registry.npmjs.org/shebang-regex/-/shebang-regex-3.0.0.tgz. Extracting by manifest.
1914 silly tarball no local data for set-proto@https://registry.npmjs.org/set-proto/-/set-proto-1.0.0.tgz. Extracting by manifest.
1915 silly tarball no local data for set-cookie-parser@https://registry.npmjs.org/set-cookie-parser/-/set-cookie-parser-2.7.1.tgz. Extracting by manifest.
1916 silly tarball no local data for serialize-javascript@https://registry.npmjs.org/serialize-javascript/-/serialize-javascript-6.0.2.tgz. Extracting by manifest.
1917 silly tarball no local data for semver@https://registry.npmjs.org/semver/-/semver-5.7.2.tgz. Extracting by manifest.
1918 silly tarball no local data for serve-static@https://registry.npmjs.org/serve-static/-/serve-static-1.16.2.tgz. Extracting by manifest.
1919 silly tarball no local data for selfsigned@https://registry.npmjs.org/selfsigned/-/selfsigned-2.4.1.tgz. Extracting by manifest.
1920 silly tarball no local data for schema-utils@https://registry.npmjs.org/schema-utils/-/schema-utils-4.3.0.tgz. Extracting by manifest.
1921 silly tarball no local data for serve-index@https://registry.npmjs.org/serve-index/-/serve-index-1.9.1.tgz. Extracting by manifest.
1922 silly tarball no local data for send@https://registry.npmjs.org/send/-/send-0.19.0.tgz. Extracting by manifest.
1923 silly tarball no local data for sass@https://registry.npmjs.org/sass/-/sass-1.85.1.tgz. Extracting by manifest.
1924 silly tarball no local data for scheduler@https://registry.npmjs.org/scheduler/-/scheduler-0.25.0.tgz. Extracting by manifest.
1925 silly tarball no local data for sass-loader@https://registry.npmjs.org/sass-loader/-/sass-loader-12.6.0.tgz. Extracting by manifest.
1926 silly tarball no local data for saxes@https://registry.npmjs.org/saxes/-/saxes-5.0.1.tgz. Extracting by manifest.
1927 silly tarball no local data for select-hose@https://registry.npmjs.org/select-hose/-/select-hose-2.0.0.tgz. Extracting by manifest.
1928 silly tarball no local data for sax@https://registry.npmjs.org/sax/-/sax-1.2.4.tgz. Extracting by manifest.
1929 silly tarball no local data for sanitize.css@https://registry.npmjs.org/sanitize.css/-/sanitize.css-13.0.0.tgz. Extracting by manifest.
1930 silly tarball no local data for safe-regex-test@https://registry.npmjs.org/safe-regex-test/-/safe-regex-test-1.1.0.tgz. Extracting by manifest.
1931 silly tarball no local data for safe-buffer@https://registry.npmjs.org/safe-buffer/-/safe-buffer-5.2.1.tgz. Extracting by manifest.
1932 silly tarball no local data for safe-array-concat@https://registry.npmjs.org/safe-array-concat/-/safe-array-concat-1.1.3.tgz. Extracting by manifest.
1933 silly tarball no local data for safer-buffer@https://registry.npmjs.org/safer-buffer/-/safer-buffer-2.1.2.tgz. Extracting by manifest.
1934 silly tarball no local data for rxjs@https://registry.npmjs.org/rxjs/-/rxjs-7.8.2.tgz. Extracting by manifest.
1935 silly tarball no local data for safe-push-apply@https://registry.npmjs.org/safe-push-apply/-/safe-push-apply-1.0.0.tgz. Extracting by manifest.
1936 silly tarball no local data for run-parallel@https://registry.npmjs.org/run-parallel/-/run-parallel-1.2.0.tgz. Extracting by manifest.
1937 silly tarball no local data for rollup@https://registry.npmjs.org/rollup/-/rollup-2.79.2.tgz. Extracting by manifest.
1938 silly tarball no local data for rgbcolor@https://registry.npmjs.org/rgbcolor/-/rgbcolor-1.0.1.tgz. Extracting by manifest.
1939 silly tarball no local data for rollup-plugin-terser@https://registry.npmjs.org/rollup-plugin-terser/-/rollup-plugin-terser-7.0.2.tgz. Extracting by manifest.
1940 silly tarball no local data for rimraf@https://registry.npmjs.org/rimraf/-/rimraf-3.0.2.tgz. Extracting by manifest.
1941 silly tarball no local data for rfdc@https://registry.npmjs.org/rfdc/-/rfdc-1.4.1.tgz. Extracting by manifest.
1942 silly tarball no local data for reusify@https://registry.npmjs.org/reusify/-/reusify-1.1.0.tgz. Extracting by manifest.
1943 silly tarball no local data for resolve-url-loader@https://registry.npmjs.org/resolve-url-loader/-/resolve-url-loader-4.0.0.tgz. Extracting by manifest.
1944 silly tarball no local data for resolve-from@https://registry.npmjs.org/resolve-from/-/resolve-from-5.0.0.tgz. Extracting by manifest.
1945 silly tarball no local data for retry@https://registry.npmjs.org/retry/-/retry-0.13.1.tgz. Extracting by manifest.
1946 silly tarball no local data for resolve-cwd@https://registry.npmjs.org/resolve-cwd/-/resolve-cwd-3.0.0.tgz. Extracting by manifest.
1947 silly tarball no local data for resolve.exports@https://registry.npmjs.org/resolve.exports/-/resolve.exports-1.1.1.tgz. Extracting by manifest.
1948 silly tarball no local data for reselect@https://registry.npmjs.org/reselect/-/reselect-4.1.8.tgz. Extracting by manifest.
1949 silly tarball no local data for requires-port@https://registry.npmjs.org/requires-port/-/requires-port-1.0.0.tgz. Extracting by manifest.
1950 silly tarball no local data for restore-cursor@https://registry.npmjs.org/restore-cursor/-/restore-cursor-3.1.0.tgz. Extracting by manifest.
1951 silly tarball no local data for require-from-string@https://registry.npmjs.org/require-from-string/-/require-from-string-2.0.2.tgz. Extracting by manifest.
1952 silly tarball no local data for require-directory@https://registry.npmjs.org/require-directory/-/require-directory-2.1.1.tgz. Extracting by manifest.
1953 silly tarball no local data for renderkid@https://registry.npmjs.org/renderkid/-/renderkid-3.0.0.tgz. Extracting by manifest.
1954 silly tarball no local data for relateurl@https://registry.npmjs.org/relateurl/-/relateurl-0.2.7.tgz. Extracting by manifest.
1955 silly tarball no local data for resolve@https://registry.npmjs.org/resolve/-/resolve-1.22.10.tgz. Extracting by manifest.
1956 silly tarball no local data for request-progress@https://registry.npmjs.org/request-progress/-/request-progress-3.0.0.tgz. Extracting by manifest.
1957 silly tarball no local data for regexpu-core@https://registry.npmjs.org/regexpu-core/-/regexpu-core-6.2.0.tgz. Extracting by manifest.
1958 silly tarball no local data for regjsparser@https://registry.npmjs.org/regjsparser/-/regjsparser-0.12.0.tgz. Extracting by manifest.
1959 silly tarball no local data for regjsgen@https://registry.npmjs.org/regjsgen/-/regjsgen-0.8.0.tgz. Extracting by manifest.
1960 silly tarball no local data for regenerator-runtime@https://registry.npmjs.org/regenerator-runtime/-/regenerator-runtime-0.13.11.tgz. Extracting by manifest.
1961 silly tarball no local data for regex-parser@https://registry.npmjs.org/regex-parser/-/regex-parser-2.3.1.tgz. Extracting by manifest.
1962 silly tarball no local data for regenerator-transform@https://registry.npmjs.org/regenerator-transform/-/regenerator-transform-0.15.2.tgz. Extracting by manifest.
1963 silly tarball no local data for regenerate-unicode-properties@https://registry.npmjs.org/regenerate-unicode-properties/-/regenerate-unicode-properties-10.2.0.tgz. Extracting by manifest.
1964 silly tarball no local data for regexp.prototype.flags@https://registry.npmjs.org/regexp.prototype.flags/-/regexp.prototype.flags-1.5.4.tgz. Extracting by manifest.
1965 silly tarball no local data for regenerate@https://registry.npmjs.org/regenerate/-/regenerate-1.4.2.tgz. Extracting by manifest.
1966 silly tarball no local data for recharts-scale@https://registry.npmjs.org/recharts-scale/-/recharts-scale-0.4.5.tgz. Extracting by manifest.
1967 silly tarball no local data for reflect.getprototypeof@https://registry.npmjs.org/reflect.getprototypeof/-/reflect.getprototypeof-1.0.10.tgz. Extracting by manifest.
1968 silly tarball no local data for recursive-readdir@https://registry.npmjs.org/recursive-readdir/-/recursive-readdir-2.2.3.tgz. Extracting by manifest.
1969 silly tarball no local data for readdirp@https://registry.npmjs.org/readdirp/-/readdirp-3.6.0.tgz. Extracting by manifest.
1970 silly tarball no local data for react-transition-group@https://registry.npmjs.org/react-transition-group/-/react-transition-group-4.4.5.tgz. Extracting by manifest.
1971 silly tarball no local data for read-cache@https://registry.npmjs.org/read-cache/-/read-cache-1.0.0.tgz. Extracting by manifest.
1972 silly tarball no local data for react-smooth@https://registry.npmjs.org/react-smooth/-/react-smooth-4.0.4.tgz. Extracting by manifest.
1973 silly tarball no local data for readable-stream@https://registry.npmjs.org/readable-stream/-/readable-stream-3.6.2.tgz. Extracting by manifest.
1974 silly tarball no local data for react-scripts@https://registry.npmjs.org/react-scripts/-/react-scripts-5.0.1.tgz. Extracting by manifest.
1975 silly tarball no local data for react-to-print@https://registry.npmjs.org/react-to-print/-/react-to-print-3.1.0.tgz. Extracting by manifest.
1976 silly tarball no local data for recharts@https://registry.npmjs.org/recharts/-/recharts-2.15.1.tgz. Extracting by manifest.
1977 silly tarball no local data for react-router@https://registry.npmjs.org/react-router/-/react-router-7.2.0.tgz. Extracting by manifest.
1978 silly tarball no local data for react-refresh@https://registry.npmjs.org/react-refresh/-/react-refresh-0.11.0.tgz. Extracting by manifest.
1979 silly tarball no local data for react-router-dom@https://registry.npmjs.org/react-router-dom/-/react-router-dom-7.2.0.tgz. Extracting by manifest.
1980 silly tarball no local data for react-icons@https://registry.npmjs.org/react-icons/-/react-icons-5.5.0.tgz. Extracting by manifest.
1981 silly tarball no local data for react-is@https://registry.npmjs.org/react-is/-/react-is-16.13.1.tgz. Extracting by manifest.
1982 silly tarball no local data for react-dom@https://registry.npmjs.org/react-dom/-/react-dom-19.0.0.tgz. Extracting by manifest.
1983 silly tarball no local data for react-responsive@https://registry.npmjs.org/react-responsive/-/react-responsive-10.0.1.tgz. Extracting by manifest.
1984 silly tarball no local data for react-error-overlay@https://registry.npmjs.org/react-error-overlay/-/react-error-overlay-6.1.0.tgz. Extracting by manifest.
1985 silly tarball no local data for react-datepicker@https://registry.npmjs.org/react-datepicker/-/react-datepicker-8.2.1.tgz. Extracting by manifest.
1986 silly tarball no local data for react-app-rewired@https://registry.npmjs.org/react-app-rewired/-/react-app-rewired-2.2.1.tgz. Extracting by manifest.
1987 silly tarball no local data for react-dev-utils@https://registry.npmjs.org/react-dev-utils/-/react-dev-utils-12.0.1.tgz. Extracting by manifest.
1988 silly tarball no local data for react-app-polyfill@https://registry.npmjs.org/react-app-polyfill/-/react-app-polyfill-3.0.0.tgz. Extracting by manifest.
1989 silly tarball no local data for range-parser@https://registry.npmjs.org/range-parser/-/range-parser-1.2.1.tgz. Extracting by manifest.
1990 silly tarball no local data for react@https://registry.npmjs.org/react/-/react-19.0.0.tgz. Extracting by manifest.
1991 silly tarball no local data for randombytes@https://registry.npmjs.org/randombytes/-/randombytes-2.1.0.tgz. Extracting by manifest.
1992 silly tarball no local data for raw-body@https://registry.npmjs.org/raw-body/-/raw-body-2.5.2.tgz. Extracting by manifest.
1993 silly tarball no local data for q@https://registry.npmjs.org/q/-/q-1.5.1.tgz. Extracting by manifest.
1994 silly tarball no local data for queue-microtask@https://registry.npmjs.org/queue-microtask/-/queue-microtask-1.2.3.tgz. Extracting by manifest.
1995 silly tarball no local data for pump@https://registry.npmjs.org/pump/-/pump-3.0.2.tgz. Extracting by manifest.
1996 silly tarball no local data for qs@https://registry.npmjs.org/qs/-/qs-6.13.0.tgz. Extracting by manifest.
1997 silly tarball no local data for querystringify@https://registry.npmjs.org/querystringify/-/querystringify-2.2.0.tgz. Extracting by manifest.
1998 silly tarball no local data for raf@https://registry.npmjs.org/raf/-/raf-3.4.1.tgz. Extracting by manifest.
1999 silly tarball no local data for punycode@https://registry.npmjs.org/punycode/-/punycode-2.3.1.tgz. Extracting by manifest.
2000 silly tarball no local data for proxy-from-env@https://registry.npmjs.org/proxy-from-env/-/proxy-from-env-1.1.0.tgz. Extracting by manifest.
2001 silly tarball no local data for proxy-addr@https://registry.npmjs.org/proxy-addr/-/proxy-addr-2.0.7.tgz. Extracting by manifest.
2002 silly tarball no local data for psl@https://registry.npmjs.org/psl/-/psl-1.15.0.tgz. Extracting by manifest.
2003 silly tarball no local data for protobufjs@https://registry.npmjs.org/protobufjs/-/protobufjs-7.4.0.tgz. Extracting by manifest.
2004 silly tarball no local data for prompts@https://registry.npmjs.org/prompts/-/prompts-2.4.2.tgz. Extracting by manifest.
2005 silly tarball no local data for prop-types@https://registry.npmjs.org/prop-types/-/prop-types-15.8.1.tgz. Extracting by manifest.
2006 silly tarball no local data for process@https://registry.npmjs.org/process/-/process-0.11.10.tgz. Extracting by manifest.
2007 silly tarball no local data for pretty-error@https://registry.npmjs.org/pretty-error/-/pretty-error-4.0.0.tgz. Extracting by manifest.
2008 silly tarball no local data for promise@https://registry.npmjs.org/promise/-/promise-8.3.0.tgz. Extracting by manifest.
2009 silly tarball no local data for process-nextick-args@https://registry.npmjs.org/process-nextick-args/-/process-nextick-args-2.0.1.tgz. Extracting by manifest.
2010 silly tarball no local data for pretty-format@https://registry.npmjs.org/pretty-format/-/pretty-format-27.5.1.tgz. Extracting by manifest.
2011 silly tarball no local data for prelude-ls@https://registry.npmjs.org/prelude-ls/-/prelude-ls-1.2.1.tgz. Extracting by manifest.
2012 silly tarball no local data for pretty-bytes@https://registry.npmjs.org/pretty-bytes/-/pretty-bytes-5.6.0.tgz. Extracting by manifest.
2013 silly tarball no local data for postcss-value-parser@https://registry.npmjs.org/postcss-value-parser/-/postcss-value-parser-4.2.0.tgz. Extracting by manifest.
2014 silly tarball no local data for postcss-svgo@https://registry.npmjs.org/postcss-svgo/-/postcss-svgo-5.1.0.tgz. Extracting by manifest.
2015 silly tarball no local data for postcss-unique-selectors@https://registry.npmjs.org/postcss-unique-selectors/-/postcss-unique-selectors-5.1.1.tgz. Extracting by manifest.
2016 silly tarball no local data for postcss-selector-not@https://registry.npmjs.org/postcss-selector-not/-/postcss-selector-not-6.0.1.tgz. Extracting by manifest.
2017 silly tarball no local data for postcss-replace-overflow-wrap@https://registry.npmjs.org/postcss-replace-overflow-wrap/-/postcss-replace-overflow-wrap-4.0.0.tgz. Extracting by manifest.
2018 silly tarball no local data for postcss-reduce-transforms@https://registry.npmjs.org/postcss-reduce-transforms/-/postcss-reduce-transforms-5.1.0.tgz. Extracting by manifest.
2019 silly tarball no local data for postcss-selector-parser@https://registry.npmjs.org/postcss-selector-parser/-/postcss-selector-parser-6.1.2.tgz. Extracting by manifest.
2020 silly tarball no local data for postcss-pseudo-class-any-link@https://registry.npmjs.org/postcss-pseudo-class-any-link/-/postcss-pseudo-class-any-link-7.1.6.tgz. Extracting by manifest.
2021 silly tarball no local data for postcss-reduce-initial@https://registry.npmjs.org/postcss-reduce-initial/-/postcss-reduce-initial-5.1.2.tgz. Extracting by manifest.
2022 silly tarball no local data for postcss-preset-env@https://registry.npmjs.org/postcss-preset-env/-/postcss-preset-env-7.8.3.tgz. Extracting by manifest.
2023 silly tarball no local data for postcss-place@https://registry.npmjs.org/postcss-place/-/postcss-place-7.0.5.tgz. Extracting by manifest.
2024 silly tarball no local data for postcss-opacity-percentage@https://registry.npmjs.org/postcss-opacity-percentage/-/postcss-opacity-percentage-1.1.3.tgz. Extracting by manifest.
2025 silly tarball no local data for postcss-page-break@https://registry.npmjs.org/postcss-page-break/-/postcss-page-break-3.0.4.tgz. Extracting by manifest.
2026 silly tarball no local data for postcss-ordered-values@https://registry.npmjs.org/postcss-ordered-values/-/postcss-ordered-values-5.1.3.tgz. Extracting by manifest.
2027 silly tarball no local data for postcss-overflow-shorthand@https://registry.npmjs.org/postcss-overflow-shorthand/-/postcss-overflow-shorthand-3.0.4.tgz. Extracting by manifest.
2028 silly tarball no local data for postcss-normalize-url@https://registry.npmjs.org/postcss-normalize-url/-/postcss-normalize-url-5.1.0.tgz. Extracting by manifest.
2029 silly tarball no local data for postcss-normalize-whitespace@https://registry.npmjs.org/postcss-normalize-whitespace/-/postcss-normalize-whitespace-5.1.1.tgz. Extracting by manifest.
2030 silly tarball no local data for postcss-normalize-string@https://registry.npmjs.org/postcss-normalize-string/-/postcss-normalize-string-5.1.0.tgz. Extracting by manifest.
2031 silly tarball no local data for postcss-normalize-timing-functions@https://registry.npmjs.org/postcss-normalize-timing-functions/-/postcss-normalize-timing-functions-5.1.0.tgz. Extracting by manifest.
2032 silly tarball no local data for postcss-normalize-repeat-style@https://registry.npmjs.org/postcss-normalize-repeat-style/-/postcss-normalize-repeat-style-5.1.1.tgz. Extracting by manifest.
2033 silly tarball no local data for postcss-normalize-display-values@https://registry.npmjs.org/postcss-normalize-display-values/-/postcss-normalize-display-values-5.1.0.tgz. Extracting by manifest.
2034 silly tarball no local data for postcss-normalize@https://registry.npmjs.org/postcss-normalize/-/postcss-normalize-10.0.1.tgz. Extracting by manifest.
2035 silly tarball no local data for postcss-nesting@https://registry.npmjs.org/postcss-nesting/-/postcss-nesting-10.2.0.tgz. Extracting by manifest.
2036 silly tarball no local data for postcss-normalize-unicode@https://registry.npmjs.org/postcss-normalize-unicode/-/postcss-normalize-unicode-5.1.1.tgz. Extracting by manifest.
2037 silly tarball no local data for postcss-normalize-positions@https://registry.npmjs.org/postcss-normalize-positions/-/postcss-normalize-positions-5.1.1.tgz. Extracting by manifest.
2038 silly tarball no local data for postcss-nested@https://registry.npmjs.org/postcss-nested/-/postcss-nested-6.2.0.tgz. Extracting by manifest.
2039 silly tarball no local data for postcss-normalize-charset@https://registry.npmjs.org/postcss-normalize-charset/-/postcss-normalize-charset-5.1.0.tgz. Extracting by manifest.
2040 silly tarball no local data for postcss-modules-local-by-default@https://registry.npmjs.org/postcss-modules-local-by-default/-/postcss-modules-local-by-default-4.2.0.tgz. Extracting by manifest.
2041 silly tarball no local data for postcss-modules-extract-imports@https://registry.npmjs.org/postcss-modules-extract-imports/-/postcss-modules-extract-imports-3.1.0.tgz. Extracting by manifest.
2042 silly tarball no local data for postcss-modules-scope@https://registry.npmjs.org/postcss-modules-scope/-/postcss-modules-scope-3.2.1.tgz. Extracting by manifest.
2043 silly tarball no local data for postcss-minify-params@https://registry.npmjs.org/postcss-minify-params/-/postcss-minify-params-5.1.4.tgz. Extracting by manifest.
2044 silly tarball no local data for postcss-modules-values@https://registry.npmjs.org/postcss-modules-values/-/postcss-modules-values-4.0.0.tgz. Extracting by manifest.
2045 silly tarball no local data for postcss-minify-selectors@https://registry.npmjs.org/postcss-minify-selectors/-/postcss-minify-selectors-5.2.1.tgz. Extracting by manifest.
2046 silly tarball no local data for postcss-merge-rules@https://registry.npmjs.org/postcss-merge-rules/-/postcss-merge-rules-5.1.4.tgz. Extracting by manifest.
2047 silly tarball no local data for postcss-media-minmax@https://registry.npmjs.org/postcss-media-minmax/-/postcss-media-minmax-5.0.0.tgz. Extracting by manifest.
2048 silly tarball no local data for postcss-minify-font-values@https://registry.npmjs.org/postcss-minify-font-values/-/postcss-minify-font-values-5.1.0.tgz. Extracting by manifest.
2049 silly tarball no local data for postcss-minify-gradients@https://registry.npmjs.org/postcss-minify-gradients/-/postcss-minify-gradients-5.1.1.tgz. Extracting by manifest.
2050 silly tarball no local data for postcss-merge-longhand@https://registry.npmjs.org/postcss-merge-longhand/-/postcss-merge-longhand-5.1.7.tgz. Extracting by manifest.
2051 silly tarball no local data for postcss-logical@https://registry.npmjs.org/postcss-logical/-/postcss-logical-5.0.4.tgz. Extracting by manifest.
2052 silly tarball no local data for postcss-loader@https://registry.npmjs.org/postcss-loader/-/postcss-loader-6.2.1.tgz. Extracting by manifest.
2053 silly tarball no local data for postcss-lab-function@https://registry.npmjs.org/postcss-lab-function/-/postcss-lab-function-4.2.1.tgz. Extracting by manifest.
2054 silly tarball no local data for postcss-initial@https://registry.npmjs.org/postcss-initial/-/postcss-initial-4.0.1.tgz. Extracting by manifest.
2055 silly tarball no local data for postcss-js@https://registry.npmjs.org/postcss-js/-/postcss-js-4.0.1.tgz. Extracting by manifest.
2056 silly tarball no local data for postcss-load-config@https://registry.npmjs.org/postcss-load-config/-/postcss-load-config-4.0.2.tgz. Extracting by manifest.
2057 silly tarball no local data for postcss-image-set-function@https://registry.npmjs.org/postcss-image-set-function/-/postcss-image-set-function-4.0.7.tgz. Extracting by manifest.
2058 silly tarball no local data for postcss-import@https://registry.npmjs.org/postcss-import/-/postcss-import-15.1.0.tgz. Extracting by manifest.
2059 silly tarball no local data for postcss-font-variant@https://registry.npmjs.org/postcss-font-variant/-/postcss-font-variant-5.0.0.tgz. Extracting by manifest.
2060 silly tarball no local data for postcss-gap-properties@https://registry.npmjs.org/postcss-gap-properties/-/postcss-gap-properties-3.0.5.tgz. Extracting by manifest.
2061 silly tarball no local data for postcss-flexbugs-fixes@https://registry.npmjs.org/postcss-flexbugs-fixes/-/postcss-flexbugs-fixes-5.0.2.tgz. Extracting by manifest.
2062 silly tarball no local data for postcss-double-position-gradients@https://registry.npmjs.org/postcss-double-position-gradients/-/postcss-double-position-gradients-3.1.2.tgz. Extracting by manifest.
2063 silly tarball no local data for postcss-env-function@https://registry.npmjs.org/postcss-env-function/-/postcss-env-function-4.0.6.tgz. Extracting by manifest.
2064 silly tarball no local data for postcss-focus-within@https://registry.npmjs.org/postcss-focus-within/-/postcss-focus-within-5.0.4.tgz. Extracting by manifest.
2065 silly tarball no local data for postcss-discard-overridden@https://registry.npmjs.org/postcss-discard-overridden/-/postcss-discard-overridden-5.1.0.tgz. Extracting by manifest.
2066 silly tarball no local data for postcss-discard-empty@https://registry.npmjs.org/postcss-discard-empty/-/postcss-discard-empty-5.1.1.tgz. Extracting by manifest.
2067 silly tarball no local data for postcss-focus-visible@https://registry.npmjs.org/postcss-focus-visible/-/postcss-focus-visible-6.0.4.tgz. Extracting by manifest.
2068 silly tarball no local data for postcss-dir-pseudo-class@https://registry.npmjs.org/postcss-dir-pseudo-class/-/postcss-dir-pseudo-class-6.0.5.tgz. Extracting by manifest.
2069 silly tarball no local data for postcss-discard-comments@https://registry.npmjs.org/postcss-discard-comments/-/postcss-discard-comments-5.1.2.tgz. Extracting by manifest.
2070 silly tarball no local data for postcss-custom-properties@https://registry.npmjs.org/postcss-custom-properties/-/postcss-custom-properties-12.1.11.tgz. Extracting by manifest.
2071 silly tarball no local data for postcss-custom-media@https://registry.npmjs.org/postcss-custom-media/-/postcss-custom-media-8.0.2.tgz. Extracting by manifest.
2072 silly tarball no local data for postcss-convert-values@https://registry.npmjs.org/postcss-convert-values/-/postcss-convert-values-5.1.3.tgz. Extracting by manifest.
2073 silly tarball no local data for postcss-colormin@https://registry.npmjs.org/postcss-colormin/-/postcss-colormin-5.3.1.tgz. Extracting by manifest.
2074 silly tarball no local data for postcss-custom-selectors@https://registry.npmjs.org/postcss-custom-selectors/-/postcss-custom-selectors-6.0.3.tgz. Extracting by manifest.
2075 silly tarball no local data for postcss-color-rebeccapurple@https://registry.npmjs.org/postcss-color-rebeccapurple/-/postcss-color-rebeccapurple-7.1.1.tgz. Extracting by manifest.
2076 silly tarball no local data for postcss-discard-duplicates@https://registry.npmjs.org/postcss-discard-duplicates/-/postcss-discard-duplicates-5.1.0.tgz. Extracting by manifest.
2077 silly tarball no local data for postcss-color-hex-alpha@https://registry.npmjs.org/postcss-color-hex-alpha/-/postcss-color-hex-alpha-8.0.4.tgz. Extracting by manifest.
2078 silly tarball no local data for postcss-clamp@https://registry.npmjs.org/postcss-clamp/-/postcss-clamp-4.1.0.tgz. Extracting by manifest.
2079 silly tarball no local data for postcss-calc@https://registry.npmjs.org/postcss-calc/-/postcss-calc-8.2.4.tgz. Extracting by manifest.
2080 silly tarball no local data for postcss-browser-comments@https://registry.npmjs.org/postcss-browser-comments/-/postcss-browser-comments-4.0.0.tgz. Extracting by manifest.
2081 silly tarball no local data for postcss-attribute-case-insensitive@https://registry.npmjs.org/postcss-attribute-case-insensitive/-/postcss-attribute-case-insensitive-5.0.2.tgz. Extracting by manifest.
2082 silly tarball no local data for postcss-color-functional-notation@https://registry.npmjs.org/postcss-color-functional-notation/-/postcss-color-functional-notation-4.2.4.tgz. Extracting by manifest.
2083 silly tarball no local data for postcss@https://registry.npmjs.org/postcss/-/postcss-8.5.3.tgz. Extracting by manifest.
2084 silly tarball no local data for possible-typed-array-names@https://registry.npmjs.org/possible-typed-array-names/-/possible-typed-array-names-1.1.0.tgz. Extracting by manifest.
2085 silly tarball no local data for pirates@https://registry.npmjs.org/pirates/-/pirates-4.0.6.tgz. Extracting by manifest.
2086 silly tarball no local data for pkg-up@https://registry.npmjs.org/pkg-up/-/pkg-up-3.1.0.tgz. Extracting by manifest.
2087 silly tarball no local data for picomatch@https://registry.npmjs.org/picomatch/-/picomatch-2.3.1.tgz. Extracting by manifest.
2088 silly tarball no local data for pify@https://registry.npmjs.org/pify/-/pify-2.3.0.tgz. Extracting by manifest.
2089 silly tarball no local data for pkg-dir@https://registry.npmjs.org/pkg-dir/-/pkg-dir-4.2.0.tgz. Extracting by manifest.
2090 silly tarball no local data for performance-now@https://registry.npmjs.org/performance-now/-/performance-now-2.1.0.tgz. Extracting by manifest.
2091 silly tarball no local data for pend@https://registry.npmjs.org/pend/-/pend-1.2.0.tgz. Extracting by manifest.
2092 silly tarball no local data for picocolors@https://registry.npmjs.org/picocolors/-/picocolors-1.1.1.tgz. Extracting by manifest.
2093 silly tarball no local data for path-type@https://registry.npmjs.org/path-type/-/path-type-4.0.0.tgz. Extracting by manifest.
2094 silly tarball no local data for path-scurry@https://registry.npmjs.org/path-scurry/-/path-scurry-1.11.1.tgz. Extracting by manifest.
2095 silly tarball no local data for path-parse@https://registry.npmjs.org/path-parse/-/path-parse-1.0.7.tgz. Extracting by manifest.
2096 silly tarball no local data for path-to-regexp@https://registry.npmjs.org/path-to-regexp/-/path-to-regexp-0.1.12.tgz. Extracting by manifest.
2097 silly tarball no local data for path-key@https://registry.npmjs.org/path-key/-/path-key-3.1.1.tgz. Extracting by manifest.
2098 silly tarball no local data for path-is-absolute@https://registry.npmjs.org/path-is-absolute/-/path-is-absolute-1.0.1.tgz. Extracting by manifest.
2099 silly tarball no local data for path-exists@https://registry.npmjs.org/path-exists/-/path-exists-3.0.0.tgz. Extracting by manifest.
2100 silly tarball no local data for parse5@https://registry.npmjs.org/parse5/-/parse5-6.0.1.tgz. Extracting by manifest.
2101 silly tarball no local data for parseurl@https://registry.npmjs.org/parseurl/-/parseurl-1.3.3.tgz. Extracting by manifest.
2102 silly tarball no local data for param-case@https://registry.npmjs.org/param-case/-/param-case-3.0.4.tgz. Extracting by manifest.
2103 silly tarball no local data for pascal-case@https://registry.npmjs.org/pascal-case/-/pascal-case-3.1.2.tgz. Extracting by manifest.
2104 silly tarball no local data for pako@https://registry.npmjs.org/pako/-/pako-2.1.0.tgz. Extracting by manifest.
2105 silly tarball no local data for parse-json@https://registry.npmjs.org/parse-json/-/parse-json-5.2.0.tgz. Extracting by manifest.
2106 silly tarball no local data for parent-module@https://registry.npmjs.org/parent-module/-/parent-module-1.0.1.tgz. Extracting by manifest.
2107 silly tarball no local data for p-try@https://registry.npmjs.org/p-try/-/p-try-2.2.0.tgz. Extracting by manifest.
2108 silly tarball no local data for p-retry@https://registry.npmjs.org/p-retry/-/p-retry-4.6.2.tgz. Extracting by manifest.
2109 silly tarball no local data for p-locate@https://registry.npmjs.org/p-locate/-/p-locate-3.0.0.tgz. Extracting by manifest.
2110 silly tarball no local data for package-json-from-dist@https://registry.npmjs.org/package-json-from-dist/-/package-json-from-dist-1.0.1.tgz. Extracting by manifest.
2111 silly tarball no local data for p-map@https://registry.npmjs.org/p-map/-/p-map-4.0.0.tgz. Extracting by manifest.
2112 silly tarball no local data for p-limit@https://registry.npmjs.org/p-limit/-/p-limit-2.3.0.tgz. Extracting by manifest.
2113 silly tarball no local data for own-keys@https://registry.npmjs.org/own-keys/-/own-keys-1.0.1.tgz. Extracting by manifest.
2114 silly tarball no local data for open@https://registry.npmjs.org/open/-/open-8.4.2.tgz. Extracting by manifest.
2115 silly tarball no local data for onetime@https://registry.npmjs.org/onetime/-/onetime-5.1.2.tgz. Extracting by manifest.
2116 silly tarball no local data for optionator@https://registry.npmjs.org/optionator/-/optionator-0.9.4.tgz. Extracting by manifest.
2117 silly tarball no local data for ospath@https://registry.npmjs.org/ospath/-/ospath-1.2.2.tgz. Extracting by manifest.
2118 silly tarball no local data for on-headers@https://registry.npmjs.org/on-headers/-/on-headers-1.0.2.tgz. Extracting by manifest.
2119 silly tarball no local data for once@https://registry.npmjs.org/once/-/once-1.4.0.tgz. Extracting by manifest.
2120 silly tarball no local data for obuf@https://registry.npmjs.org/obuf/-/obuf-1.1.2.tgz. Extracting by manifest.
2121 silly tarball no local data for object.values@https://registry.npmjs.org/object.values/-/object.values-1.2.1.tgz. Extracting by manifest.
2122 silly tarball no local data for object.fromentries@https://registry.npmjs.org/object.fromentries/-/object.fromentries-2.0.8.tgz. Extracting by manifest.
2123 silly tarball no local data for on-finished@https://registry.npmjs.org/on-finished/-/on-finished-2.4.1.tgz. Extracting by manifest.
2124 silly tarball no local data for object.getownpropertydescriptors@https://registry.npmjs.org/object.getownpropertydescriptors/-/object.getownpropertydescriptors-2.1.8.tgz. Extracting by manifest.
2125 silly tarball no local data for object.entries@https://registry.npmjs.org/object.entries/-/object.entries-1.1.8.tgz. Extracting by manifest.
2126 silly tarball no local data for object.assign@https://registry.npmjs.org/object.assign/-/object.assign-4.1.7.tgz. Extracting by manifest.
2127 silly tarball no local data for object.groupby@https://registry.npmjs.org/object.groupby/-/object.groupby-1.0.3.tgz. Extracting by manifest.
2128 silly tarball no local data for object-keys@https://registry.npmjs.org/object-keys/-/object-keys-1.1.1.tgz. Extracting by manifest.
2129 silly tarball no local data for object-inspect@https://registry.npmjs.org/object-inspect/-/object-inspect-1.13.4.tgz. Extracting by manifest.
2130 silly tarball no local data for object-assign@https://registry.npmjs.org/object-assign/-/object-assign-4.1.1.tgz. Extracting by manifest.
2131 silly tarball no local data for nth-check@https://registry.npmjs.org/nth-check/-/nth-check-2.1.1.tgz. Extracting by manifest.
2132 silly tarball no local data for npm-run-path@https://registry.npmjs.org/npm-run-path/-/npm-run-path-4.0.1.tgz. Extracting by manifest.
2133 silly tarball no local data for normalize.css@https://registry.npmjs.org/normalize.css/-/normalize.css-8.0.1.tgz. Extracting by manifest.
2134 silly tarball no local data for normalize-url@https://registry.npmjs.org/normalize-url/-/normalize-url-6.1.0.tgz. Extracting by manifest.
2135 silly tarball no local data for nwsapi@https://registry.npmjs.org/nwsapi/-/nwsapi-2.2.18.tgz. Extracting by manifest.
2136 silly tarball no local data for object-hash@https://registry.npmjs.org/object-hash/-/object-hash-3.0.0.tgz. Extracting by manifest.
2137 silly tarball no local data for normalize-range@https://registry.npmjs.org/normalize-range/-/normalize-range-0.1.2.tgz. Extracting by manifest.
2138 silly tarball no local data for node-releases@https://registry.npmjs.org/node-releases/-/node-releases-2.0.19.tgz. Extracting by manifest.
2139 silly tarball no local data for node-int64@https://registry.npmjs.org/node-int64/-/node-int64-0.4.0.tgz. Extracting by manifest.
2140 silly tarball no local data for no-case@https://registry.npmjs.org/no-case/-/no-case-3.0.4.tgz. Extracting by manifest.
2141 silly tarball no local data for node-addon-api@https://registry.npmjs.org/node-addon-api/-/node-addon-api-7.1.1.tgz. Extracting by manifest.
2142 silly tarball no local data for node-forge@https://registry.npmjs.org/node-forge/-/node-forge-1.3.1.tgz. Extracting by manifest.
2143 silly tarball no local data for negotiator@https://registry.npmjs.org/negotiator/-/negotiator-0.6.4.tgz. Extracting by manifest.
2144 silly tarball no local data for normalize-path@https://registry.npmjs.org/normalize-path/-/normalize-path-3.0.0.tgz. Extracting by manifest.
2145 silly tarball no local data for neo-async@https://registry.npmjs.org/neo-async/-/neo-async-2.6.2.tgz. Extracting by manifest.
2146 silly tarball no local data for natural-compare@https://registry.npmjs.org/natural-compare/-/natural-compare-1.4.0.tgz. Extracting by manifest.
2147 silly tarball no local data for natural-compare-lite@https://registry.npmjs.org/natural-compare-lite/-/natural-compare-lite-1.4.0.tgz. Extracting by manifest.
2148 silly tarball no local data for ms@https://registry.npmjs.org/ms/-/ms-2.1.3.tgz. Extracting by manifest.
2149 silly tarball no local data for multicast-dns@https://registry.npmjs.org/multicast-dns/-/multicast-dns-7.2.5.tgz. Extracting by manifest.
2150 silly tarball no local data for motion-dom@https://registry.npmjs.org/motion-dom/-/motion-dom-12.6.3.tgz. Extracting by manifest.
2151 silly tarball no local data for nanoid@https://registry.npmjs.org/nanoid/-/nanoid-3.3.8.tgz. Extracting by manifest.
2152 silly tarball no local data for moment@https://registry.npmjs.org/moment/-/moment-2.30.1.tgz. Extracting by manifest.
2153 silly tarball no local data for motion-utils@https://registry.npmjs.org/motion-utils/-/motion-utils-12.6.3.tgz. Extracting by manifest.
2154 silly tarball no local data for minipass@https://registry.npmjs.org/minipass/-/minipass-4.2.8.tgz. Extracting by manifest.
2155 silly tarball no local data for minimatch@https://registry.npmjs.org/minimatch/-/minimatch-8.0.4.tgz. Extracting by manifest.
2156 silly tarball no local data for mz@https://registry.npmjs.org/mz/-/mz-2.7.0.tgz. Extracting by manifest.
2157 silly tarball no local data for mkdirp@https://registry.npmjs.org/mkdirp/-/mkdirp-0.5.6.tgz. Extracting by manifest.
2158 silly tarball no local data for minimalistic-assert@https://registry.npmjs.org/minimalistic-assert/-/minimalistic-assert-1.0.1.tgz. Extracting by manifest.
2159 silly tarball no local data for minimist@https://registry.npmjs.org/minimist/-/minimist-1.2.8.tgz. Extracting by manifest.
2160 silly tarball no local data for mini-css-extract-plugin@https://registry.npmjs.org/mini-css-extract-plugin/-/mini-css-extract-plugin-2.9.2.tgz. Extracting by manifest.
2161 silly tarball no local data for mime-db@https://registry.npmjs.org/mime-db/-/mime-db-1.52.0.tgz. Extracting by manifest.
2162 silly tarball no local data for mimic-fn@https://registry.npmjs.org/mimic-fn/-/mimic-fn-2.1.0.tgz. Extracting by manifest.
2163 silly tarball no local data for mime@https://registry.npmjs.org/mime/-/mime-1.6.0.tgz. Extracting by manifest.
2164 silly tarball no local data for mime-types@https://registry.npmjs.org/mime-types/-/mime-types-2.1.35.tgz. Extracting by manifest.
2165 silly tarball no local data for micromatch@https://registry.npmjs.org/micromatch/-/micromatch-4.0.8.tgz. Extracting by manifest.
2166 silly tarball no local data for methods@https://registry.npmjs.org/methods/-/methods-1.1.2.tgz. Extracting by manifest.
2167 silly tarball no local data for merge2@https://registry.npmjs.org/merge2/-/merge2-1.4.1.tgz. Extracting by manifest.
2168 silly tarball no local data for merge-stream@https://registry.npmjs.org/merge-stream/-/merge-stream-2.0.0.tgz. Extracting by manifest.
2169 silly tarball no local data for memfs@https://registry.npmjs.org/memfs/-/memfs-3.5.3.tgz. Extracting by manifest.
2170 silly tarball no local data for media-typer@https://registry.npmjs.org/media-typer/-/media-typer-0.3.0.tgz. Extracting by manifest.
2171 silly tarball no local data for merge-descriptors@https://registry.npmjs.org/merge-descriptors/-/merge-descriptors-1.0.3.tgz. Extracting by manifest.
2172 silly tarball no local data for mdn-data@https://registry.npmjs.org/mdn-data/-/mdn-data-2.0.4.tgz. Extracting by manifest.
2173 silly tarball no local data for matchmediaquery@https://registry.npmjs.org/matchmediaquery/-/matchmediaquery-0.4.2.tgz. Extracting by manifest.
2174 silly tarball no local data for makeerror@https://registry.npmjs.org/makeerror/-/makeerror-1.0.12.tgz. Extracting by manifest.
2175 silly tarball no local data for magic-string@https://registry.npmjs.org/magic-string/-/magic-string-0.25.9.tgz. Extracting by manifest.
2176 silly tarball no local data for make-dir@https://registry.npmjs.org/make-dir/-/make-dir-3.1.0.tgz. Extracting by manifest.
2177 silly tarball no local data for lower-case@https://registry.npmjs.org/lower-case/-/lower-case-2.0.2.tgz. Extracting by manifest.
2178 silly tarball no local data for lru-cache@https://registry.npmjs.org/lru-cache/-/lru-cache-10.4.3.tgz. Extracting by manifest.
2179 silly tarball no local data for math-intrinsics@https://registry.npmjs.org/math-intrinsics/-/math-intrinsics-1.1.0.tgz. Extracting by manifest.
2180 silly tarball no local data for long@https://registry.npmjs.org/long/-/long-5.3.1.tgz. Extracting by manifest.
2181 silly tarball no local data for loose-envify@https://registry.npmjs.org/loose-envify/-/loose-envify-1.4.0.tgz. Extracting by manifest.
2182 silly tarball no local data for log-update@https://registry.npmjs.org/log-update/-/log-update-4.0.0.tgz. Extracting by manifest.
2183 silly tarball no local data for log-symbols@https://registry.npmjs.org/log-symbols/-/log-symbols-4.1.0.tgz. Extracting by manifest.
2184 silly tarball no local data for lodash.sortby@https://registry.npmjs.org/lodash.sortby/-/lodash.sortby-4.7.0.tgz. Extracting by manifest.
2185 silly tarball no local data for lodash.uniq@https://registry.npmjs.org/lodash.uniq/-/lodash.uniq-4.5.0.tgz. Extracting by manifest.
2186 silly tarball no local data for lodash.throttle@https://registry.npmjs.org/lodash.throttle/-/lodash.throttle-4.1.1.tgz. Extracting by manifest.
2187 silly tarball no local data for lodash.once@https://registry.npmjs.org/lodash.once/-/lodash.once-4.1.1.tgz. Extracting by manifest.
2188 silly tarball no local data for lodash.merge@https://registry.npmjs.org/lodash.merge/-/lodash.merge-4.6.2.tgz. Extracting by manifest.
2189 silly tarball no local data for lodash.memoize@https://registry.npmjs.org/lodash.memoize/-/lodash.memoize-4.1.2.tgz. Extracting by manifest.
2190 silly tarball no local data for lodash.debounce@https://registry.npmjs.org/lodash.debounce/-/lodash.debounce-4.0.8.tgz. Extracting by manifest.
2191 silly tarball no local data for lodash.flow@https://registry.npmjs.org/lodash.flow/-/lodash.flow-3.5.0.tgz. Extracting by manifest.
2192 silly tarball no local data for lodash@https://registry.npmjs.org/lodash/-/lodash-4.17.21.tgz. Extracting by manifest.
2193 silly tarball no local data for locate-path@https://registry.npmjs.org/locate-path/-/locate-path-3.0.0.tgz. Extracting by manifest.
2194 silly tarball no local data for listr2@https://registry.npmjs.org/listr2/-/listr2-3.14.0.tgz. Extracting by manifest.
2195 silly tarball no local data for loader-utils@https://registry.npmjs.org/loader-utils/-/loader-utils-2.0.4.tgz. Extracting by manifest.
2196 silly tarball no local data for loader-runner@https://registry.npmjs.org/loader-runner/-/loader-runner-4.3.0.tgz. Extracting by manifest.
2197 silly tarball no local data for leven@https://registry.npmjs.org/leven/-/leven-3.1.0.tgz. Extracting by manifest.
2198 silly tarball no local data for levn@https://registry.npmjs.org/levn/-/levn-0.4.1.tgz. Extracting by manifest.
2199 silly tarball no local data for launch-editor@https://registry.npmjs.org/launch-editor/-/launch-editor-2.10.0.tgz. Extracting by manifest.
2200 silly tarball no local data for lazy-ass@https://registry.npmjs.org/lazy-ass/-/lazy-ass-1.6.0.tgz. Extracting by manifest.
2201 silly tarball no local data for lines-and-columns@https://registry.npmjs.org/lines-and-columns/-/lines-and-columns-1.2.4.tgz. Extracting by manifest.
2202 silly tarball no local data for lilconfig@https://registry.npmjs.org/lilconfig/-/lilconfig-2.1.0.tgz. Extracting by manifest.
2203 silly tarball no local data for language-tags@https://registry.npmjs.org/language-tags/-/language-tags-1.0.9.tgz. Extracting by manifest.
2204 silly tarball no local data for lodash.camelcase@https://registry.npmjs.org/lodash.camelcase/-/lodash.camelcase-4.3.0.tgz. Extracting by manifest.
2205 silly tarball no local data for language-subtag-registry@https://registry.npmjs.org/language-subtag-registry/-/language-subtag-registry-0.3.23.tgz. Extracting by manifest.
2206 silly tarball no local data for kind-of@https://registry.npmjs.org/kind-of/-/kind-of-6.0.3.tgz. Extracting by manifest.
2207 silly tarball no local data for klona@https://registry.npmjs.org/klona/-/klona-2.0.6.tgz. Extracting by manifest.
2208 silly tarball no local data for kleur@https://registry.npmjs.org/kleur/-/kleur-3.0.3.tgz. Extracting by manifest.
2209 silly tarball no local data for jsx-ast-utils@https://registry.npmjs.org/jsx-ast-utils/-/jsx-ast-utils-3.3.5.tgz. Extracting by manifest.
2210 silly tarball no local data for keyv@https://registry.npmjs.org/keyv/-/keyv-4.5.4.tgz. Extracting by manifest.
2211 silly tarball no local data for jsprim@https://registry.npmjs.org/jsprim/-/jsprim-2.0.2.tgz. Extracting by manifest.
2212 silly tarball no local data for jsonfile@https://registry.npmjs.org/jsonfile/-/jsonfile-6.1.0.tgz. Extracting by manifest.
2213 silly tarball no local data for jsonpath@https://registry.npmjs.org/jsonpath/-/jsonpath-1.1.1.tgz. Extracting by manifest.
2214 silly tarball no local data for jsonpointer@https://registry.npmjs.org/jsonpointer/-/jsonpointer-5.0.1.tgz. Extracting by manifest.
2215 silly tarball no local data for jspdf@https://registry.npmjs.org/jspdf/-/jspdf-4.2.0.tgz. Extracting by manifest.
2216 silly tarball no local data for json5@https://registry.npmjs.org/json5/-/json5-2.2.3.tgz. Extracting by manifest.
2217 silly tarball no local data for json-stringify-safe@https://registry.npmjs.org/json-stringify-safe/-/json-stringify-safe-5.0.1.tgz. Extracting by manifest.
2218 silly tarball no local data for json-stable-stringify-without-jsonify@https://registry.npmjs.org/json-stable-stringify-without-jsonify/-/json-stable-stringify-without-jsonify-1.0.1.tgz. Extracting by manifest.
2219 silly tarball no local data for json-buffer@https://registry.npmjs.org/json-buffer/-/json-buffer-3.0.1.tgz. Extracting by manifest.
2220 silly tarball no local data for json-schema@https://registry.npmjs.org/json-schema/-/json-schema-0.4.0.tgz. Extracting by manifest.
2221 silly tarball no local data for json-schema-traverse@https://registry.npmjs.org/json-schema-traverse/-/json-schema-traverse-0.4.1.tgz. Extracting by manifest.
2222 silly tarball no local data for jsdom@https://registry.npmjs.org/jsdom/-/jsdom-16.7.0.tgz. Extracting by manifest.
2223 silly tarball no local data for jsesc@https://registry.npmjs.org/jsesc/-/jsesc-3.1.0.tgz. Extracting by manifest.
2224 silly tarball no local data for jiti@https://registry.npmjs.org/jiti/-/jiti-1.21.7.tgz. Extracting by manifest.
2225 silly tarball no local data for js-tokens@https://registry.npmjs.org/js-tokens/-/js-tokens-4.0.0.tgz. Extracting by manifest.
2226 silly tarball no local data for js-yaml@https://registry.npmjs.org/js-yaml/-/js-yaml-3.14.1.tgz. Extracting by manifest.
2227 silly tarball no local data for jsbn@https://registry.npmjs.org/jsbn/-/jsbn-0.1.1.tgz. Extracting by manifest.
2228 silly tarball no local data for jest-worker@https://registry.npmjs.org/jest-worker/-/jest-worker-27.5.1.tgz. Extracting by manifest.
2229 silly tarball no local data for json-parse-even-better-errors@https://registry.npmjs.org/json-parse-even-better-errors/-/json-parse-even-better-errors-2.3.1.tgz. Extracting by manifest.
2230 silly tarball no local data for jest-watch-typeahead@https://registry.npmjs.org/jest-watch-typeahead/-/jest-watch-typeahead-1.1.0.tgz. Extracting by manifest.
2231 silly tarball no local data for jest-validate@https://registry.npmjs.org/jest-validate/-/jest-validate-27.5.1.tgz. Extracting by manifest.
2232 silly tarball no local data for jest-watcher@https://registry.npmjs.org/jest-watcher/-/jest-watcher-27.5.1.tgz. Extracting by manifest.
2233 silly tarball no local data for jest-util@https://registry.npmjs.org/jest-util/-/jest-util-27.5.1.tgz. Extracting by manifest.
2234 silly tarball no local data for jest-serializer@https://registry.npmjs.org/jest-serializer/-/jest-serializer-27.5.1.tgz. Extracting by manifest.
2235 silly tarball no local data for jest-runtime@https://registry.npmjs.org/jest-runtime/-/jest-runtime-27.5.1.tgz. Extracting by manifest.
2236 silly tarball no local data for jest-snapshot@https://registry.npmjs.org/jest-snapshot/-/jest-snapshot-27.5.1.tgz. Extracting by manifest.
2237 silly tarball no local data for jest-resolve@https://registry.npmjs.org/jest-resolve/-/jest-resolve-27.5.1.tgz. Extracting by manifest.
2238 silly tarball no local data for jest-runner@https://registry.npmjs.org/jest-runner/-/jest-runner-27.5.1.tgz. Extracting by manifest.
2239 silly tarball no local data for jest-resolve-dependencies@https://registry.npmjs.org/jest-resolve-dependencies/-/jest-resolve-dependencies-27.5.1.tgz. Extracting by manifest.
2240 silly tarball no local data for jest-pnp-resolver@https://registry.npmjs.org/jest-pnp-resolver/-/jest-pnp-resolver-1.2.3.tgz. Extracting by manifest.
2241 silly tarball no local data for jest-mock@https://registry.npmjs.org/jest-mock/-/jest-mock-27.5.1.tgz. Extracting by manifest.
2242 silly tarball no local data for jest-regex-util@https://registry.npmjs.org/jest-regex-util/-/jest-regex-util-27.5.1.tgz. Extracting by manifest.
2243 silly tarball no local data for jest-matcher-utils@https://registry.npmjs.org/jest-matcher-utils/-/jest-matcher-utils-27.5.1.tgz. Extracting by manifest.
2244 silly tarball no local data for jest-leak-detector@https://registry.npmjs.org/jest-leak-detector/-/jest-leak-detector-27.5.1.tgz. Extracting by manifest.
2245 silly tarball no local data for jest-haste-map@https://registry.npmjs.org/jest-haste-map/-/jest-haste-map-27.5.1.tgz. Extracting by manifest.
2246 silly tarball no local data for jest-jasmine2@https://registry.npmjs.org/jest-jasmine2/-/jest-jasmine2-27.5.1.tgz. Extracting by manifest.
2247 silly tarball no local data for jest-message-util@https://registry.npmjs.org/jest-message-util/-/jest-message-util-27.5.1.tgz. Extracting by manifest.
2248 silly tarball no local data for jest-get-type@https://registry.npmjs.org/jest-get-type/-/jest-get-type-27.5.1.tgz. Extracting by manifest.
2249 silly tarball no local data for jest-environment-node@https://registry.npmjs.org/jest-environment-node/-/jest-environment-node-27.5.1.tgz. Extracting by manifest.
2250 silly tarball no local data for jest-environment-jsdom@https://registry.npmjs.org/jest-environment-jsdom/-/jest-environment-jsdom-27.5.1.tgz. Extracting by manifest.
2251 silly tarball no local data for jest-docblock@https://registry.npmjs.org/jest-docblock/-/jest-docblock-27.5.1.tgz. Extracting by manifest.
2252 silly tarball no local data for jest-diff@https://registry.npmjs.org/jest-diff/-/jest-diff-27.5.1.tgz. Extracting by manifest.
2253 silly tarball no local data for jest-config@https://registry.npmjs.org/jest-config/-/jest-config-27.5.1.tgz. Extracting by manifest.
2254 silly tarball no local data for jest-each@https://registry.npmjs.org/jest-each/-/jest-each-27.5.1.tgz. Extracting by manifest.
2255 silly tarball no local data for jest-circus@https://registry.npmjs.org/jest-circus/-/jest-circus-27.5.1.tgz. Extracting by manifest.
2256 silly tarball no local data for jest-cli@https://registry.npmjs.org/jest-cli/-/jest-cli-27.5.1.tgz. Extracting by manifest.
2257 silly tarball no local data for jest-changed-files@https://registry.npmjs.org/jest-changed-files/-/jest-changed-files-27.5.1.tgz. Extracting by manifest.
2258 silly tarball no local data for jackspeak@https://registry.npmjs.org/jackspeak/-/jackspeak-3.4.3.tgz. Extracting by manifest.
2259 silly tarball no local data for jake@https://registry.npmjs.org/jake/-/jake-10.9.2.tgz. Extracting by manifest.
2260 silly tarball no local data for iterator.prototype@https://registry.npmjs.org/iterator.prototype/-/iterator.prototype-1.1.5.tgz. Extracting by manifest.
2261 silly tarball no local data for jest@https://registry.npmjs.org/jest/-/jest-27.5.1.tgz. Extracting by manifest.
2262 silly tarball no local data for istanbul-reports@https://registry.npmjs.org/istanbul-reports/-/istanbul-reports-3.1.7.tgz. Extracting by manifest.
2263 silly tarball no local data for istanbul-lib-source-maps@https://registry.npmjs.org/istanbul-lib-source-maps/-/istanbul-lib-source-maps-4.0.1.tgz. Extracting by manifest.
2264 silly tarball no local data for istanbul-lib-report@https://registry.npmjs.org/istanbul-lib-report/-/istanbul-lib-report-3.0.1.tgz. Extracting by manifest.
2265 silly tarball no local data for istanbul-lib-coverage@https://registry.npmjs.org/istanbul-lib-coverage/-/istanbul-lib-coverage-3.2.2.tgz. Extracting by manifest.
2266 silly tarball no local data for isstream@https://registry.npmjs.org/isstream/-/isstream-0.1.2.tgz. Extracting by manifest.
2267 silly tarball no local data for isexe@https://registry.npmjs.org/isexe/-/isexe-2.0.0.tgz. Extracting by manifest.
2268 silly tarball no local data for isarray@https://registry.npmjs.org/isarray/-/isarray-2.0.5.tgz. Extracting by manifest.
2269 silly tarball no local data for istanbul-lib-instrument@https://registry.npmjs.org/istanbul-lib-instrument/-/istanbul-lib-instrument-5.2.1.tgz. Extracting by manifest.
2270 silly tarball no local data for is-wsl@https://registry.npmjs.org/is-wsl/-/is-wsl-2.2.0.tgz. Extracting by manifest.
2271 silly tarball no local data for is-weakref@https://registry.npmjs.org/is-weakref/-/is-weakref-1.1.1.tgz. Extracting by manifest.
2272 silly tarball no local data for is-weakset@https://registry.npmjs.org/is-weakset/-/is-weakset-2.0.4.tgz. Extracting by manifest.
2273 silly tarball no local data for is-typedarray@https://registry.npmjs.org/is-typedarray/-/is-typedarray-1.0.0.tgz. Extracting by manifest.
2274 silly tarball no local data for is-weakmap@https://registry.npmjs.org/is-weakmap/-/is-weakmap-2.0.2.tgz. Extracting by manifest.
2275 silly tarball no local data for is-typed-array@https://registry.npmjs.org/is-typed-array/-/is-typed-array-1.1.15.tgz. Extracting by manifest.
2276 silly tarball no local data for is-unicode-supported@https://registry.npmjs.org/is-unicode-supported/-/is-unicode-supported-0.1.0.tgz. Extracting by manifest.
2277 silly tarball no local data for is-string@https://registry.npmjs.org/is-string/-/is-string-1.1.1.tgz. Extracting by manifest.
2278 silly tarball no local data for is-stream@https://registry.npmjs.org/is-stream/-/is-stream-2.0.1.tgz. Extracting by manifest.
2279 silly tarball no local data for is-regexp@https://registry.npmjs.org/is-regexp/-/is-regexp-1.0.0.tgz. Extracting by manifest.
2280 silly tarball no local data for is-root@https://registry.npmjs.org/is-root/-/is-root-2.1.0.tgz. Extracting by manifest.
2281 silly tarball no local data for is-symbol@https://registry.npmjs.org/is-symbol/-/is-symbol-1.1.1.tgz. Extracting by manifest.
2282 silly tarball no local data for is-set@https://registry.npmjs.org/is-set/-/is-set-2.0.3.tgz. Extracting by manifest.
2283 silly tarball no local data for is-potential-custom-element-name@https://registry.npmjs.org/is-potential-custom-element-name/-/is-potential-custom-element-name-1.0.1.tgz. Extracting by manifest.
2284 silly tarball no local data for is-regex@https://registry.npmjs.org/is-regex/-/is-regex-1.2.1.tgz. Extracting by manifest.
2285 silly tarball no local data for is-path-inside@https://registry.npmjs.org/is-path-inside/-/is-path-inside-3.0.3.tgz. Extracting by manifest.
2286 silly tarball no local data for is-number-object@https://registry.npmjs.org/is-number-object/-/is-number-object-1.1.1.tgz. Extracting by manifest.
2287 silly tarball no local data for is-obj@https://registry.npmjs.org/is-obj/-/is-obj-1.0.1.tgz. Extracting by manifest.
2288 silly tarball no local data for is-number@https://registry.npmjs.org/is-number/-/is-number-7.0.0.tgz. Extracting by manifest.
2289 silly tarball no local data for is-shared-array-buffer@https://registry.npmjs.org/is-shared-array-buffer/-/is-shared-array-buffer-1.0.4.tgz. Extracting by manifest.
2290 silly tarball no local data for is-module@https://registry.npmjs.org/is-module/-/is-module-1.0.0.tgz. Extracting by manifest.
2291 silly tarball no local data for is-plain-obj@https://registry.npmjs.org/is-plain-obj/-/is-plain-obj-3.0.0.tgz. Extracting by manifest.
2292 silly tarball no local data for is-installed-globally@https://registry.npmjs.org/is-installed-globally/-/is-installed-globally-0.4.0.tgz. Extracting by manifest.
2293 silly tarball no local data for is-map@https://registry.npmjs.org/is-map/-/is-map-2.0.3.tgz. Extracting by manifest.
2294 silly tarball no local data for is-generator-function@https://registry.npmjs.org/is-generator-function/-/is-generator-function-1.1.0.tgz. Extracting by manifest.
2295 silly tarball no local data for is-generator-fn@https://registry.npmjs.org/is-generator-fn/-/is-generator-fn-2.1.0.tgz. Extracting by manifest.
2296 silly tarball no local data for is-fullwidth-code-point@https://registry.npmjs.org/is-fullwidth-code-point/-/is-fullwidth-code-point-3.0.0.tgz. Extracting by manifest.
2297 silly tarball no local data for is-glob@https://registry.npmjs.org/is-glob/-/is-glob-4.0.3.tgz. Extracting by manifest.
2298 silly tarball no local data for is-finalizationregistry@https://registry.npmjs.org/is-finalizationregistry/-/is-finalizationregistry-1.1.1.tgz. Extracting by manifest.
2299 silly tarball no local data for is-extglob@https://registry.npmjs.org/is-extglob/-/is-extglob-2.1.1.tgz. Extracting by manifest.
2300 silly tarball no local data for is-date-object@https://registry.npmjs.org/is-date-object/-/is-date-object-1.1.0.tgz. Extracting by manifest.
2301 silly tarball no local data for is-core-module@https://registry.npmjs.org/is-core-module/-/is-core-module-2.16.1.tgz. Extracting by manifest.
2302 silly tarball no local data for is-docker@https://registry.npmjs.org/is-docker/-/is-docker-2.2.1.tgz. Extracting by manifest.
2303 silly tarball no local data for is-boolean-object@https://registry.npmjs.org/is-boolean-object/-/is-boolean-object-1.2.2.tgz. Extracting by manifest.
2304 silly tarball no local data for is-data-view@https://registry.npmjs.org/is-data-view/-/is-data-view-1.0.2.tgz. Extracting by manifest.
2305 silly tarball no local data for is-callable@https://registry.npmjs.org/is-callable/-/is-callable-1.2.7.tgz. Extracting by manifest.
2306 silly tarball no local data for is-bigint@https://registry.npmjs.org/is-bigint/-/is-bigint-1.1.0.tgz. Extracting by manifest.
2307 silly tarball no local data for is-binary-path@https://registry.npmjs.org/is-binary-path/-/is-binary-path-2.1.0.tgz. Extracting by manifest.
2308 silly tarball no local data for is-arrayish@https://registry.npmjs.org/is-arrayish/-/is-arrayish-0.2.1.tgz. Extracting by manifest.
2309 silly tarball no local data for ipaddr.js@https://registry.npmjs.org/ipaddr.js/-/ipaddr.js-2.2.0.tgz. Extracting by manifest.
2310 silly tarball no local data for iobuffer@https://registry.npmjs.org/iobuffer/-/iobuffer-5.4.0.tgz. Extracting by manifest.
2311 silly tarball no local data for is-array-buffer@https://registry.npmjs.org/is-array-buffer/-/is-array-buffer-3.0.5.tgz. Extracting by manifest.
2312 silly tarball no local data for is-async-function@https://registry.npmjs.org/is-async-function/-/is-async-function-2.1.1.tgz. Extracting by manifest.
2313 silly tarball no local data for internmap@https://registry.npmjs.org/internmap/-/internmap-2.0.3.tgz. Extracting by manifest.
2314 silly tarball no local data for internal-slot@https://registry.npmjs.org/internal-slot/-/internal-slot-1.1.0.tgz. Extracting by manifest.
2315 silly tarball no local data for inherits@https://registry.npmjs.org/inherits/-/inherits-2.0.4.tgz. Extracting by manifest.
2316 silly tarball no local data for inflight@https://registry.npmjs.org/inflight/-/inflight-1.0.6.tgz. Extracting by manifest.
2317 silly tarball no local data for indent-string@https://registry.npmjs.org/indent-string/-/indent-string-4.0.0.tgz. Extracting by manifest.
2318 silly tarball no local data for imurmurhash@https://registry.npmjs.org/imurmurhash/-/imurmurhash-0.1.4.tgz. Extracting by manifest.
2319 silly tarball no local data for ini@https://registry.npmjs.org/ini/-/ini-1.3.8.tgz. Extracting by manifest.
2320 silly tarball no local data for import-local@https://registry.npmjs.org/import-local/-/import-local-3.2.0.tgz. Extracting by manifest.
2321 silly tarball no local data for import-fresh@https://registry.npmjs.org/import-fresh/-/import-fresh-3.3.1.tgz. Extracting by manifest.
2322 silly tarball no local data for immutable@https://registry.npmjs.org/immutable/-/immutable-5.0.3.tgz. Extracting by manifest.
2323 silly tarball no local data for ignore@https://registry.npmjs.org/ignore/-/ignore-5.3.2.tgz. Extracting by manifest.
2324 silly tarball no local data for identity-obj-proxy@https://registry.npmjs.org/identity-obj-proxy/-/identity-obj-proxy-3.0.0.tgz. Extracting by manifest.
2325 silly tarball no local data for ieee754@https://registry.npmjs.org/ieee754/-/ieee754-1.2.1.tgz. Extracting by manifest.
2326 silly tarball no local data for idb@https://registry.npmjs.org/idb/-/idb-7.1.1.tgz. Extracting by manifest.
2327 silly tarball no local data for immer@https://registry.npmjs.org/immer/-/immer-9.0.21.tgz. Extracting by manifest.
2328 silly tarball no local data for icss-utils@https://registry.npmjs.org/icss-utils/-/icss-utils-5.1.0.tgz. Extracting by manifest.
2329 silly tarball no local data for iconv-lite@https://registry.npmjs.org/iconv-lite/-/iconv-lite-0.6.3.tgz. Extracting by manifest.
2330 silly tarball no local data for hyphenate-style-name@https://registry.npmjs.org/hyphenate-style-name/-/hyphenate-style-name-1.1.0.tgz. Extracting by manifest.
2331 silly tarball no local data for http-signature@https://registry.npmjs.org/http-signature/-/http-signature-1.4.0.tgz. Extracting by manifest.
2332 silly tarball no local data for https-proxy-agent@https://registry.npmjs.org/https-proxy-agent/-/https-proxy-agent-5.0.1.tgz. Extracting by manifest.
2333 silly tarball no local data for http-proxy-middleware@https://registry.npmjs.org/http-proxy-middleware/-/http-proxy-middleware-2.0.7.tgz. Extracting by manifest.
2334 silly tarball no local data for human-signals@https://registry.npmjs.org/human-signals/-/human-signals-2.1.0.tgz. Extracting by manifest.
2335 silly tarball no local data for http-proxy@https://registry.npmjs.org/http-proxy/-/http-proxy-1.18.1.tgz. Extracting by manifest.
2336 silly tarball no local data for http-parser-js@https://registry.npmjs.org/http-parser-js/-/http-parser-js-0.5.9.tgz. Extracting by manifest.
2337 silly tarball no local data for http-proxy-agent@https://registry.npmjs.org/http-proxy-agent/-/http-proxy-agent-4.0.1.tgz. Extracting by manifest.
2338 silly tarball no local data for html2canvas@https://registry.npmjs.org/html2canvas/-/html2canvas-1.4.1.tgz. Extracting by manifest.
2339 silly tarball no local data for http-errors@https://registry.npmjs.org/http-errors/-/http-errors-2.0.0.tgz. Extracting by manifest.
2340 silly tarball no local data for htmlparser2@https://registry.npmjs.org/htmlparser2/-/htmlparser2-6.1.0.tgz. Extracting by manifest.
2341 silly tarball no local data for html-escaper@https://registry.npmjs.org/html-escaper/-/html-escaper-2.0.2.tgz. Extracting by manifest.
2342 silly tarball no local data for http-deceiver@https://registry.npmjs.org/http-deceiver/-/http-deceiver-1.2.7.tgz. Extracting by manifest.
2343 silly tarball no local data for html-minifier-terser@https://registry.npmjs.org/html-minifier-terser/-/html-minifier-terser-6.1.0.tgz. Extracting by manifest.
2344 silly tarball no local data for html-entities@https://registry.npmjs.org/html-entities/-/html-entities-2.5.2.tgz. Extracting by manifest.
2345 silly tarball no local data for hoopy@https://registry.npmjs.org/hoopy/-/hoopy-0.1.4.tgz. Extracting by manifest.
2346 silly tarball no local data for html-webpack-plugin@https://registry.npmjs.org/html-webpack-plugin/-/html-webpack-plugin-5.6.3.tgz. Extracting by manifest.
2347 silly tarball no local data for hpack.js@https://registry.npmjs.org/hpack.js/-/hpack.js-2.1.6.tgz. Extracting by manifest.
2348 silly tarball no local data for html-encoding-sniffer@https://registry.npmjs.org/html-encoding-sniffer/-/html-encoding-sniffer-2.0.1.tgz. Extracting by manifest.
2349 silly tarball no local data for he@https://registry.npmjs.org/he/-/he-1.2.0.tgz. Extracting by manifest.
2350 silly tarball no local data for hoist-non-react-statics@https://registry.npmjs.org/hoist-non-react-statics/-/hoist-non-react-statics-3.3.2.tgz. Extracting by manifest.
2351 silly tarball no local data for hasown@https://registry.npmjs.org/hasown/-/hasown-2.0.2.tgz. Extracting by manifest.
2352 silly tarball no local data for has-proto@https://registry.npmjs.org/has-proto/-/has-proto-1.2.0.tgz. Extracting by manifest.
2353 silly tarball no local data for has-flag@https://registry.npmjs.org/has-flag/-/has-flag-4.0.0.tgz. Extracting by manifest.
2354 silly tarball no local data for has-symbols@https://registry.npmjs.org/has-symbols/-/has-symbols-1.1.0.tgz. Extracting by manifest.
2355 silly tarball no local data for has-bigints@https://registry.npmjs.org/has-bigints/-/has-bigints-1.1.0.tgz. Extracting by manifest.
2356 silly tarball no local data for has-property-descriptors@https://registry.npmjs.org/has-property-descriptors/-/has-property-descriptors-1.0.2.tgz. Extracting by manifest.
2357 silly tarball no local data for harmony-reflect@https://registry.npmjs.org/harmony-reflect/-/harmony-reflect-1.6.2.tgz. Extracting by manifest.
2358 silly tarball no local data for handle-thing@https://registry.npmjs.org/handle-thing/-/handle-thing-2.0.1.tgz. Extracting by manifest.
2359 silly tarball no local data for has-tostringtag@https://registry.npmjs.org/has-tostringtag/-/has-tostringtag-1.0.2.tgz. Extracting by manifest.
2360 silly tarball no local data for graceful-fs@https://registry.npmjs.org/graceful-fs/-/graceful-fs-4.2.11.tgz. Extracting by manifest.
2361 silly tarball no local data for graphemer@https://registry.npmjs.org/graphemer/-/graphemer-1.4.0.tgz. Extracting by manifest.
2362 silly tarball no local data for globals@https://registry.npmjs.org/globals/-/globals-11.12.0.tgz. Extracting by manifest.
2363 silly tarball no local data for globby@https://registry.npmjs.org/globby/-/globby-11.1.0.tgz. Extracting by manifest.
2364 silly tarball no local data for gzip-size@https://registry.npmjs.org/gzip-size/-/gzip-size-6.0.0.tgz. Extracting by manifest.
2365 silly tarball no local data for global-modules@https://registry.npmjs.org/global-modules/-/global-modules-2.0.0.tgz. Extracting by manifest.
2366 silly tarball no local data for globalthis@https://registry.npmjs.org/globalthis/-/globalthis-1.0.4.tgz. Extracting by manifest.
2367 silly tarball no local data for gopd@https://registry.npmjs.org/gopd/-/gopd-1.2.0.tgz. Extracting by manifest.
2368 silly tarball no local data for glob-to-regexp@https://registry.npmjs.org/glob-to-regexp/-/glob-to-regexp-0.4.1.tgz. Extracting by manifest.
2369 silly tarball no local data for global-dirs@https://registry.npmjs.org/global-dirs/-/global-dirs-3.0.1.tgz. Extracting by manifest.
2370 silly tarball no local data for glob-parent@https://registry.npmjs.org/glob-parent/-/glob-parent-6.0.2.tgz. Extracting by manifest.
2371 silly tarball no local data for glob@https://registry.npmjs.org/glob/-/glob-9.3.5.tgz. Extracting by manifest.
2372 silly tarball no local data for global-prefix@https://registry.npmjs.org/global-prefix/-/global-prefix-3.0.0.tgz. Extracting by manifest.
2373 silly tarball no local data for getos@https://registry.npmjs.org/getos/-/getos-3.2.1.tgz. Extracting by manifest.
2374 silly tarball no local data for get-symbol-description@https://registry.npmjs.org/get-symbol-description/-/get-symbol-description-1.1.0.tgz. Extracting by manifest.
2375 silly tarball no local data for get-stream@https://registry.npmjs.org/get-stream/-/get-stream-6.0.1.tgz. Extracting by manifest.
2376 silly tarball no local data for getpass@https://registry.npmjs.org/getpass/-/getpass-0.1.7.tgz. Extracting by manifest.
2377 silly tarball no local data for get-proto@https://registry.npmjs.org/get-proto/-/get-proto-1.0.1.tgz. Extracting by manifest.
2378 silly tarball no local data for get-package-type@https://registry.npmjs.org/get-package-type/-/get-package-type-0.1.0.tgz. Extracting by manifest.
2379 silly tarball no local data for get-caller-file@https://registry.npmjs.org/get-caller-file/-/get-caller-file-2.0.5.tgz. Extracting by manifest.
2380 silly tarball no local data for gensync@https://registry.npmjs.org/gensync/-/gensync-1.0.0-beta.2.tgz. Extracting by manifest.
2381 silly tarball no local data for get-own-enumerable-property-symbols@https://registry.npmjs.org/get-own-enumerable-property-symbols/-/get-own-enumerable-property-symbols-3.0.2.tgz. Extracting by manifest.
2382 silly tarball no local data for functions-have-names@https://registry.npmjs.org/functions-have-names/-/functions-have-names-1.2.3.tgz. Extracting by manifest.
2383 silly tarball no local data for get-intrinsic@https://registry.npmjs.org/get-intrinsic/-/get-intrinsic-1.3.0.tgz. Extracting by manifest.
2384 silly tarball no local data for function.prototype.name@https://registry.npmjs.org/function.prototype.name/-/function.prototype.name-1.1.8.tgz. Extracting by manifest.
2385 silly tarball no local data for function-bind@https://registry.npmjs.org/function-bind/-/function-bind-1.1.2.tgz. Extracting by manifest.
2386 silly tarball no local data for fs-extra@https://registry.npmjs.org/fs-extra/-/fs-extra-10.1.0.tgz. Extracting by manifest.
2387 silly tarball no local data for fs-monkey@https://registry.npmjs.org/fs-monkey/-/fs-monkey-1.0.6.tgz. Extracting by manifest.
2388 silly tarball no local data for framer-motion@https://registry.npmjs.org/framer-motion/-/framer-motion-12.6.3.tgz. Extracting by manifest.
2389 silly tarball no local data for fresh@https://registry.npmjs.org/fresh/-/fresh-0.5.2.tgz. Extracting by manifest.
2390 silly tarball no local data for forwarded@https://registry.npmjs.org/forwarded/-/forwarded-0.2.0.tgz. Extracting by manifest.
2391 silly tarball no local data for fraction.js@https://registry.npmjs.org/fraction.js/-/fraction.js-4.3.7.tgz. Extracting by manifest.
2392 silly tarball no local data for fs.realpath@https://registry.npmjs.org/fs.realpath/-/fs.realpath-1.0.0.tgz. Extracting by manifest.
2393 silly tarball no local data for fork-ts-checker-webpack-plugin@https://registry.npmjs.org/fork-ts-checker-webpack-plugin/-/fork-ts-checker-webpack-plugin-6.5.3.tgz. Extracting by manifest.
2394 silly tarball no local data for forever-agent@https://registry.npmjs.org/forever-agent/-/forever-agent-0.6.1.tgz. Extracting by manifest.
2395 silly tarball no local data for form-data@https://registry.npmjs.org/form-data/-/form-data-3.0.3.tgz. Extracting by manifest.
2396 silly tarball no local data for for-each@https://registry.npmjs.org/for-each/-/for-each-0.3.5.tgz. Extracting by manifest.
2397 silly tarball no local data for flatted@https://registry.npmjs.org/flatted/-/flatted-3.3.3.tgz. Extracting by manifest.
2398 silly tarball no local data for follow-redirects@https://registry.npmjs.org/follow-redirects/-/follow-redirects-1.15.9.tgz. Extracting by manifest.
2399 silly tarball no local data for foreground-child@https://registry.npmjs.org/foreground-child/-/foreground-child-3.3.1.tgz. Extracting by manifest.
2400 silly tarball no local data for flat-cache@https://registry.npmjs.org/flat-cache/-/flat-cache-3.2.0.tgz. Extracting by manifest.
2401 silly tarball no local data for firebase@https://registry.npmjs.org/firebase/-/firebase-11.4.0.tgz. Extracting by manifest.
2402 silly tarball no local data for find-up@https://registry.npmjs.org/find-up/-/find-up-3.0.0.tgz. Extracting by manifest.
2403 silly tarball no local data for find-root@https://registry.npmjs.org/find-root/-/find-root-1.1.0.tgz. Extracting by manifest.
2404 silly tarball no local data for find-babel-config@https://registry.npmjs.org/find-babel-config/-/find-babel-config-2.1.2.tgz. Extracting by manifest.
2405 silly tarball no local data for finalhandler@https://registry.npmjs.org/finalhandler/-/finalhandler-1.3.1.tgz. Extracting by manifest.
2406 silly tarball no local data for fill-range@https://registry.npmjs.org/fill-range/-/fill-range-7.1.1.tgz. Extracting by manifest.
2407 silly tarball no local data for find-cache-dir@https://registry.npmjs.org/find-cache-dir/-/find-cache-dir-3.3.2.tgz. Extracting by manifest.
2408 silly tarball no local data for filelist@https://registry.npmjs.org/filelist/-/filelist-1.0.4.tgz. Extracting by manifest.
2409 silly tarball no local data for filesize@https://registry.npmjs.org/filesize/-/filesize-8.0.7.tgz. Extracting by manifest.
2410 silly tarball no local data for file-loader@https://registry.npmjs.org/file-loader/-/file-loader-6.2.0.tgz. Extracting by manifest.
2411 silly tarball no local data for file-entry-cache@https://registry.npmjs.org/file-entry-cache/-/file-entry-cache-6.0.1.tgz. Extracting by manifest.
2412 silly tarball no local data for fflate@https://registry.npmjs.org/fflate/-/fflate-0.8.2.tgz. Extracting by manifest.
2413 silly tarball no local data for fd-slicer@https://registry.npmjs.org/fd-slicer/-/fd-slicer-1.1.0.tgz. Extracting by manifest.
2414 silly tarball no local data for figures@https://registry.npmjs.org/figures/-/figures-3.2.0.tgz. Extracting by manifest.
2415 silly tarball no local data for fb-watchman@https://registry.npmjs.org/fb-watchman/-/fb-watchman-2.0.2.tgz. Extracting by manifest.
2416 silly tarball no local data for faye-websocket@https://registry.npmjs.org/faye-websocket/-/faye-websocket-0.11.4.tgz. Extracting by manifest.
2417 silly tarball no local data for fast-png@https://registry.npmjs.org/fast-png/-/fast-png-6.4.0.tgz. Extracting by manifest.
2418 silly tarball no local data for fast-levenshtein@https://registry.npmjs.org/fast-levenshtein/-/fast-levenshtein-2.0.6.tgz. Extracting by manifest.
2419 silly tarball no local data for fast-json-stable-stringify@https://registry.npmjs.org/fast-json-stable-stringify/-/fast-json-stable-stringify-2.1.0.tgz. Extracting by manifest.
2420 silly tarball no local data for fast-uri@https://registry.npmjs.org/fast-uri/-/fast-uri-3.0.6.tgz. Extracting by manifest.
2421 silly tarball no local data for fastq@https://registry.npmjs.org/fastq/-/fastq-1.19.1.tgz. Extracting by manifest.
2422 silly tarball no local data for fast-equals@https://registry.npmjs.org/fast-equals/-/fast-equals-5.2.2.tgz. Extracting by manifest.
2423 silly tarball no local data for extsprintf@https://registry.npmjs.org/extsprintf/-/extsprintf-1.3.0.tgz. Extracting by manifest.
2424 silly tarball no local data for fast-glob@https://registry.npmjs.org/fast-glob/-/fast-glob-3.3.3.tgz. Extracting by manifest.
2425 silly tarball no local data for extend@https://registry.npmjs.org/extend/-/extend-3.0.2.tgz. Extracting by manifest.
2426 silly tarball no local data for extract-zip@https://registry.npmjs.org/extract-zip/-/extract-zip-2.0.1.tgz. Extracting by manifest.
2427 silly tarball no local data for express@https://registry.npmjs.org/express/-/express-4.21.2.tgz. Extracting by manifest.
2428 silly tarball no local data for expect@https://registry.npmjs.org/expect/-/expect-27.5.1.tgz. Extracting by manifest.
2429 silly tarball no local data for execa@https://registry.npmjs.org/execa/-/execa-5.1.1.tgz. Extracting by manifest.
2430 silly tarball no local data for fast-deep-equal@https://registry.npmjs.org/fast-deep-equal/-/fast-deep-equal-3.1.3.tgz. Extracting by manifest.
2431 silly tarball no local data for events@https://registry.npmjs.org/events/-/events-3.3.0.tgz. Extracting by manifest.
2432 silly tarball no local data for executable@https://registry.npmjs.org/executable/-/executable-4.1.1.tgz. Extracting by manifest.
2433 silly tarball no local data for eventemitter3@https://registry.npmjs.org/eventemitter3/-/eventemitter3-4.0.7.tgz. Extracting by manifest.
2434 silly tarball no local data for eventemitter2@https://registry.npmjs.org/eventemitter2/-/eventemitter2-6.4.7.tgz. Extracting by manifest.
2435 silly tarball no local data for esutils@https://registry.npmjs.org/esutils/-/esutils-2.0.3.tgz. Extracting by manifest.
2436 silly tarball no local data for exit@https://registry.npmjs.org/exit/-/exit-0.1.2.tgz. Extracting by manifest.
2437 silly tarball no local data for estree-walker@https://registry.npmjs.org/estree-walker/-/estree-walker-1.0.1.tgz. Extracting by manifest.
2438 silly tarball no local data for estraverse@https://registry.npmjs.org/estraverse/-/estraverse-5.3.0.tgz. Extracting by manifest.
2439 silly tarball no local data for esrecurse@https://registry.npmjs.org/esrecurse/-/esrecurse-4.3.0.tgz. Extracting by manifest.
2440 silly tarball no local data for esprima@https://registry.npmjs.org/esprima/-/esprima-4.0.1.tgz. Extracting by manifest.
2441 silly tarball no local data for etag@https://registry.npmjs.org/etag/-/etag-1.8.1.tgz. Extracting by manifest.
2442 silly tarball no local data for espree@https://registry.npmjs.org/espree/-/espree-9.6.1.tgz. Extracting by manifest.
2443 silly tarball no local data for eslint-webpack-plugin@https://registry.npmjs.org/eslint-webpack-plugin/-/eslint-webpack-plugin-3.2.0.tgz. Extracting by manifest.
2444 silly tarball no local data for esquery@https://registry.npmjs.org/esquery/-/esquery-1.6.0.tgz. Extracting by manifest.
2445 silly tarball no local data for eslint-visitor-keys@https://registry.npmjs.org/eslint-visitor-keys/-/eslint-visitor-keys-3.4.3.tgz. Extracting by manifest.
2446 silly tarball no local data for eslint-plugin-react@https://registry.npmjs.org/eslint-plugin-react/-/eslint-plugin-react-7.37.4.tgz. Extracting by manifest.
2447 silly tarball no local data for eslint-plugin-testing-library@https://registry.npmjs.org/eslint-plugin-testing-library/-/eslint-plugin-testing-library-5.11.1.tgz. Extracting by manifest.
2448 silly tarball no local data for eslint-plugin-react-hooks@https://registry.npmjs.org/eslint-plugin-react-hooks/-/eslint-plugin-react-hooks-4.6.2.tgz. Extracting by manifest.
2449 silly tarball no local data for eslint-plugin-jest@https://registry.npmjs.org/eslint-plugin-jest/-/eslint-plugin-jest-25.7.0.tgz. Extracting by manifest.
2450 silly tarball no local data for eslint-scope@https://registry.npmjs.org/eslint-scope/-/eslint-scope-7.2.2.tgz. Extracting by manifest.
2451 silly tarball no local data for eslint-plugin-jsx-a11y@https://registry.npmjs.org/eslint-plugin-jsx-a11y/-/eslint-plugin-jsx-a11y-6.10.2.tgz. Extracting by manifest.
2452 silly tarball no local data for eslint-plugin-flowtype@https://registry.npmjs.org/eslint-plugin-flowtype/-/eslint-plugin-flowtype-8.0.3.tgz. Extracting by manifest.
2453 silly tarball no local data for eslint-plugin-import@https://registry.npmjs.org/eslint-plugin-import/-/eslint-plugin-import-2.31.0.tgz. Extracting by manifest.
2454 silly tarball no local data for eslint-module-utils@https://registry.npmjs.org/eslint-module-utils/-/eslint-module-utils-2.12.0.tgz. Extracting by manifest.
2455 silly tarball no local data for eslint-config-react-app@https://registry.npmjs.org/eslint-config-react-app/-/eslint-config-react-app-7.0.1.tgz. Extracting by manifest.
2456 silly tarball no local data for eslint@https://registry.npmjs.org/eslint/-/eslint-8.57.1.tgz. Extracting by manifest.
2457 silly tarball no local data for eslint-import-resolver-node@https://registry.npmjs.org/eslint-import-resolver-node/-/eslint-import-resolver-node-0.3.9.tgz. Extracting by manifest.
2458 silly tarball no local data for escape-html@https://registry.npmjs.org/escape-html/-/escape-html-1.0.3.tgz. Extracting by manifest.
2459 silly tarball no local data for escodegen@https://registry.npmjs.org/escodegen/-/escodegen-2.1.0.tgz. Extracting by manifest.
2460 silly tarball no local data for escape-string-regexp@https://registry.npmjs.org/escape-string-regexp/-/escape-string-regexp-4.0.0.tgz. Extracting by manifest.
2461 silly tarball no local data for es-shim-unscopables@https://registry.npmjs.org/es-shim-unscopables/-/es-shim-unscopables-1.1.0.tgz. Extracting by manifest.
2462 silly tarball no local data for es-to-primitive@https://registry.npmjs.org/es-to-primitive/-/es-to-primitive-1.3.0.tgz. Extracting by manifest.
2463 silly tarball no local data for es-set-tostringtag@https://registry.npmjs.org/es-set-tostringtag/-/es-set-tostringtag-2.1.0.tgz. Extracting by manifest.
2464 silly tarball no local data for escalade@https://registry.npmjs.org/escalade/-/escalade-3.2.0.tgz. Extracting by manifest.
2465 silly tarball no local data for es-object-atoms@https://registry.npmjs.org/es-object-atoms/-/es-object-atoms-1.1.1.tgz. Extracting by manifest.
2466 silly tarball no local data for es-iterator-helpers@https://registry.npmjs.org/es-iterator-helpers/-/es-iterator-helpers-1.2.1.tgz. Extracting by manifest.
2467 silly tarball no local data for es-define-property@https://registry.npmjs.org/es-define-property/-/es-define-property-1.0.1.tgz. Extracting by manifest.
2468 silly tarball no local data for es-errors@https://registry.npmjs.org/es-errors/-/es-errors-1.3.0.tgz. Extracting by manifest.
2469 silly tarball no local data for es-array-method-boxes-properly@https://registry.npmjs.org/es-array-method-boxes-properly/-/es-array-method-boxes-properly-1.0.0.tgz. Extracting by manifest.
2470 silly tarball no local data for error-stack-parser@https://registry.npmjs.org/error-stack-parser/-/error-stack-parser-2.1.4.tgz. Extracting by manifest.
2471 silly tarball no local data for es-module-lexer@https://registry.npmjs.org/es-module-lexer/-/es-module-lexer-1.6.0.tgz. Extracting by manifest.
2472 silly tarball no local data for es-abstract@https://registry.npmjs.org/es-abstract/-/es-abstract-1.23.9.tgz. Extracting by manifest.
2473 silly tarball no local data for error-ex@https://registry.npmjs.org/error-ex/-/error-ex-1.3.2.tgz. Extracting by manifest.
2474 silly tarball no local data for enquirer@https://registry.npmjs.org/enquirer/-/enquirer-2.4.1.tgz. Extracting by manifest.
2475 silly tarball no local data for enhanced-resolve@https://registry.npmjs.org/enhanced-resolve/-/enhanced-resolve-5.18.1.tgz. Extracting by manifest.
2476 silly tarball no local data for emojis-list@https://registry.npmjs.org/emojis-list/-/emojis-list-3.0.0.tgz. Extracting by manifest.
2477 silly tarball no local data for encodeurl@https://registry.npmjs.org/encodeurl/-/encodeurl-2.0.0.tgz. Extracting by manifest.
2478 silly tarball no local data for entities@https://registry.npmjs.org/entities/-/entities-2.2.0.tgz. Extracting by manifest.
2479 silly tarball no local data for end-of-stream@https://registry.npmjs.org/end-of-stream/-/end-of-stream-1.4.4.tgz. Extracting by manifest.
2480 silly tarball no local data for emittery@https://registry.npmjs.org/emittery/-/emittery-0.8.1.tgz. Extracting by manifest.
2481 silly tarball no local data for emoji-regex@https://registry.npmjs.org/emoji-regex/-/emoji-regex-9.2.2.tgz. Extracting by manifest.
2482 silly tarball no local data for ee-first@https://registry.npmjs.org/ee-first/-/ee-first-1.1.1.tgz. Extracting by manifest.
2483 silly tarball no local data for electron-to-chromium@https://registry.npmjs.org/electron-to-chromium/-/electron-to-chromium-1.5.112.tgz. Extracting by manifest.
2484 silly tarball no local data for ejs@https://registry.npmjs.org/ejs/-/ejs-3.1.10.tgz. Extracting by manifest.
2485 silly tarball no local data for eastasianwidth@https://registry.npmjs.org/eastasianwidth/-/eastasianwidth-0.2.0.tgz. Extracting by manifest.
2486 silly tarball no local data for duplexer@https://registry.npmjs.org/duplexer/-/duplexer-0.1.2.tgz. Extracting by manifest.
2487 silly tarball no local data for dunder-proto@https://registry.npmjs.org/dunder-proto/-/dunder-proto-1.0.1.tgz. Extracting by manifest.
2488 silly tarball no local data for dotenv@https://registry.npmjs.org/dotenv/-/dotenv-10.0.0.tgz. Extracting by manifest.
2489 silly tarball no local data for dotenv-expand@https://registry.npmjs.org/dotenv-expand/-/dotenv-expand-5.1.0.tgz. Extracting by manifest.
2490 silly tarball no local data for ecc-jsbn@https://registry.npmjs.org/ecc-jsbn/-/ecc-jsbn-0.1.2.tgz. Extracting by manifest.
2491 silly tarball no local data for dot-case@https://registry.npmjs.org/dot-case/-/dot-case-3.0.4.tgz. Extracting by manifest.
2492 silly tarball no local data for domutils@https://registry.npmjs.org/domutils/-/domutils-2.8.0.tgz. Extracting by manifest.
2493 silly tarball no local data for dompurify@https://registry.npmjs.org/dompurify/-/dompurify-3.3.3.tgz. Extracting by manifest.
2494 silly tarball no local data for domelementtype@https://registry.npmjs.org/domelementtype/-/domelementtype-2.3.0.tgz. Extracting by manifest.
2495 silly tarball no local data for domhandler@https://registry.npmjs.org/domhandler/-/domhandler-4.3.1.tgz. Extracting by manifest.
2496 silly tarball no local data for dom-serializer@https://registry.npmjs.org/dom-serializer/-/dom-serializer-1.4.1.tgz. Extracting by manifest.
2497 silly tarball no local data for domexception@https://registry.npmjs.org/domexception/-/domexception-2.0.1.tgz. Extracting by manifest.
2498 silly tarball no local data for dom-helpers@https://registry.npmjs.org/dom-helpers/-/dom-helpers-5.2.1.tgz. Extracting by manifest.
2499 silly tarball no local data for dom-converter@https://registry.npmjs.org/dom-converter/-/dom-converter-0.2.0.tgz. Extracting by manifest.
2500 silly tarball no local data for doctrine@https://registry.npmjs.org/doctrine/-/doctrine-3.0.0.tgz. Extracting by manifest.
2501 silly tarball no local data for didyoumean@https://registry.npmjs.org/didyoumean/-/didyoumean-1.2.2.tgz. Extracting by manifest.
2502 silly tarball no local data for dir-glob@https://registry.npmjs.org/dir-glob/-/dir-glob-3.0.1.tgz. Extracting by manifest.
2503 silly tarball no local data for dns-packet@https://registry.npmjs.org/dns-packet/-/dns-packet-5.6.1.tgz. Extracting by manifest.
2504 silly tarball no local data for dlv@https://registry.npmjs.org/dlv/-/dlv-1.1.3.tgz. Extracting by manifest.
2505 silly tarball no local data for diff-sequences@https://registry.npmjs.org/diff-sequences/-/diff-sequences-27.5.1.tgz. Extracting by manifest.
2506 silly tarball no local data for detect-port-alt@https://registry.npmjs.org/detect-port-alt/-/detect-port-alt-1.1.6.tgz. Extracting by manifest.
2507 silly tarball no local data for detect-node@https://registry.npmjs.org/detect-node/-/detect-node-2.1.0.tgz. Extracting by manifest.
2508 silly tarball no local data for detect-newline@https://registry.npmjs.org/detect-newline/-/detect-newline-3.1.0.tgz. Extracting by manifest.
2509 silly tarball no local data for destroy@https://registry.npmjs.org/destroy/-/destroy-1.2.0.tgz. Extracting by manifest.
2510 silly tarball no local data for depd@https://registry.npmjs.org/depd/-/depd-2.0.0.tgz. Extracting by manifest.
2511 silly tarball no local data for detect-libc@https://registry.npmjs.org/detect-libc/-/detect-libc-1.0.3.tgz. Extracting by manifest.
2512 silly tarball no local data for define-properties@https://registry.npmjs.org/define-properties/-/define-properties-1.2.1.tgz. Extracting by manifest.
2513 silly tarball no local data for delayed-stream@https://registry.npmjs.org/delayed-stream/-/delayed-stream-1.0.0.tgz. Extracting by manifest.
2514 silly tarball no local data for default-gateway@https://registry.npmjs.org/default-gateway/-/default-gateway-6.0.3.tgz. Extracting by manifest.
2515 silly tarball no local data for define-lazy-prop@https://registry.npmjs.org/define-lazy-prop/-/define-lazy-prop-2.0.0.tgz. Extracting by manifest.
2516 silly tarball no local data for deep-is@https://registry.npmjs.org/deep-is/-/deep-is-0.1.4.tgz. Extracting by manifest.
2517 silly tarball no local data for deepmerge@https://registry.npmjs.org/deepmerge/-/deepmerge-4.3.1.tgz. Extracting by manifest.
2518 silly tarball no local data for define-data-property@https://registry.npmjs.org/define-data-property/-/define-data-property-1.1.4.tgz. Extracting by manifest.
2519 silly tarball no local data for dedent@https://registry.npmjs.org/dedent/-/dedent-0.7.0.tgz. Extracting by manifest.
2520 silly tarball no local data for decimal.js@https://registry.npmjs.org/decimal.js/-/decimal.js-10.5.0.tgz. Extracting by manifest.
2521 silly tarball no local data for decimal.js-light@https://registry.npmjs.org/decimal.js-light/-/decimal.js-light-2.5.1.tgz. Extracting by manifest.
2522 silly tarball no local data for dayjs@https://registry.npmjs.org/dayjs/-/dayjs-1.11.13.tgz. Extracting by manifest.
2523 silly tarball no local data for data-view-byte-offset@https://registry.npmjs.org/data-view-byte-offset/-/data-view-byte-offset-1.0.1.tgz. Extracting by manifest.
2524 silly tarball no local data for date-fns@https://registry.npmjs.org/date-fns/-/date-fns-2.30.0.tgz. Extracting by manifest.
2525 silly tarball no local data for debug@https://registry.npmjs.org/debug/-/debug-4.4.0.tgz. Extracting by manifest.
2526 silly tarball no local data for data-view-byte-length@https://registry.npmjs.org/data-view-byte-length/-/data-view-byte-length-1.0.2.tgz. Extracting by manifest.
2527 silly tarball no local data for data-view-buffer@https://registry.npmjs.org/data-view-buffer/-/data-view-buffer-1.0.2.tgz. Extracting by manifest.
2528 silly tarball no local data for data-urls@https://registry.npmjs.org/data-urls/-/data-urls-2.0.0.tgz. Extracting by manifest.
2529 silly tarball no local data for damerau-levenshtein@https://registry.npmjs.org/damerau-levenshtein/-/damerau-levenshtein-1.0.8.tgz. Extracting by manifest.
2530 silly tarball no local data for d3-timer@https://registry.npmjs.org/d3-timer/-/d3-timer-3.0.1.tgz. Extracting by manifest.
2531 silly tarball no local data for dashdash@https://registry.npmjs.org/dashdash/-/dashdash-1.14.1.tgz. Extracting by manifest.
2532 silly tarball no local data for d3-time-format@https://registry.npmjs.org/d3-time-format/-/d3-time-format-4.1.0.tgz. Extracting by manifest.
2533 silly tarball no local data for d3-time@https://registry.npmjs.org/d3-time/-/d3-time-3.1.0.tgz. Extracting by manifest.
2534 silly tarball no local data for d3-shape@https://registry.npmjs.org/d3-shape/-/d3-shape-3.2.0.tgz. Extracting by manifest.
2535 silly tarball no local data for d3-scale@https://registry.npmjs.org/d3-scale/-/d3-scale-4.0.2.tgz. Extracting by manifest.
2536 silly tarball no local data for d3-format@https://registry.npmjs.org/d3-format/-/d3-format-3.1.0.tgz. Extracting by manifest.
2537 silly tarball no local data for d3-path@https://registry.npmjs.org/d3-path/-/d3-path-3.1.0.tgz. Extracting by manifest.
2538 silly tarball no local data for d3-interpolate@https://registry.npmjs.org/d3-interpolate/-/d3-interpolate-3.0.1.tgz. Extracting by manifest.
2539 silly tarball no local data for d3-ease@https://registry.npmjs.org/d3-ease/-/d3-ease-3.0.1.tgz. Extracting by manifest.
2540 silly tarball no local data for d3-array@https://registry.npmjs.org/d3-array/-/d3-array-3.2.4.tgz. Extracting by manifest.
2541 silly tarball no local data for d3-color@https://registry.npmjs.org/d3-color/-/d3-color-3.1.0.tgz. Extracting by manifest.
2542 silly tarball no local data for csstype@https://registry.npmjs.org/csstype/-/csstype-3.2.3.tgz. Extracting by manifest.
2543 silly tarball no local data for cssstyle@https://registry.npmjs.org/cssstyle/-/cssstyle-2.3.0.tgz. Extracting by manifest.
2544 silly tarball no local data for cssom@https://registry.npmjs.org/cssom/-/cssom-0.4.4.tgz. Extracting by manifest.
2545 silly tarball no local data for cypress@https://registry.npmjs.org/cypress/-/cypress-14.4.1.tgz. Extracting by manifest.
2546 silly tarball no local data for csso@https://registry.npmjs.org/csso/-/csso-4.2.0.tgz. Extracting by manifest.
2547 silly tarball no local data for customize-cra@https://registry.npmjs.org/customize-cra/-/customize-cra-1.0.0.tgz. Extracting by manifest.
2548 silly tarball no local data for cssnano-utils@https://registry.npmjs.org/cssnano-utils/-/cssnano-utils-3.1.0.tgz. Extracting by manifest.
2549 silly tarball no local data for cssesc@https://registry.npmjs.org/cssesc/-/cssesc-3.0.0.tgz. Extracting by manifest.
2550 silly tarball no local data for cssnano-preset-default@https://registry.npmjs.org/cssnano-preset-default/-/cssnano-preset-default-5.2.14.tgz. Extracting by manifest.
2551 silly tarball no local data for cssdb@https://registry.npmjs.org/cssdb/-/cssdb-7.11.2.tgz. Extracting by manifest.
2552 silly tarball no local data for css-tree@https://registry.npmjs.org/css-tree/-/css-tree-1.0.0-alpha.37.tgz. Extracting by manifest.
2553 silly tarball no local data for css-what@https://registry.npmjs.org/css-what/-/css-what-6.1.0.tgz. Extracting by manifest.
2554 silly tarball no local data for css-select-base-adapter@https://registry.npmjs.org/css-select-base-adapter/-/css-select-base-adapter-0.1.1.tgz. Extracting by manifest.
2555 silly tarball no local data for css-select@https://registry.npmjs.org/css-select/-/css-select-4.3.0.tgz. Extracting by manifest.
2556 silly tarball no local data for cssnano@https://registry.npmjs.org/cssnano/-/cssnano-5.1.15.tgz. Extracting by manifest.
2557 silly tarball no local data for css-prefers-color-scheme@https://registry.npmjs.org/css-prefers-color-scheme/-/css-prefers-color-scheme-6.0.3.tgz. Extracting by manifest.
2558 silly tarball no local data for css-minimizer-webpack-plugin@https://registry.npmjs.org/css-minimizer-webpack-plugin/-/css-minimizer-webpack-plugin-3.4.1.tgz. Extracting by manifest.
2559 silly tarball no local data for css-mediaquery@https://registry.npmjs.org/css-mediaquery/-/css-mediaquery-0.1.2.tgz. Extracting by manifest.
2560 silly tarball no local data for css-has-pseudo@https://registry.npmjs.org/css-has-pseudo/-/css-has-pseudo-3.0.4.tgz. Extracting by manifest.
2561 silly tarball no local data for css-line-break@https://registry.npmjs.org/css-line-break/-/css-line-break-2.1.0.tgz. Extracting by manifest.
2562 silly tarball no local data for css-declaration-sorter@https://registry.npmjs.org/css-declaration-sorter/-/css-declaration-sorter-6.4.1.tgz. Extracting by manifest.
2563 silly tarball no local data for css-blank-pseudo@https://registry.npmjs.org/css-blank-pseudo/-/css-blank-pseudo-3.0.3.tgz. Extracting by manifest.
2564 silly tarball no local data for css-loader@https://registry.npmjs.org/css-loader/-/css-loader-6.11.0.tgz. Extracting by manifest.
2565 silly tarball no local data for cross-spawn@https://registry.npmjs.org/cross-spawn/-/cross-spawn-7.0.6.tgz. Extracting by manifest.
2566 silly tarball no local data for crypto-random-string@https://registry.npmjs.org/crypto-random-string/-/crypto-random-string-2.0.0.tgz. Extracting by manifest.
2567 silly tarball no local data for cosmiconfig@https://registry.npmjs.org/cosmiconfig/-/cosmiconfig-7.1.0.tgz. Extracting by manifest.
2568 silly tarball no local data for core-util-is@https://registry.npmjs.org/core-util-is/-/core-util-is-1.0.3.tgz. Extracting by manifest.
2569 silly tarball no local data for core-js-pure@https://registry.npmjs.org/core-js-pure/-/core-js-pure-3.41.0.tgz. Extracting by manifest.
2570 silly tarball no local data for core-js@https://registry.npmjs.org/core-js/-/core-js-3.41.0.tgz. Extracting by manifest.
2571 silly tarball no local data for cra-template@https://registry.npmjs.org/cra-template/-/cra-template-1.2.0.tgz. Extracting by manifest.
2572 silly tarball no local data for core-js-compat@https://registry.npmjs.org/core-js-compat/-/core-js-compat-3.41.0.tgz. Extracting by manifest.
2573 silly tarball no local data for cookie-signature@https://registry.npmjs.org/cookie-signature/-/cookie-signature-1.0.6.tgz. Extracting by manifest.
2574 silly tarball no local data for cookie@https://registry.npmjs.org/cookie/-/cookie-1.0.2.tgz. Extracting by manifest.
2575 silly tarball no local data for content-disposition@https://registry.npmjs.org/content-disposition/-/content-disposition-0.5.4.tgz. Extracting by manifest.
2576 silly tarball no local data for convert-source-map@https://registry.npmjs.org/convert-source-map/-/convert-source-map-2.0.0.tgz. Extracting by manifest.
2577 silly tarball no local data for connect-history-api-fallback@https://registry.npmjs.org/connect-history-api-fallback/-/connect-history-api-fallback-2.0.0.tgz. Extracting by manifest.
2578 silly tarball no local data for concat-map@https://registry.npmjs.org/concat-map/-/concat-map-0.0.1.tgz. Extracting by manifest.
2579 silly tarball no local data for confusing-browser-globals@https://registry.npmjs.org/confusing-browser-globals/-/confusing-browser-globals-1.0.11.tgz. Extracting by manifest.
2580 silly tarball no local data for compressible@https://registry.npmjs.org/compressible/-/compressible-2.0.18.tgz. Extracting by manifest.
2581 silly tarball no local data for content-type@https://registry.npmjs.org/content-type/-/content-type-1.0.5.tgz. Extracting by manifest.
2582 silly tarball no local data for compression@https://registry.npmjs.org/compression/-/compression-1.8.0.tgz. Extracting by manifest.
2583 silly tarball no local data for commondir@https://registry.npmjs.org/commondir/-/commondir-1.0.1.tgz. Extracting by manifest.
2584 silly tarball no local data for common-tags@https://registry.npmjs.org/common-tags/-/common-tags-1.8.2.tgz. Extracting by manifest.
2585 silly tarball no local data for commander@https://registry.npmjs.org/commander/-/commander-8.3.0.tgz. Extracting by manifest.
2586 silly tarball no local data for combined-stream@https://registry.npmjs.org/combined-stream/-/combined-stream-1.0.8.tgz. Extracting by manifest.
2587 silly tarball no local data for colorette@https://registry.npmjs.org/colorette/-/colorette-2.0.20.tgz. Extracting by manifest.
2588 silly tarball no local data for colors@https://registry.npmjs.org/colors/-/colors-1.4.0.tgz. Extracting by manifest.
2589 silly tarball no local data for colord@https://registry.npmjs.org/colord/-/colord-2.9.3.tgz. Extracting by manifest.
2590 silly tarball no local data for color-convert@https://registry.npmjs.org/color-convert/-/color-convert-2.0.1.tgz. Extracting by manifest.
2591 silly tarball no local data for color-name@https://registry.npmjs.org/color-name/-/color-name-1.1.4.tgz. Extracting by manifest.
2592 silly tarball no local data for co@https://registry.npmjs.org/co/-/co-4.6.0.tgz. Extracting by manifest.
2593 silly tarball no local data for coa@https://registry.npmjs.org/coa/-/coa-2.0.2.tgz. Extracting by manifest.
2594 silly tarball no local data for clsx@https://registry.npmjs.org/clsx/-/clsx-2.1.1.tgz. Extracting by manifest.
2595 silly tarball no local data for collect-v8-coverage@https://registry.npmjs.org/collect-v8-coverage/-/collect-v8-coverage-1.0.2.tgz. Extracting by manifest.
2596 silly tarball no local data for cli-table3@https://registry.npmjs.org/cli-table3/-/cli-table3-0.6.1.tgz. Extracting by manifest.
2597 silly tarball no local data for cli-truncate@https://registry.npmjs.org/cli-truncate/-/cli-truncate-2.1.0.tgz. Extracting by manifest.
2598 silly tarball no local data for cliui@https://registry.npmjs.org/cliui/-/cliui-7.0.4.tgz. Extracting by manifest.
2599 silly tarball no local data for clean-css@https://registry.npmjs.org/clean-css/-/clean-css-5.3.3.tgz. Extracting by manifest.
2600 silly tarball no local data for clean-stack@https://registry.npmjs.org/clean-stack/-/clean-stack-2.2.0.tgz. Extracting by manifest.
2601 silly tarball no local data for classname@https://registry.npmjs.org/classname/-/classname-0.0.0.tgz. Extracting by manifest.
2602 silly tarball no local data for cli-cursor@https://registry.npmjs.org/cli-cursor/-/cli-cursor-3.1.0.tgz. Extracting by manifest.
2603 silly tarball no local data for cjs-module-lexer@https://registry.npmjs.org/cjs-module-lexer/-/cjs-module-lexer-1.4.3.tgz. Extracting by manifest.
2604 silly tarball no local data for classnames@https://registry.npmjs.org/classnames/-/classnames-2.5.1.tgz. Extracting by manifest.
2605 silly tarball no local data for classlist-polyfill@https://registry.npmjs.org/classlist-polyfill/-/classlist-polyfill-1.2.0.tgz. Extracting by manifest.
2606 silly tarball no local data for ci-info@https://registry.npmjs.org/ci-info/-/ci-info-3.9.0.tgz. Extracting by manifest.
2607 silly tarball no local data for chokidar@https://registry.npmjs.org/chokidar/-/chokidar-3.6.0.tgz. Extracting by manifest.
2608 silly tarball no local data for check-types@https://registry.npmjs.org/check-types/-/check-types-11.2.3.tgz. Extracting by manifest.
2609 silly tarball no local data for chrome-trace-event@https://registry.npmjs.org/chrome-trace-event/-/chrome-trace-event-1.0.4.tgz. Extracting by manifest.
2610 silly tarball no local data for check-more-types@https://registry.npmjs.org/check-more-types/-/check-more-types-2.24.0.tgz. Extracting by manifest.
2611 silly tarball no local data for char-regex@https://registry.npmjs.org/char-regex/-/char-regex-1.0.2.tgz. Extracting by manifest.
2612 silly tarball no local data for chalk@https://registry.npmjs.org/chalk/-/chalk-4.1.2.tgz. Extracting by manifest.
2613 silly tarball no local data for caseless@https://registry.npmjs.org/caseless/-/caseless-0.12.0.tgz. Extracting by manifest.
2614 silly tarball no local data for canvg@https://registry.npmjs.org/canvg/-/canvg-3.0.11.tgz. Extracting by manifest.
2615 silly tarball no local data for caniuse-api@https://registry.npmjs.org/caniuse-api/-/caniuse-api-3.0.0.tgz. Extracting by manifest.
2616 silly tarball no local data for case-sensitive-paths-webpack-plugin@https://registry.npmjs.org/case-sensitive-paths-webpack-plugin/-/case-sensitive-paths-webpack-plugin-2.4.0.tgz. Extracting by manifest.
2617 silly tarball no local data for caniuse-lite@https://registry.npmjs.org/caniuse-lite/-/caniuse-lite-1.0.30001702.tgz. Extracting by manifest.
2618 silly tarball no local data for camelcase-css@https://registry.npmjs.org/camelcase-css/-/camelcase-css-2.0.1.tgz. Extracting by manifest.
2619 silly tarball no local data for camelcase@https://registry.npmjs.org/camelcase/-/camelcase-6.3.0.tgz. Extracting by manifest.
2620 silly tarball no local data for call-bound@https://registry.npmjs.org/call-bound/-/call-bound-1.0.4.tgz. Extracting by manifest.
2621 silly tarball no local data for callsites@https://registry.npmjs.org/callsites/-/callsites-3.1.0.tgz. Extracting by manifest.
2622 silly tarball no local data for call-bind-apply-helpers@https://registry.npmjs.org/call-bind-apply-helpers/-/call-bind-apply-helpers-1.0.2.tgz. Extracting by manifest.
2623 silly tarball no local data for camel-case@https://registry.npmjs.org/camel-case/-/camel-case-4.1.2.tgz. Extracting by manifest.
2624 silly tarball no local data for cachedir@https://registry.npmjs.org/cachedir/-/cachedir-2.4.0.tgz. Extracting by manifest.
2625 silly tarball no local data for call-bind@https://registry.npmjs.org/call-bind/-/call-bind-1.0.8.tgz. Extracting by manifest.
2626 silly tarball no local data for bytes@https://registry.npmjs.org/bytes/-/bytes-3.1.2.tgz. Extracting by manifest.
2627 silly tarball no local data for buffer-from@https://registry.npmjs.org/buffer-from/-/buffer-from-1.1.2.tgz. Extracting by manifest.
2628 silly tarball no local data for buffer@https://registry.npmjs.org/buffer/-/buffer-5.7.1.tgz. Extracting by manifest.
2629 silly tarball no local data for buffer-crc32@https://registry.npmjs.org/buffer-crc32/-/buffer-crc32-0.2.13.tgz. Extracting by manifest.
2630 silly tarball no local data for builtin-modules@https://registry.npmjs.org/builtin-modules/-/builtin-modules-3.3.0.tgz. Extracting by manifest.
2631 silly tarball no local data for bser@https://registry.npmjs.org/bser/-/bser-2.1.1.tgz. Extracting by manifest.
2632 silly tarball no local data for braces@https://registry.npmjs.org/braces/-/braces-3.0.3.tgz. Extracting by manifest.
2633 silly tarball no local data for boolbase@https://registry.npmjs.org/boolbase/-/boolbase-1.0.0.tgz. Extracting by manifest.
2634 silly tarball no local data for brace-expansion@https://registry.npmjs.org/brace-expansion/-/brace-expansion-2.0.1.tgz. Extracting by manifest.
2635 silly tarball no local data for bonjour-service@https://registry.npmjs.org/bonjour-service/-/bonjour-service-1.3.0.tgz. Extracting by manifest.
2636 silly tarball no local data for body-parser@https://registry.npmjs.org/body-parser/-/body-parser-1.20.3.tgz. Extracting by manifest.
2637 silly tarball no local data for browser-process-hrtime@https://registry.npmjs.org/browser-process-hrtime/-/browser-process-hrtime-1.0.0.tgz. Extracting by manifest.
2638 silly tarball no local data for blob-util@https://registry.npmjs.org/blob-util/-/blob-util-2.0.2.tgz. Extracting by manifest.
2639 silly tarball no local data for browserslist@https://registry.npmjs.org/browserslist/-/browserslist-4.24.4.tgz. Extracting by manifest.
2640 silly tarball no local data for bluebird@https://registry.npmjs.org/bluebird/-/bluebird-3.7.2.tgz. Extracting by manifest.
2641 silly tarball no local data for bfj@https://registry.npmjs.org/bfj/-/bfj-7.1.0.tgz. Extracting by manifest.
2642 silly tarball no local data for binary-extensions@https://registry.npmjs.org/binary-extensions/-/binary-extensions-2.3.0.tgz. Extracting by manifest.
2643 silly tarball no local data for bcrypt-pbkdf@https://registry.npmjs.org/bcrypt-pbkdf/-/bcrypt-pbkdf-1.0.2.tgz. Extracting by manifest.
2644 silly tarball no local data for big.js@https://registry.npmjs.org/big.js/-/big.js-5.2.2.tgz. Extracting by manifest.
2645 silly tarball no local data for base64-js@https://registry.npmjs.org/base64-js/-/base64-js-1.5.1.tgz. Extracting by manifest.
2646 silly tarball no local data for base64-arraybuffer@https://registry.npmjs.org/base64-arraybuffer/-/base64-arraybuffer-1.0.2.tgz. Extracting by manifest.
2647 silly tarball no local data for batch@https://registry.npmjs.org/batch/-/batch-0.6.1.tgz. Extracting by manifest.
2648 silly tarball no local data for balanced-match@https://registry.npmjs.org/balanced-match/-/balanced-match-1.0.2.tgz. Extracting by manifest.
2649 silly tarball no local data for babel-preset-jest@https://registry.npmjs.org/babel-preset-jest/-/babel-preset-jest-27.5.1.tgz. Extracting by manifest.
2650 silly tarball no local data for babel-plugin-polyfill-corejs3@https://registry.npmjs.org/babel-plugin-polyfill-corejs3/-/babel-plugin-polyfill-corejs3-0.11.1.tgz. Extracting by manifest.
2651 silly tarball no local data for babel-plugin-transform-react-remove-prop-types@https://registry.npmjs.org/babel-plugin-transform-react-remove-prop-types/-/babel-plugin-transform-react-remove-prop-types-0.4.24.tgz. Extracting by manifest.
2652 silly tarball no local data for babel-preset-current-node-syntax@https://registry.npmjs.org/babel-preset-current-node-syntax/-/babel-preset-current-node-syntax-1.1.0.tgz. Extracting by manifest.
2653 silly tarball no local data for babel-plugin-polyfill-regenerator@https://registry.npmjs.org/babel-plugin-polyfill-regenerator/-/babel-plugin-polyfill-regenerator-0.6.3.tgz. Extracting by manifest.
2654 silly tarball no local data for babel-plugin-polyfill-corejs2@https://registry.npmjs.org/babel-plugin-polyfill-corejs2/-/babel-plugin-polyfill-corejs2-0.4.12.tgz. Extracting by manifest.
2655 silly tarball no local data for babel-plugin-module-resolver@https://registry.npmjs.org/babel-plugin-module-resolver/-/babel-plugin-module-resolver-5.0.2.tgz. Extracting by manifest.
2656 silly tarball no local data for babel-preset-react-app@https://registry.npmjs.org/babel-preset-react-app/-/babel-preset-react-app-10.1.0.tgz. Extracting by manifest.
2657 silly tarball no local data for babel-plugin-named-asset-import@https://registry.npmjs.org/babel-plugin-named-asset-import/-/babel-plugin-named-asset-import-0.3.8.tgz. Extracting by manifest.
2658 silly tarball no local data for babel-plugin-macros@https://registry.npmjs.org/babel-plugin-macros/-/babel-plugin-macros-3.1.0.tgz. Extracting by manifest.
2659 silly tarball no local data for babel-plugin-jest-hoist@https://registry.npmjs.org/babel-plugin-jest-hoist/-/babel-plugin-jest-hoist-27.5.1.tgz. Extracting by manifest.
2660 silly tarball no local data for babel-plugin-istanbul@https://registry.npmjs.org/babel-plugin-istanbul/-/babel-plugin-istanbul-6.1.1.tgz. Extracting by manifest.
2661 silly tarball no local data for axobject-query@https://registry.npmjs.org/axobject-query/-/axobject-query-4.1.0.tgz. Extracting by manifest.
2662 silly tarball no local data for babel-jest@https://registry.npmjs.org/babel-jest/-/babel-jest-27.5.1.tgz. Extracting by manifest.
2663 silly tarball no local data for babel-loader@https://registry.npmjs.org/babel-loader/-/babel-loader-8.4.1.tgz. Extracting by manifest.
2664 silly tarball no local data for axios@https://registry.npmjs.org/axios/-/axios-1.8.4.tgz. Extracting by manifest.
2665 silly tarball no local data for axe-core@https://registry.npmjs.org/axe-core/-/axe-core-4.10.3.tgz. Extracting by manifest.
2666 silly tarball no local data for aws4@https://registry.npmjs.org/aws4/-/aws4-1.13.2.tgz. Extracting by manifest.
2667 silly tarball no local data for aws-sign2@https://registry.npmjs.org/aws-sign2/-/aws-sign2-0.7.0.tgz. Extracting by manifest.
2668 silly tarball no local data for autoprefixer@https://registry.npmjs.org/autoprefixer/-/autoprefixer-10.4.20.tgz. Extracting by manifest.
2669 silly tarball no local data for at-least-node@https://registry.npmjs.org/at-least-node/-/at-least-node-1.0.0.tgz. Extracting by manifest.
2670 silly tarball no local data for available-typed-arrays@https://registry.npmjs.org/available-typed-arrays/-/available-typed-arrays-1.0.7.tgz. Extracting by manifest.
2671 silly tarball no local data for asynckit@https://registry.npmjs.org/asynckit/-/asynckit-0.4.0.tgz. Extracting by manifest.
2672 silly tarball no local data for astral-regex@https://registry.npmjs.org/astral-regex/-/astral-regex-2.0.0.tgz. Extracting by manifest.
2673 silly tarball no local data for assert-plus@https://registry.npmjs.org/assert-plus/-/assert-plus-1.0.0.tgz. Extracting by manifest.
2674 silly tarball no local data for ast-types-flow@https://registry.npmjs.org/ast-types-flow/-/ast-types-flow-0.0.8.tgz. Extracting by manifest.
2675 silly tarball no local data for async@https://registry.npmjs.org/async/-/async-3.2.6.tgz. Extracting by manifest.
2676 silly tarball no local data for asn1@https://registry.npmjs.org/asn1/-/asn1-0.2.6.tgz. Extracting by manifest.
2677 silly tarball no local data for arraybuffer.prototype.slice@https://registry.npmjs.org/arraybuffer.prototype.slice/-/arraybuffer.prototype.slice-1.0.4.tgz. Extracting by manifest.
2678 silly tarball no local data for asap@https://registry.npmjs.org/asap/-/asap-2.0.6.tgz. Extracting by manifest.
2679 silly tarball no local data for async-function@https://registry.npmjs.org/async-function/-/async-function-1.0.0.tgz. Extracting by manifest.
2680 silly tarball no local data for array.prototype.tosorted@https://registry.npmjs.org/array.prototype.tosorted/-/array.prototype.tosorted-1.1.4.tgz. Extracting by manifest.
2681 silly tarball no local data for array.prototype.flatmap@https://registry.npmjs.org/array.prototype.flatmap/-/array.prototype.flatmap-1.3.3.tgz. Extracting by manifest.
2682 silly tarball no local data for array.prototype.flat@https://registry.npmjs.org/array.prototype.flat/-/array.prototype.flat-1.3.3.tgz. Extracting by manifest.
2683 silly tarball no local data for array-includes@https://registry.npmjs.org/array-includes/-/array-includes-3.1.8.tgz. Extracting by manifest.
2684 silly tarball no local data for array.prototype.findlastindex@https://registry.npmjs.org/array.prototype.findlastindex/-/array.prototype.findlastindex-1.2.5.tgz. Extracting by manifest.
2685 silly tarball no local data for array.prototype.reduce@https://registry.npmjs.org/array.prototype.reduce/-/array.prototype.reduce-1.0.7.tgz. Extracting by manifest.
2686 silly tarball no local data for aria-query@https://registry.npmjs.org/aria-query/-/aria-query-5.3.2.tgz. Extracting by manifest.
2687 silly tarball no local data for array.prototype.findlast@https://registry.npmjs.org/array.prototype.findlast/-/array.prototype.findlast-1.2.5.tgz. Extracting by manifest.
2688 silly tarball no local data for array-flatten@https://registry.npmjs.org/array-flatten/-/array-flatten-1.1.1.tgz. Extracting by manifest.
2689 silly tarball no local data for array-union@https://registry.npmjs.org/array-union/-/array-union-2.1.0.tgz. Extracting by manifest.
2690 silly tarball no local data for array-buffer-byte-length@https://registry.npmjs.org/array-buffer-byte-length/-/array-buffer-byte-length-1.0.2.tgz. Extracting by manifest.
2691 silly tarball no local data for arg@https://registry.npmjs.org/arg/-/arg-5.0.2.tgz. Extracting by manifest.
2692 silly tarball no local data for anymatch@https://registry.npmjs.org/anymatch/-/anymatch-3.1.3.tgz. Extracting by manifest.
2693 silly tarball no local data for arch@https://registry.npmjs.org/arch/-/arch-2.2.0.tgz. Extracting by manifest.
2694 silly tarball no local data for argparse@https://registry.npmjs.org/argparse/-/argparse-1.0.10.tgz. Extracting by manifest.
2695 silly tarball no local data for ansi-html-community@https://registry.npmjs.org/ansi-html-community/-/ansi-html-community-0.0.8.tgz. Extracting by manifest.
2696 silly tarball no local data for any-promise@https://registry.npmjs.org/any-promise/-/any-promise-1.3.0.tgz. Extracting by manifest.
2697 silly tarball no local data for aos@https://registry.npmjs.org/aos/-/aos-2.3.4.tgz. Extracting by manifest.
2698 silly tarball no local data for ansi-escapes@https://registry.npmjs.org/ansi-escapes/-/ansi-escapes-4.3.2.tgz. Extracting by manifest.
2699 silly tarball no local data for ajv-keywords@https://registry.npmjs.org/ajv-keywords/-/ajv-keywords-3.5.2.tgz. Extracting by manifest.
2700 silly tarball no local data for ansi-regex@https://registry.npmjs.org/ansi-regex/-/ansi-regex-5.0.1.tgz. Extracting by manifest.
2701 silly tarball no local data for ajv@https://registry.npmjs.org/ajv/-/ajv-6.12.6.tgz. Extracting by manifest.
2702 silly tarball no local data for ansi-styles@https://registry.npmjs.org/ansi-styles/-/ansi-styles-4.3.0.tgz. Extracting by manifest.
2703 silly tarball no local data for ansi-html@https://registry.npmjs.org/ansi-html/-/ansi-html-0.0.9.tgz. Extracting by manifest.
2704 silly tarball no local data for ansi-colors@https://registry.npmjs.org/ansi-colors/-/ansi-colors-4.1.3.tgz. Extracting by manifest.
2705 silly tarball no local data for agent-base@https://registry.npmjs.org/agent-base/-/agent-base-6.0.2.tgz. Extracting by manifest.
2706 silly tarball no local data for address@https://registry.npmjs.org/address/-/address-1.2.2.tgz. Extracting by manifest.
2707 silly tarball no local data for adjust-sourcemap-loader@https://registry.npmjs.org/adjust-sourcemap-loader/-/adjust-sourcemap-loader-4.0.0.tgz. Extracting by manifest.
2708 silly tarball no local data for ajv-formats@https://registry.npmjs.org/ajv-formats/-/ajv-formats-2.1.1.tgz. Extracting by manifest.
2709 silly tarball no local data for acorn-walk@https://registry.npmjs.org/acorn-walk/-/acorn-walk-7.2.0.tgz. Extracting by manifest.
2710 silly tarball no local data for aggregate-error@https://registry.npmjs.org/aggregate-error/-/aggregate-error-3.1.0.tgz. Extracting by manifest.
2711 silly tarball no local data for add@https://registry.npmjs.org/add/-/add-2.0.6.tgz. Extracting by manifest.
2712 silly tarball no local data for acorn-jsx@https://registry.npmjs.org/acorn-jsx/-/acorn-jsx-5.3.2.tgz. Extracting by manifest.
2713 silly tarball no local data for @xtuc/long@https://registry.npmjs.org/@xtuc/long/-/long-4.2.2.tgz. Extracting by manifest.
2714 silly tarball no local data for accepts@https://registry.npmjs.org/accepts/-/accepts-1.3.8.tgz. Extracting by manifest.
2715 silly tarball no local data for @xtuc/ieee754@https://registry.npmjs.org/@xtuc/ieee754/-/ieee754-1.2.0.tgz. Extracting by manifest.
2716 silly tarball no local data for acorn-globals@https://registry.npmjs.org/acorn-globals/-/acorn-globals-6.0.0.tgz. Extracting by manifest.
2717 silly tarball no local data for acorn@https://registry.npmjs.org/acorn/-/acorn-8.14.1.tgz. Extracting by manifest.
2718 silly tarball no local data for @webassemblyjs/wasm-opt@https://registry.npmjs.org/@webassemblyjs/wasm-opt/-/wasm-opt-1.14.1.tgz. Extracting by manifest.
2719 silly tarball no local data for abab@https://registry.npmjs.org/abab/-/abab-2.0.6.tgz. Extracting by manifest.
2720 silly tarball no local data for @webassemblyjs/leb128@https://registry.npmjs.org/@webassemblyjs/leb128/-/leb128-1.13.2.tgz. Extracting by manifest.
2721 silly tarball no local data for @webassemblyjs/wasm-gen@https://registry.npmjs.org/@webassemblyjs/wasm-gen/-/wasm-gen-1.14.1.tgz. Extracting by manifest.
2722 silly tarball no local data for @webassemblyjs/wasm-parser@https://registry.npmjs.org/@webassemblyjs/wasm-parser/-/wasm-parser-1.14.1.tgz. Extracting by manifest.
2723 silly tarball no local data for @webassemblyjs/wast-printer@https://registry.npmjs.org/@webassemblyjs/wast-printer/-/wast-printer-1.14.1.tgz. Extracting by manifest.
2724 silly tarball no local data for @webassemblyjs/utf8@https://registry.npmjs.org/@webassemblyjs/utf8/-/utf8-1.13.2.tgz. Extracting by manifest.
2725 silly tarball no local data for @webassemblyjs/ieee754@https://registry.npmjs.org/@webassemblyjs/ieee754/-/ieee754-1.13.2.tgz. Extracting by manifest.
2726 silly tarball no local data for @webassemblyjs/helper-wasm-section@https://registry.npmjs.org/@webassemblyjs/helper-wasm-section/-/helper-wasm-section-1.14.1.tgz. Extracting by manifest.
2727 silly tarball no local data for @webassemblyjs/helper-wasm-bytecode@https://registry.npmjs.org/@webassemblyjs/helper-wasm-bytecode/-/helper-wasm-bytecode-1.13.2.tgz. Extracting by manifest.
2728 silly tarball no local data for @webassemblyjs/helper-numbers@https://registry.npmjs.org/@webassemblyjs/helper-numbers/-/helper-numbers-1.13.2.tgz. Extracting by manifest.
2729 silly tarball no local data for @webassemblyjs/helper-buffer@https://registry.npmjs.org/@webassemblyjs/helper-buffer/-/helper-buffer-1.14.1.tgz. Extracting by manifest.
2730 silly tarball no local data for @webassemblyjs/wasm-edit@https://registry.npmjs.org/@webassemblyjs/wasm-edit/-/wasm-edit-1.14.1.tgz. Extracting by manifest.
2731 silly tarball no local data for @webassemblyjs/helper-api-error@https://registry.npmjs.org/@webassemblyjs/helper-api-error/-/helper-api-error-1.13.2.tgz. Extracting by manifest.
2732 silly tarball no local data for @ungap/structured-clone@https://registry.npmjs.org/@ungap/structured-clone/-/structured-clone-1.3.0.tgz. Extracting by manifest.
2733 silly tarball no local data for @webassemblyjs/floating-point-hex-parser@https://registry.npmjs.org/@webassemblyjs/floating-point-hex-parser/-/floating-point-hex-parser-1.13.2.tgz. Extracting by manifest.
2734 silly tarball no local data for @typescript-eslint/utils@https://registry.npmjs.org/@typescript-eslint/utils/-/utils-5.62.0.tgz. Extracting by manifest.
2735 silly tarball no local data for @typescript-eslint/visitor-keys@https://registry.npmjs.org/@typescript-eslint/visitor-keys/-/visitor-keys-5.62.0.tgz. Extracting by manifest.
2736 silly tarball no local data for @typescript-eslint/typescript-estree@https://registry.npmjs.org/@typescript-eslint/typescript-estree/-/typescript-estree-5.62.0.tgz. Extracting by manifest.
2737 silly tarball no local data for @webassemblyjs/ast@https://registry.npmjs.org/@webassemblyjs/ast/-/ast-1.14.1.tgz. Extracting by manifest.
2738 silly tarball no local data for @typescript-eslint/types@https://registry.npmjs.org/@typescript-eslint/types/-/types-5.62.0.tgz. Extracting by manifest.
2739 silly tarball no local data for @typescript-eslint/type-utils@https://registry.npmjs.org/@typescript-eslint/type-utils/-/type-utils-5.62.0.tgz. Extracting by manifest.
2740 silly tarball no local data for @types/yauzl@https://registry.npmjs.org/@types/yauzl/-/yauzl-2.10.3.tgz. Extracting by manifest.
2741 silly tarball no local data for @typescript-eslint/experimental-utils@https://registry.npmjs.org/@typescript-eslint/experimental-utils/-/experimental-utils-5.62.0.tgz. Extracting by manifest.
2742 silly tarball no local data for @typescript-eslint/parser@https://registry.npmjs.org/@typescript-eslint/parser/-/parser-5.62.0.tgz. Extracting by manifest.
2743 silly tarball no local data for @types/yargs@https://registry.npmjs.org/@types/yargs/-/yargs-16.0.9.tgz. Extracting by manifest.
2744 silly tarball no local data for @typescript-eslint/scope-manager@https://registry.npmjs.org/@typescript-eslint/scope-manager/-/scope-manager-5.62.0.tgz. Extracting by manifest.
2745 silly tarball no local data for @typescript-eslint/eslint-plugin@https://registry.npmjs.org/@typescript-eslint/eslint-plugin/-/eslint-plugin-5.62.0.tgz. Extracting by manifest.
2746 silly tarball no local data for @types/yargs-parser@https://registry.npmjs.org/@types/yargs-parser/-/yargs-parser-21.0.3.tgz. Extracting by manifest.
2747 silly tarball no local data for @types/ws@https://registry.npmjs.org/@types/ws/-/ws-8.18.0.tgz. Extracting by manifest.
2748 silly tarball no local data for @types/sockjs@https://registry.npmjs.org/@types/sockjs/-/sockjs-0.3.36.tgz. Extracting by manifest.
2749 silly tarball no local data for @types/stack-utils@https://registry.npmjs.org/@types/stack-utils/-/stack-utils-2.0.3.tgz. Extracting by manifest.
2750 silly tarball no local data for @types/sizzle@https://registry.npmjs.org/@types/sizzle/-/sizzle-2.3.9.tgz. Extracting by manifest.
2751 silly tarball no local data for @types/trusted-types@https://registry.npmjs.org/@types/trusted-types/-/trusted-types-2.0.7.tgz. Extracting by manifest.
2752 silly tarball no local data for @types/sinonjs__fake-timers@https://registry.npmjs.org/@types/sinonjs__fake-timers/-/sinonjs__fake-timers-8.1.1.tgz. Extracting by manifest.
2753 silly tarball no local data for @types/serve-index@https://registry.npmjs.org/@types/serve-index/-/serve-index-1.9.4.tgz. Extracting by manifest.
2754 silly tarball no local data for @types/serve-static@https://registry.npmjs.org/@types/serve-static/-/serve-static-1.15.7.tgz. Extracting by manifest.
2755 silly tarball no local data for @types/semver@https://registry.npmjs.org/@types/semver/-/semver-7.5.8.tgz. Extracting by manifest.
2756 silly tarball no local data for @types/retry@https://registry.npmjs.org/@types/retry/-/retry-0.12.0.tgz. Extracting by manifest.
2757 silly tarball no local data for @types/resolve@https://registry.npmjs.org/@types/resolve/-/resolve-1.17.1.tgz. Extracting by manifest.
2758 silly tarball no local data for @types/react-transition-group@https://registry.npmjs.org/@types/react-transition-group/-/react-transition-group-4.4.12.tgz. Extracting by manifest.
2759 silly tarball no local data for @types/send@https://registry.npmjs.org/@types/send/-/send-0.17.4.tgz. Extracting by manifest.
2760 silly tarball no local data for @types/range-parser@https://registry.npmjs.org/@types/range-parser/-/range-parser-1.2.7.tgz. Extracting by manifest.
2761 silly tarball no local data for @types/raf@https://registry.npmjs.org/@types/raf/-/raf-3.4.3.tgz. Extracting by manifest.
2762 silly tarball no local data for @types/prop-types@https://registry.npmjs.org/@types/prop-types/-/prop-types-15.7.14.tgz. Extracting by manifest.
2763 silly tarball no local data for @types/react@https://registry.npmjs.org/@types/react/-/react-19.2.14.tgz. Extracting by manifest.
2764 silly tarball no local data for @types/q@https://registry.npmjs.org/@types/q/-/q-1.5.8.tgz. Extracting by manifest.
2765 silly tarball no local data for @types/qs@https://registry.npmjs.org/@types/qs/-/qs-6.9.18.tgz. Extracting by manifest.
2766 silly tarball no local data for @types/prettier@https://registry.npmjs.org/@types/prettier/-/prettier-2.7.3.tgz. Extracting by manifest.
2767 silly tarball no local data for @types/pako@https://registry.npmjs.org/@types/pako/-/pako-2.0.4.tgz. Extracting by manifest.
2768 silly tarball no local data for @types/node-forge@https://registry.npmjs.org/@types/node-forge/-/node-forge-1.3.11.tgz. Extracting by manifest.
2769 silly tarball no local data for @types/mime@https://registry.npmjs.org/@types/mime/-/mime-1.3.5.tgz. Extracting by manifest.
2770 silly tarball no local data for @types/parse-json@https://registry.npmjs.org/@types/parse-json/-/parse-json-4.0.2.tgz. Extracting by manifest.
2771 silly tarball no local data for @types/json5@https://registry.npmjs.org/@types/json5/-/json5-0.0.29.tgz. Extracting by manifest.
2772 silly tarball no local data for @types/json-schema@https://registry.npmjs.org/@types/json-schema/-/json-schema-7.0.15.tgz. Extracting by manifest.
2773 silly tarball no local data for @types/node@https://registry.npmjs.org/@types/node/-/node-22.13.9.tgz. Extracting by manifest.
2774 silly tarball no local data for @types/istanbul-reports@https://registry.npmjs.org/@types/istanbul-reports/-/istanbul-reports-3.0.4.tgz. Extracting by manifest.
2775 silly tarball no local data for @types/istanbul-lib-report@https://registry.npmjs.org/@types/istanbul-lib-report/-/istanbul-lib-report-3.0.3.tgz. Extracting by manifest.
2776 silly tarball no local data for @types/istanbul-lib-coverage@https://registry.npmjs.org/@types/istanbul-lib-coverage/-/istanbul-lib-coverage-2.0.6.tgz. Extracting by manifest.
2777 silly tarball no local data for @types/http-errors@https://registry.npmjs.org/@types/http-errors/-/http-errors-2.0.4.tgz. Extracting by manifest.
2778 silly tarball no local data for @types/graceful-fs@https://registry.npmjs.org/@types/graceful-fs/-/graceful-fs-4.1.9.tgz. Extracting by manifest.
2779 silly tarball no local data for @types/http-proxy@https://registry.npmjs.org/@types/http-proxy/-/http-proxy-1.17.16.tgz. Extracting by manifest.
2780 silly tarball no local data for @types/html-minifier-terser@https://registry.npmjs.org/@types/html-minifier-terser/-/html-minifier-terser-6.1.0.tgz. Extracting by manifest.
2781 silly tarball no local data for @types/express-serve-static-core@https://registry.npmjs.org/@types/express-serve-static-core/-/express-serve-static-core-5.0.6.tgz. Extracting by manifest.
2782 silly tarball no local data for @types/express@https://registry.npmjs.org/@types/express/-/express-4.17.21.tgz. Extracting by manifest.
2783 silly tarball no local data for @types/eslint@https://registry.npmjs.org/@types/eslint/-/eslint-8.56.12.tgz. Extracting by manifest.
2784 silly tarball no local data for @types/estree@https://registry.npmjs.org/@types/estree/-/estree-1.0.6.tgz. Extracting by manifest.
2785 silly tarball no local data for @types/d3-shape@https://registry.npmjs.org/@types/d3-shape/-/d3-shape-3.1.7.tgz. Extracting by manifest.
2786 silly tarball no local data for @types/d3-scale@https://registry.npmjs.org/@types/d3-scale/-/d3-scale-4.0.9.tgz. Extracting by manifest.
2787 silly tarball no local data for @types/eslint-scope@https://registry.npmjs.org/@types/eslint-scope/-/eslint-scope-3.7.7.tgz. Extracting by manifest.
2788 silly tarball no local data for @types/d3-timer@https://registry.npmjs.org/@types/d3-timer/-/d3-timer-3.0.2.tgz. Extracting by manifest.
2789 silly tarball no local data for @types/d3-time@https://registry.npmjs.org/@types/d3-time/-/d3-time-3.0.4.tgz. Extracting by manifest.
2790 silly tarball no local data for @types/d3-path@https://registry.npmjs.org/@types/d3-path/-/d3-path-3.1.1.tgz. Extracting by manifest.
2791 silly tarball no local data for @types/d3-array@https://registry.npmjs.org/@types/d3-array/-/d3-array-3.2.1.tgz. Extracting by manifest.
2792 silly tarball no local data for @types/cookie@https://registry.npmjs.org/@types/cookie/-/cookie-0.6.0.tgz. Extracting by manifest.
2793 silly tarball no local data for @types/connect-history-api-fallback@https://registry.npmjs.org/@types/connect-history-api-fallback/-/connect-history-api-fallback-1.5.4.tgz. Extracting by manifest.
2794 silly tarball no local data for @types/d3-ease@https://registry.npmjs.org/@types/d3-ease/-/d3-ease-3.0.2.tgz. Extracting by manifest.
2795 silly tarball no local data for @types/d3-interpolate@https://registry.npmjs.org/@types/d3-interpolate/-/d3-interpolate-3.0.4.tgz. Extracting by manifest.
2796 silly tarball no local data for @types/babel__template@https://registry.npmjs.org/@types/babel__template/-/babel__template-7.4.4.tgz. Extracting by manifest.
2797 silly tarball no local data for @types/d3-color@https://registry.npmjs.org/@types/d3-color/-/d3-color-3.1.3.tgz. Extracting by manifest.
2798 silly tarball no local data for @types/body-parser@https://registry.npmjs.org/@types/body-parser/-/body-parser-1.19.5.tgz. Extracting by manifest.
2799 silly tarball no local data for @trysound/sax@https://registry.npmjs.org/@trysound/sax/-/sax-0.2.0.tgz. Extracting by manifest.
2800 silly tarball no local data for @types/babel__traverse@https://registry.npmjs.org/@types/babel__traverse/-/babel__traverse-7.20.6.tgz. Extracting by manifest.
2801 silly tarball no local data for @types/bonjour@https://registry.npmjs.org/@types/bonjour/-/bonjour-3.5.13.tgz. Extracting by manifest.
2802 silly tarball no local data for @types/connect@https://registry.npmjs.org/@types/connect/-/connect-3.4.38.tgz. Extracting by manifest.
2803 silly tarball no local data for @tippyjs/react@https://registry.npmjs.org/@tippyjs/react/-/react-4.2.6.tgz. Extracting by manifest.
2804 silly tarball no local data for @tootallnate/once@https://registry.npmjs.org/@tootallnate/once/-/once-1.1.2.tgz. Extracting by manifest.
2805 silly tarball no local data for @types/babel__core@https://registry.npmjs.org/@types/babel__core/-/babel__core-7.20.5.tgz. Extracting by manifest.
2806 silly tarball no local data for @svgr/plugin-jsx@https://registry.npmjs.org/@svgr/plugin-jsx/-/plugin-jsx-5.5.0.tgz. Extracting by manifest.
2807 silly tarball no local data for @svgr/webpack@https://registry.npmjs.org/@svgr/webpack/-/webpack-5.5.0.tgz. Extracting by manifest.
2808 silly tarball no local data for @types/babel__generator@https://registry.npmjs.org/@types/babel__generator/-/babel__generator-7.6.8.tgz. Extracting by manifest.
2809 silly tarball no local data for @svgr/plugin-svgo@https://registry.npmjs.org/@svgr/plugin-svgo/-/plugin-svgo-5.5.0.tgz. Extracting by manifest.
2810 silly tarball no local data for @svgr/hast-util-to-babel-ast@https://registry.npmjs.org/@svgr/hast-util-to-babel-ast/-/hast-util-to-babel-ast-5.5.0.tgz. Extracting by manifest.
2811 silly tarball no local data for @svgr/babel-preset@https://registry.npmjs.org/@svgr/babel-preset/-/babel-preset-5.5.0.tgz. Extracting by manifest.
2812 silly tarball no local data for @svgr/babel-plugin-transform-react-native-svg@https://registry.npmjs.org/@svgr/babel-plugin-transform-react-native-svg/-/babel-plugin-transform-react-native-svg-5.4.0.tgz. Extracting by manifest.
2813 silly tarball no local data for @svgr/core@https://registry.npmjs.org/@svgr/core/-/core-5.5.0.tgz. Extracting by manifest.
2814 silly tarball no local data for @svgr/babel-plugin-svg-em-dimensions@https://registry.npmjs.org/@svgr/babel-plugin-svg-em-dimensions/-/babel-plugin-svg-em-dimensions-5.4.0.tgz. Extracting by manifest.
2815 silly tarball no local data for @svgr/babel-plugin-transform-svg-component@https://registry.npmjs.org/@svgr/babel-plugin-transform-svg-component/-/babel-plugin-transform-svg-component-5.5.0.tgz. Extracting by manifest.
2816 silly tarball no local data for @svgr/babel-plugin-svg-dynamic-title@https://registry.npmjs.org/@svgr/babel-plugin-svg-dynamic-title/-/babel-plugin-svg-dynamic-title-5.4.0.tgz. Extracting by manifest.
2817 silly tarball no local data for @svgr/babel-plugin-remove-jsx-empty-expression@https://registry.npmjs.org/@svgr/babel-plugin-remove-jsx-empty-expression/-/babel-plugin-remove-jsx-empty-expression-5.0.1.tgz. Extracting by manifest.
2818 silly tarball no local data for @surma/rollup-plugin-off-main-thread@https://registry.npmjs.org/@surma/rollup-plugin-off-main-thread/-/rollup-plugin-off-main-thread-2.2.3.tgz. Extracting by manifest.
2819 silly tarball no local data for @svgr/babel-plugin-add-jsx-attribute@https://registry.npmjs.org/@svgr/babel-plugin-add-jsx-attribute/-/babel-plugin-add-jsx-attribute-5.4.0.tgz. Extracting by manifest.
2820 silly tarball no local data for @svgr/babel-plugin-replace-jsx-attribute-value@https://registry.npmjs.org/@svgr/babel-plugin-replace-jsx-attribute-value/-/babel-plugin-replace-jsx-attribute-value-5.0.1.tgz. Extracting by manifest.
2821 silly tarball no local data for @sinclair/typebox@https://registry.npmjs.org/@sinclair/typebox/-/typebox-0.24.51.tgz. Extracting by manifest.
2822 silly tarball no local data for @svgr/babel-plugin-remove-jsx-attribute@https://registry.npmjs.org/@svgr/babel-plugin-remove-jsx-attribute/-/babel-plugin-remove-jsx-attribute-5.4.0.tgz. Extracting by manifest.
2823 silly tarball no local data for @rtsao/scc@https://registry.npmjs.org/@rtsao/scc/-/scc-1.1.0.tgz. Extracting by manifest.
2824 silly tarball no local data for @rollup/pluginutils@https://registry.npmjs.org/@rollup/pluginutils/-/pluginutils-3.1.0.tgz. Extracting by manifest.
2825 silly tarball no local data for @sinonjs/fake-timers@https://registry.npmjs.org/@sinonjs/fake-timers/-/fake-timers-8.1.0.tgz. Extracting by manifest.
2826 silly tarball no local data for @rushstack/eslint-patch@https://registry.npmjs.org/@rushstack/eslint-patch/-/eslint-patch-1.10.5.tgz. Extracting by manifest.
2827 silly tarball no local data for @sinonjs/commons@https://registry.npmjs.org/@sinonjs/commons/-/commons-1.8.6.tgz. Extracting by manifest.
2828 silly tarball no local data for @rollup/plugin-replace@https://registry.npmjs.org/@rollup/plugin-replace/-/plugin-replace-2.4.2.tgz. Extracting by manifest.
2829 silly tarball no local data for @rollup/plugin-babel@https://registry.npmjs.org/@rollup/plugin-babel/-/plugin-babel-5.3.1.tgz. Extracting by manifest.
2830 silly tarball no local data for @rollup/plugin-node-resolve@https://registry.npmjs.org/@rollup/plugin-node-resolve/-/plugin-node-resolve-11.2.1.tgz. Extracting by manifest.
2831 silly tarball no local data for @protobufjs/inquire@https://registry.npmjs.org/@protobufjs/inquire/-/inquire-1.1.0.tgz. Extracting by manifest.
2832 silly tarball no local data for @protobufjs/utf8@https://registry.npmjs.org/@protobufjs/utf8/-/utf8-1.1.0.tgz. Extracting by manifest.
2833 silly tarball no local data for @protobufjs/pool@https://registry.npmjs.org/@protobufjs/pool/-/pool-1.1.0.tgz. Extracting by manifest.
2834 silly tarball no local data for @protobufjs/path@https://registry.npmjs.org/@protobufjs/path/-/path-1.1.2.tgz. Extracting by manifest.
2835 silly tarball no local data for @protobufjs/codegen@https://registry.npmjs.org/@protobufjs/codegen/-/codegen-2.0.4.tgz. Extracting by manifest.
2836 silly tarball no local data for @protobufjs/eventemitter@https://registry.npmjs.org/@protobufjs/eventemitter/-/eventemitter-1.1.0.tgz. Extracting by manifest.
2837 silly tarball no local data for @protobufjs/fetch@https://registry.npmjs.org/@protobufjs/fetch/-/fetch-1.1.0.tgz. Extracting by manifest.
2838 silly tarball no local data for @protobufjs/float@https://registry.npmjs.org/@protobufjs/float/-/float-1.0.2.tgz. Extracting by manifest.
2839 silly tarball no local data for @pmmmwh/react-refresh-webpack-plugin@https://registry.npmjs.org/@pmmmwh/react-refresh-webpack-plugin/-/react-refresh-webpack-plugin-0.5.15.tgz. Extracting by manifest.
2840 silly tarball no local data for @nodelib/fs.stat@https://registry.npmjs.org/@nodelib/fs.stat/-/fs.stat-2.0.5.tgz. Extracting by manifest.
2841 silly tarball no local data for @protobufjs/aspromise@https://registry.npmjs.org/@protobufjs/aspromise/-/aspromise-1.1.2.tgz. Extracting by manifest.
2842 silly tarball no local data for @popperjs/core@https://registry.npmjs.org/@popperjs/core/-/core-2.11.8.tgz. Extracting by manifest.
2843 silly tarball no local data for @parcel/watcher-win32-x64@https://registry.npmjs.org/@parcel/watcher-win32-x64/-/watcher-win32-x64-2.5.1.tgz. Extracting by manifest.
2844 silly tarball no local data for @pkgjs/parseargs@https://registry.npmjs.org/@pkgjs/parseargs/-/parseargs-0.11.0.tgz. Extracting by manifest.
2845 silly tarball no local data for @protobufjs/base64@https://registry.npmjs.org/@protobufjs/base64/-/base64-1.1.2.tgz. Extracting by manifest.
2846 silly tarball no local data for @nodelib/fs.scandir@https://registry.npmjs.org/@nodelib/fs.scandir/-/fs.scandir-2.1.5.tgz. Extracting by manifest.
2847 silly tarball no local data for @mui/x-date-pickers@https://registry.npmjs.org/@mui/x-date-pickers/-/x-date-pickers-7.28.0.tgz. Extracting by manifest.
2848 silly tarball no local data for @parcel/watcher@https://registry.npmjs.org/@parcel/watcher/-/watcher-2.5.1.tgz. Extracting by manifest.
2849 silly tarball no local data for @nicolo-ribaudo/eslint-scope-5-internals@https://registry.npmjs.org/@nicolo-ribaudo/eslint-scope-5-internals/-/eslint-scope-5-internals-5.1.1-v1.tgz. Extracting by manifest.
2850 silly tarball no local data for @mui/utils@https://registry.npmjs.org/@mui/utils/-/utils-6.4.8.tgz. Extracting by manifest.
2851 silly tarball no local data for @nodelib/fs.walk@https://registry.npmjs.org/@nodelib/fs.walk/-/fs.walk-1.2.8.tgz. Extracting by manifest.
2852 silly tarball no local data for @mui/system@https://registry.npmjs.org/@mui/system/-/system-6.4.8.tgz. Extracting by manifest.
2853 silly tarball no local data for @mui/types@https://registry.npmjs.org/@mui/types/-/types-7.2.24.tgz. Extracting by manifest.
2854 silly tarball no local data for @mui/x-internals@https://registry.npmjs.org/@mui/x-internals/-/x-internals-7.28.0.tgz. Extracting by manifest.
2855 silly tarball no local data for @mui/private-theming@https://registry.npmjs.org/@mui/private-theming/-/private-theming-6.4.8.tgz. Extracting by manifest.
2856 silly tarball no local data for @mui/styled-engine@https://registry.npmjs.org/@mui/styled-engine/-/styled-engine-6.4.8.tgz. Extracting by manifest.
2857 silly tarball no local data for @mui/material@https://registry.npmjs.org/@mui/material/-/material-6.4.8.tgz. Extracting by manifest.
2858 silly tarball no local data for @leichtgewicht/ip-codec@https://registry.npmjs.org/@leichtgewicht/ip-codec/-/ip-codec-2.0.5.tgz. Extracting by manifest.
2859 silly tarball no local data for @jridgewell/set-array@https://registry.npmjs.org/@jridgewell/set-array/-/set-array-1.2.1.tgz. Extracting by manifest.
2860 silly tarball no local data for @jridgewell/trace-mapping@https://registry.npmjs.org/@jridgewell/trace-mapping/-/trace-mapping-0.3.25.tgz. Extracting by manifest.
2861 silly tarball no local data for @mui/core-downloads-tracker@https://registry.npmjs.org/@mui/core-downloads-tracker/-/core-downloads-tracker-6.4.8.tgz. Extracting by manifest.
2862 silly tarball no local data for @jridgewell/sourcemap-codec@https://registry.npmjs.org/@jridgewell/sourcemap-codec/-/sourcemap-codec-1.5.0.tgz. Extracting by manifest.
2863 silly tarball no local data for @jest/transform@https://registry.npmjs.org/@jest/transform/-/transform-27.5.1.tgz. Extracting by manifest.
2864 silly tarball no local data for @jridgewell/resolve-uri@https://registry.npmjs.org/@jridgewell/resolve-uri/-/resolve-uri-3.1.2.tgz. Extracting by manifest.
2865 silly tarball no local data for @jridgewell/gen-mapping@https://registry.npmjs.org/@jridgewell/gen-mapping/-/gen-mapping-0.3.8.tgz. Extracting by manifest.
2866 silly tarball no local data for @jest/types@https://registry.npmjs.org/@jest/types/-/types-27.5.1.tgz. Extracting by manifest.
2867 silly tarball no local data for @jridgewell/source-map@https://registry.npmjs.org/@jridgewell/source-map/-/source-map-0.3.6.tgz. Extracting by manifest.
2868 silly tarball no local data for @jest/test-result@https://registry.npmjs.org/@jest/test-result/-/test-result-27.5.1.tgz. Extracting by manifest.
2869 silly tarball no local data for @jest/test-sequencer@https://registry.npmjs.org/@jest/test-sequencer/-/test-sequencer-27.5.1.tgz. Extracting by manifest.
2870 silly tarball no local data for @jest/source-map@https://registry.npmjs.org/@jest/source-map/-/source-map-27.5.1.tgz. Extracting by manifest.
2871 silly tarball no local data for @jest/environment@https://registry.npmjs.org/@jest/environment/-/environment-27.5.1.tgz. Extracting by manifest.
2872 silly tarball no local data for @jest/reporters@https://registry.npmjs.org/@jest/reporters/-/reporters-27.5.1.tgz. Extracting by manifest.
2873 silly tarball no local data for @jest/globals@https://registry.npmjs.org/@jest/globals/-/globals-27.5.1.tgz. Extracting by manifest.
2874 silly tarball no local data for @jest/schemas@https://registry.npmjs.org/@jest/schemas/-/schemas-28.1.3.tgz. Extracting by manifest.
2875 silly tarball no local data for @istanbuljs/schema@https://registry.npmjs.org/@istanbuljs/schema/-/schema-0.1.3.tgz. Extracting by manifest.
2876 silly tarball no local data for @jest/core@https://registry.npmjs.org/@jest/core/-/core-27.5.1.tgz. Extracting by manifest.
2877 silly tarball no local data for @istanbuljs/load-nyc-config@https://registry.npmjs.org/@istanbuljs/load-nyc-config/-/load-nyc-config-1.1.0.tgz. Extracting by manifest.
2878 silly tarball no local data for @isaacs/cliui@https://registry.npmjs.org/@isaacs/cliui/-/cliui-8.0.2.tgz. Extracting by manifest.
2879 silly tarball no local data for @humanwhocodes/object-schema@https://registry.npmjs.org/@humanwhocodes/object-schema/-/object-schema-2.0.3.tgz. Extracting by manifest.
2880 silly tarball no local data for @jest/fake-timers@https://registry.npmjs.org/@jest/fake-timers/-/fake-timers-27.5.1.tgz. Extracting by manifest.
2881 silly tarball no local data for @jest/console@https://registry.npmjs.org/@jest/console/-/console-27.5.1.tgz. Extracting by manifest.
2882 silly tarball no local data for @humanwhocodes/config-array@https://registry.npmjs.org/@humanwhocodes/config-array/-/config-array-0.13.0.tgz. Extracting by manifest.
2883 silly tarball no local data for @humanwhocodes/module-importer@https://registry.npmjs.org/@humanwhocodes/module-importer/-/module-importer-1.0.1.tgz. Extracting by manifest.
2884 silly tarball no local data for @grpc/proto-loader@https://registry.npmjs.org/@grpc/proto-loader/-/proto-loader-0.7.13.tgz. Extracting by manifest.
2885 silly tarball no local data for @fortawesome/free-brands-svg-icons@https://registry.npmjs.org/@fortawesome/free-brands-svg-icons/-/free-brands-svg-icons-6.7.2.tgz. Extracting by manifest.
2886 silly tarball no local data for @floating-ui/react-dom@https://registry.npmjs.org/@floating-ui/react-dom/-/react-dom-2.1.2.tgz. Extracting by manifest.
2887 silly tarball no local data for @fortawesome/fontawesome-svg-core@https://registry.npmjs.org/@fortawesome/fontawesome-svg-core/-/fontawesome-svg-core-6.7.2.tgz. Extracting by manifest.
2888 silly tarball no local data for @fortawesome/free-solid-svg-icons@https://registry.npmjs.org/@fortawesome/free-solid-svg-icons/-/free-solid-svg-icons-6.7.2.tgz. Extracting by manifest.
2889 silly tarball no local data for @floating-ui/react@https://registry.npmjs.org/@floating-ui/react/-/react-0.27.5.tgz. Extracting by manifest.
2890 silly tarball no local data for @fortawesome/fontawesome-common-types@https://registry.npmjs.org/@fortawesome/fontawesome-common-types/-/fontawesome-common-types-6.7.2.tgz. Extracting by manifest.
2891 silly tarball no local data for @grpc/grpc-js@https://registry.npmjs.org/@grpc/grpc-js/-/grpc-js-1.9.15.tgz. Extracting by manifest.
2892 silly tarball no local data for @firebase/webchannel-wrapper@https://registry.npmjs.org/@firebase/webchannel-wrapper/-/webchannel-wrapper-1.0.3.tgz. Extracting by manifest.
2893 silly tarball no local data for @firebase/vertexai@https://registry.npmjs.org/@firebase/vertexai/-/vertexai-1.1.0.tgz. Extracting by manifest.
2894 silly tarball no local data for @fortawesome/react-fontawesome@https://registry.npmjs.org/@fortawesome/react-fontawesome/-/react-fontawesome-0.2.2.tgz. Extracting by manifest.
2895 silly tarball no local data for @floating-ui/utils@https://registry.npmjs.org/@floating-ui/utils/-/utils-0.2.9.tgz. Extracting by manifest.
2896 silly tarball no local data for @floating-ui/core@https://registry.npmjs.org/@floating-ui/core/-/core-1.6.9.tgz. Extracting by manifest.
2897 silly tarball no local data for @firebase/storage-types@https://registry.npmjs.org/@firebase/storage-types/-/storage-types-0.8.3.tgz. Extracting by manifest.
2898 silly tarball no local data for @firebase/util@https://registry.npmjs.org/@firebase/util/-/util-1.11.0.tgz. Extracting by manifest.
2899 silly tarball no local data for @firebase/remote-config-types@https://registry.npmjs.org/@firebase/remote-config-types/-/remote-config-types-0.4.0.tgz. Extracting by manifest.
2900 silly tarball no local data for @firebase/storage-compat@https://registry.npmjs.org/@firebase/storage-compat/-/storage-compat-0.3.17.tgz. Extracting by manifest.
2901 silly tarball no local data for @firebase/remote-config-compat@https://registry.npmjs.org/@firebase/remote-config-compat/-/remote-config-compat-0.2.13.tgz. Extracting by manifest.
2902 silly tarball no local data for @firebase/storage@https://registry.npmjs.org/@firebase/storage/-/storage-0.13.7.tgz. Extracting by manifest.
2903 silly tarball no local data for @firebase/performance-types@https://registry.npmjs.org/@firebase/performance-types/-/performance-types-0.2.3.tgz. Extracting by manifest.
2904 silly tarball no local data for @firebase/remote-config@https://registry.npmjs.org/@firebase/remote-config/-/remote-config-0.6.0.tgz. Extracting by manifest.
2905 silly tarball no local data for @floating-ui/dom@https://registry.npmjs.org/@floating-ui/dom/-/dom-1.6.13.tgz. Extracting by manifest.
2906 silly tarball no local data for @firebase/performance-compat@https://registry.npmjs.org/@firebase/performance-compat/-/performance-compat-0.2.14.tgz. Extracting by manifest.
2907 silly tarball no local data for @firebase/messaging-interop-types@https://registry.npmjs.org/@firebase/messaging-interop-types/-/messaging-interop-types-0.2.3.tgz. Extracting by manifest.
2908 silly tarball no local data for @firebase/performance@https://registry.npmjs.org/@firebase/performance/-/performance-0.7.1.tgz. Extracting by manifest.
2909 silly tarball no local data for @firebase/installations-types@https://registry.npmjs.org/@firebase/installations-types/-/installations-types-0.5.3.tgz. Extracting by manifest.
2910 silly tarball no local data for @firebase/installations-compat@https://registry.npmjs.org/@firebase/installations-compat/-/installations-compat-0.2.13.tgz. Extracting by manifest.
2911 silly tarball no local data for @firebase/messaging-compat@https://registry.npmjs.org/@firebase/messaging-compat/-/messaging-compat-0.2.17.tgz. Extracting by manifest.
2912 silly tarball no local data for @firebase/logger@https://registry.npmjs.org/@firebase/logger/-/logger-0.4.4.tgz. Extracting by manifest.
2913 silly tarball no local data for @firebase/installations@https://registry.npmjs.org/@firebase/installations/-/installations-0.6.13.tgz. Extracting by manifest.
2914 silly tarball no local data for @firebase/messaging@https://registry.npmjs.org/@firebase/messaging/-/messaging-0.12.17.tgz. Extracting by manifest.
2915 silly tarball no local data for @firebase/functions-compat@https://registry.npmjs.org/@firebase/functions-compat/-/functions-compat-0.3.20.tgz. Extracting by manifest.
2916 silly tarball no local data for @firebase/firestore-types@https://registry.npmjs.org/@firebase/firestore-types/-/firestore-types-3.0.3.tgz. Extracting by manifest.
2917 silly tarball no local data for @firebase/database-types@https://registry.npmjs.org/@firebase/database-types/-/database-types-1.0.9.tgz. Extracting by manifest.
2918 silly tarball no local data for @firebase/firestore@https://registry.npmjs.org/@firebase/firestore/-/firestore-4.7.9.tgz. Extracting by manifest.
2919 silly tarball no local data for @firebase/functions-types@https://registry.npmjs.org/@firebase/functions-types/-/functions-types-0.6.3.tgz. Extracting by manifest.
2920 silly tarball no local data for @firebase/functions@https://registry.npmjs.org/@firebase/functions/-/functions-0.12.3.tgz. Extracting by manifest.
2921 silly tarball no local data for @firebase/firestore-compat@https://registry.npmjs.org/@firebase/firestore-compat/-/firestore-compat-0.3.44.tgz. Extracting by manifest.
2922 silly tarball no local data for @firebase/database-compat@https://registry.npmjs.org/@firebase/database-compat/-/database-compat-2.0.4.tgz. Extracting by manifest.
2923 silly tarball no local data for @firebase/component@https://registry.npmjs.org/@firebase/component/-/component-0.6.13.tgz. Extracting by manifest.
2924 silly tarball no local data for @firebase/auth-types@https://registry.npmjs.org/@firebase/auth-types/-/auth-types-0.13.0.tgz. Extracting by manifest.
2925 silly tarball no local data for @firebase/database@https://registry.npmjs.org/@firebase/database/-/database-1.0.13.tgz. Extracting by manifest.
2926 silly tarball no local data for @firebase/data-connect@https://registry.npmjs.org/@firebase/data-connect/-/data-connect-0.3.1.tgz. Extracting by manifest.
2927 silly tarball no local data for @firebase/auth-interop-types@https://registry.npmjs.org/@firebase/auth-interop-types/-/auth-interop-types-0.2.4.tgz. Extracting by manifest.
2928 silly tarball no local data for @firebase/auth@https://registry.npmjs.org/@firebase/auth/-/auth-1.9.1.tgz. Extracting by manifest.
2929 silly tarball no local data for @firebase/app-compat@https://registry.npmjs.org/@firebase/app-compat/-/app-compat-0.2.51.tgz. Extracting by manifest.
2930 silly tarball no local data for @firebase/auth-compat@https://registry.npmjs.org/@firebase/auth-compat/-/auth-compat-0.5.19.tgz. Extracting by manifest.
2931 silly tarball no local data for @firebase/app-types@https://registry.npmjs.org/@firebase/app-types/-/app-types-0.9.3.tgz. Extracting by manifest.
2932 silly tarball no local data for @firebase/app-check-interop-types@https://registry.npmjs.org/@firebase/app-check-interop-types/-/app-check-interop-types-0.3.3.tgz. Extracting by manifest.
2933 silly tarball no local data for @firebase/app-check-compat@https://registry.npmjs.org/@firebase/app-check-compat/-/app-check-compat-0.3.19.tgz. Extracting by manifest.
2934 silly tarball no local data for @firebase/app@https://registry.npmjs.org/@firebase/app/-/app-0.11.2.tgz. Extracting by manifest.
2935 silly tarball no local data for @firebase/app-check-types@https://registry.npmjs.org/@firebase/app-check-types/-/app-check-types-0.5.3.tgz. Extracting by manifest.
2936 silly tarball no local data for @firebase/app-check@https://registry.npmjs.org/@firebase/app-check/-/app-check-0.8.12.tgz. Extracting by manifest.
2937 silly tarball no local data for @eslint/js@https://registry.npmjs.org/@eslint/js/-/js-8.57.1.tgz. Extracting by manifest.
2938 silly tarball no local data for @firebase/analytics-types@https://registry.npmjs.org/@firebase/analytics-types/-/analytics-types-0.8.3.tgz. Extracting by manifest.
2939 silly tarball no local data for @firebase/analytics@https://registry.npmjs.org/@firebase/analytics/-/analytics-0.10.12.tgz. Extracting by manifest.
2940 silly tarball no local data for @firebase/analytics-compat@https://registry.npmjs.org/@firebase/analytics-compat/-/analytics-compat-0.2.18.tgz. Extracting by manifest.
2941 silly tarball no local data for @eslint/eslintrc@https://registry.npmjs.org/@eslint/eslintrc/-/eslintrc-2.1.4.tgz. Extracting by manifest.
2942 silly tarball no local data for @eslint-community/regexpp@https://registry.npmjs.org/@eslint-community/regexpp/-/regexpp-4.12.1.tgz. Extracting by manifest.
2943 silly tarball no local data for @eslint-community/eslint-utils@https://registry.npmjs.org/@eslint-community/eslint-utils/-/eslint-utils-4.4.1.tgz. Extracting by manifest.
2944 silly tarball no local data for @emotion/weak-memoize@https://registry.npmjs.org/@emotion/weak-memoize/-/weak-memoize-0.4.0.tgz. Extracting by manifest.
2945 silly tarball no local data for @emotion/unitless@https://registry.npmjs.org/@emotion/unitless/-/unitless-0.10.0.tgz. Extracting by manifest.
2946 silly tarball no local data for @emotion/styled@https://registry.npmjs.org/@emotion/styled/-/styled-11.14.0.tgz. Extracting by manifest.
2947 silly tarball no local data for @emotion/utils@https://registry.npmjs.org/@emotion/utils/-/utils-1.4.2.tgz. Extracting by manifest.
2948 silly tarball no local data for @emotion/sheet@https://registry.npmjs.org/@emotion/sheet/-/sheet-1.4.0.tgz. Extracting by manifest.
2949 silly tarball no local data for @emotion/use-insertion-effect-with-fallbacks@https://registry.npmjs.org/@emotion/use-insertion-effect-with-fallbacks/-/use-insertion-effect-with-fallbacks-1.2.0.tgz. Extracting by manifest.
2950 silly tarball no local data for @emotion/serialize@https://registry.npmjs.org/@emotion/serialize/-/serialize-1.3.3.tgz. Extracting by manifest.
2951 silly tarball no local data for @emotion/memoize@https://registry.npmjs.org/@emotion/memoize/-/memoize-0.9.0.tgz. Extracting by manifest.
2952 silly tarball no local data for @emotion/hash@https://registry.npmjs.org/@emotion/hash/-/hash-0.9.2.tgz. Extracting by manifest.
2953 silly tarball no local data for @emotion/react@https://registry.npmjs.org/@emotion/react/-/react-11.14.0.tgz. Extracting by manifest.
2954 silly tarball no local data for @emotion/cache@https://registry.npmjs.org/@emotion/cache/-/cache-11.14.0.tgz. Extracting by manifest.
2955 silly tarball no local data for @emotion/is-prop-valid@https://registry.npmjs.org/@emotion/is-prop-valid/-/is-prop-valid-1.3.1.tgz. Extracting by manifest.
2956 silly tarball no local data for @cypress/request@https://registry.npmjs.org/@cypress/request/-/request-3.0.8.tgz. Extracting by manifest.
2957 silly tarball no local data for @emotion/babel-plugin@https://registry.npmjs.org/@emotion/babel-plugin/-/babel-plugin-11.13.5.tgz. Extracting by manifest.
2958 silly tarball no local data for @csstools/postcss-unset-value@https://registry.npmjs.org/@csstools/postcss-unset-value/-/postcss-unset-value-1.0.2.tgz. Extracting by manifest.
2959 silly tarball no local data for @csstools/postcss-trigonometric-functions@https://registry.npmjs.org/@csstools/postcss-trigonometric-functions/-/postcss-trigonometric-functions-1.0.2.tgz. Extracting by manifest.
2960 silly tarball no local data for @cypress/xvfb@https://registry.npmjs.org/@cypress/xvfb/-/xvfb-1.2.4.tgz. Extracting by manifest.
2961 silly tarball no local data for @csstools/selector-specificity@https://registry.npmjs.org/@csstools/selector-specificity/-/selector-specificity-2.2.0.tgz. Extracting by manifest.
2962 silly tarball no local data for @csstools/postcss-text-decoration-shorthand@https://registry.npmjs.org/@csstools/postcss-text-decoration-shorthand/-/postcss-text-decoration-shorthand-1.0.0.tgz. Extracting by manifest.
2963 silly tarball no local data for @csstools/postcss-progressive-custom-properties@https://registry.npmjs.org/@csstools/postcss-progressive-custom-properties/-/postcss-progressive-custom-properties-1.3.0.tgz. Extracting by manifest.
2964 silly tarball no local data for @csstools/postcss-normalize-display-values@https://registry.npmjs.org/@csstools/postcss-normalize-display-values/-/postcss-normalize-display-values-1.0.1.tgz. Extracting by manifest.
2965 silly tarball no local data for @csstools/postcss-stepped-value-functions@https://registry.npmjs.org/@csstools/postcss-stepped-value-functions/-/postcss-stepped-value-functions-1.0.1.tgz. Extracting by manifest.
2966 silly tarball no local data for @csstools/postcss-is-pseudo-class@https://registry.npmjs.org/@csstools/postcss-is-pseudo-class/-/postcss-is-pseudo-class-2.0.7.tgz. Extracting by manifest.
2967 silly tarball no local data for @csstools/postcss-ic-unit@https://registry.npmjs.org/@csstools/postcss-ic-unit/-/postcss-ic-unit-1.0.1.tgz. Extracting by manifest.
2968 silly tarball no local data for @csstools/postcss-oklab-function@https://registry.npmjs.org/@csstools/postcss-oklab-function/-/postcss-oklab-function-1.1.1.tgz. Extracting by manifest.
2969 silly tarball no local data for @csstools/postcss-hwb-function@https://registry.npmjs.org/@csstools/postcss-hwb-function/-/postcss-hwb-function-1.0.2.tgz. Extracting by manifest.
2970 silly tarball no local data for @csstools/postcss-color-function@https://registry.npmjs.org/@csstools/postcss-color-function/-/postcss-color-function-1.1.1.tgz. Extracting by manifest.
2971 silly tarball no local data for @csstools/postcss-nested-calc@https://registry.npmjs.org/@csstools/postcss-nested-calc/-/postcss-nested-calc-1.0.0.tgz. Extracting by manifest.
2972 silly tarball no local data for @csstools/normalize.css@https://registry.npmjs.org/@csstools/normalize.css/-/normalize.css-12.1.1.tgz. Extracting by manifest.
2973 silly tarball no local data for @csstools/postcss-cascade-layers@https://registry.npmjs.org/@csstools/postcss-cascade-layers/-/postcss-cascade-layers-1.1.1.tgz. Extracting by manifest.
2974 silly tarball no local data for @csstools/postcss-font-format-keywords@https://registry.npmjs.org/@csstools/postcss-font-format-keywords/-/postcss-font-format-keywords-1.0.1.tgz. Extracting by manifest.
2975 silly tarball no local data for @babel/types@https://registry.npmjs.org/@babel/types/-/types-7.26.9.tgz. Extracting by manifest.
2976 silly tarball no local data for @babel/template@https://registry.npmjs.org/@babel/template/-/template-7.26.9.tgz. Extracting by manifest.
2977 silly tarball no local data for @bcoe/v8-coverage@https://registry.npmjs.org/@bcoe/v8-coverage/-/v8-coverage-0.2.3.tgz. Extracting by manifest.
2978 silly tarball no local data for @babel/runtime@https://registry.npmjs.org/@babel/runtime/-/runtime-7.29.2.tgz. Extracting by manifest.
2979 silly tarball no local data for @babel/preset-typescript@https://registry.npmjs.org/@babel/preset-typescript/-/preset-typescript-7.26.0.tgz. Extracting by manifest.
2980 silly tarball no local data for @babel/traverse@https://registry.npmjs.org/@babel/traverse/-/traverse-7.26.9.tgz. Extracting by manifest.
2981 silly tarball no local data for @babel/preset-env@https://registry.npmjs.org/@babel/preset-env/-/preset-env-7.26.9.tgz. Extracting by manifest.
2982 silly tarball no local data for @babel/preset-modules@https://registry.npmjs.org/@babel/preset-modules/-/preset-modules-0.1.6-no-external-plugins.tgz. Extracting by manifest.
2983 silly tarball no local data for @babel/preset-react@https://registry.npmjs.org/@babel/preset-react/-/preset-react-7.26.3.tgz. Extracting by manifest.
2984 silly tarball no local data for @babel/plugin-transform-unicode-regex@https://registry.npmjs.org/@babel/plugin-transform-unicode-regex/-/plugin-transform-unicode-regex-7.25.9.tgz. Extracting by manifest.
2985 silly tarball no local data for @babel/plugin-transform-unicode-escapes@https://registry.npmjs.org/@babel/plugin-transform-unicode-escapes/-/plugin-transform-unicode-escapes-7.25.9.tgz. Extracting by manifest.
2986 silly tarball no local data for @babel/plugin-transform-typescript@https://registry.npmjs.org/@babel/plugin-transform-typescript/-/plugin-transform-typescript-7.26.8.tgz. Extracting by manifest.
2987 silly tarball no local data for @babel/plugin-transform-typeof-symbol@https://registry.npmjs.org/@babel/plugin-transform-typeof-symbol/-/plugin-transform-typeof-symbol-7.26.7.tgz. Extracting by manifest.
2988 silly tarball no local data for @babel/plugin-transform-unicode-property-regex@https://registry.npmjs.org/@babel/plugin-transform-unicode-property-regex/-/plugin-transform-unicode-property-regex-7.25.9.tgz. Extracting by manifest.
2989 silly tarball no local data for @babel/plugin-transform-unicode-sets-regex@https://registry.npmjs.org/@babel/plugin-transform-unicode-sets-regex/-/plugin-transform-unicode-sets-regex-7.25.9.tgz. Extracting by manifest.
2990 silly tarball no local data for @babel/plugin-transform-sticky-regex@https://registry.npmjs.org/@babel/plugin-transform-sticky-regex/-/plugin-transform-sticky-regex-7.25.9.tgz. Extracting by manifest.
2991 silly tarball no local data for @babel/plugin-transform-spread@https://registry.npmjs.org/@babel/plugin-transform-spread/-/plugin-transform-spread-7.25.9.tgz. Extracting by manifest.
2992 silly tarball no local data for @babel/plugin-transform-runtime@https://registry.npmjs.org/@babel/plugin-transform-runtime/-/plugin-transform-runtime-7.26.9.tgz. Extracting by manifest.
2993 silly tarball no local data for @babel/plugin-transform-template-literals@https://registry.npmjs.org/@babel/plugin-transform-template-literals/-/plugin-transform-template-literals-7.26.8.tgz. Extracting by manifest.
2994 silly tarball no local data for @babel/plugin-transform-shorthand-properties@https://registry.npmjs.org/@babel/plugin-transform-shorthand-properties/-/plugin-transform-shorthand-properties-7.25.9.tgz. Extracting by manifest.
2995 silly tarball no local data for @babel/plugin-transform-reserved-words@https://registry.npmjs.org/@babel/plugin-transform-reserved-words/-/plugin-transform-reserved-words-7.25.9.tgz. Extracting by manifest.
2996 silly tarball no local data for @babel/plugin-transform-regexp-modifiers@https://registry.npmjs.org/@babel/plugin-transform-regexp-modifiers/-/plugin-transform-regexp-modifiers-7.26.0.tgz. Extracting by manifest.
2997 silly tarball no local data for @babel/plugin-transform-react-jsx-development@https://registry.npmjs.org/@babel/plugin-transform-react-jsx-development/-/plugin-transform-react-jsx-development-7.25.9.tgz. Extracting by manifest.
2998 silly tarball no local data for @babel/plugin-transform-react-pure-annotations@https://registry.npmjs.org/@babel/plugin-transform-react-pure-annotations/-/plugin-transform-react-pure-annotations-7.25.9.tgz. Extracting by manifest.
2999 silly tarball no local data for @babel/plugin-transform-react-display-name@https://registry.npmjs.org/@babel/plugin-transform-react-display-name/-/plugin-transform-react-display-name-7.25.9.tgz. Extracting by manifest.
3000 silly tarball no local data for @babel/plugin-transform-react-jsx@https://registry.npmjs.org/@babel/plugin-transform-react-jsx/-/plugin-transform-react-jsx-7.25.9.tgz. Extracting by manifest.
3001 silly tarball no local data for @babel/plugin-transform-regenerator@https://registry.npmjs.org/@babel/plugin-transform-regenerator/-/plugin-transform-regenerator-7.25.9.tgz. Extracting by manifest.
3002 silly tarball no local data for @babel/plugin-transform-private-property-in-object@https://registry.npmjs.org/@babel/plugin-transform-private-property-in-object/-/plugin-transform-private-property-in-object-7.25.9.tgz. Extracting by manifest.
3003 silly tarball no local data for @babel/plugin-transform-react-constant-elements@https://registry.npmjs.org/@babel/plugin-transform-react-constant-elements/-/plugin-transform-react-constant-elements-7.25.9.tgz. Extracting by manifest.
3004 silly tarball no local data for @babel/plugin-transform-property-literals@https://registry.npmjs.org/@babel/plugin-transform-property-literals/-/plugin-transform-property-literals-7.25.9.tgz. Extracting by manifest.
3005 silly tarball no local data for @babel/plugin-transform-private-methods@https://registry.npmjs.org/@babel/plugin-transform-private-methods/-/plugin-transform-private-methods-7.25.9.tgz. Extracting by manifest.
3006 silly tarball no local data for @babel/plugin-transform-optional-catch-binding@https://registry.npmjs.org/@babel/plugin-transform-optional-catch-binding/-/plugin-transform-optional-catch-binding-7.25.9.tgz. Extracting by manifest.
3007 silly tarball no local data for @babel/plugin-transform-optional-chaining@https://registry.npmjs.org/@babel/plugin-transform-optional-chaining/-/plugin-transform-optional-chaining-7.25.9.tgz. Extracting by manifest.
3008 silly tarball no local data for @babel/plugin-transform-parameters@https://registry.npmjs.org/@babel/plugin-transform-parameters/-/plugin-transform-parameters-7.25.9.tgz. Extracting by manifest.
3009 silly tarball no local data for @babel/plugin-transform-object-super@https://registry.npmjs.org/@babel/plugin-transform-object-super/-/plugin-transform-object-super-7.25.9.tgz. Extracting by manifest.
3010 silly tarball no local data for @babel/plugin-transform-numeric-separator@https://registry.npmjs.org/@babel/plugin-transform-numeric-separator/-/plugin-transform-numeric-separator-7.25.9.tgz. Extracting by manifest.
3011 silly tarball no local data for @babel/plugin-transform-object-rest-spread@https://registry.npmjs.org/@babel/plugin-transform-object-rest-spread/-/plugin-transform-object-rest-spread-7.25.9.tgz. Extracting by manifest.
3012 silly tarball no local data for @babel/plugin-transform-named-capturing-groups-regex@https://registry.npmjs.org/@babel/plugin-transform-named-capturing-groups-regex/-/plugin-transform-named-capturing-groups-regex-7.25.9.tgz. Extracting by manifest.
3013 silly tarball no local data for @babel/plugin-transform-modules-umd@https://registry.npmjs.org/@babel/plugin-transform-modules-umd/-/plugin-transform-modules-umd-7.25.9.tgz. Extracting by manifest.
3014 silly tarball no local data for @babel/plugin-transform-nullish-coalescing-operator@https://registry.npmjs.org/@babel/plugin-transform-nullish-coalescing-operator/-/plugin-transform-nullish-coalescing-operator-7.26.6.tgz. Extracting by manifest.
3015 silly tarball no local data for @babel/plugin-transform-new-target@https://registry.npmjs.org/@babel/plugin-transform-new-target/-/plugin-transform-new-target-7.25.9.tgz. Extracting by manifest.
3016 silly tarball no local data for @babel/plugin-transform-modules-systemjs@https://registry.npmjs.org/@babel/plugin-transform-modules-systemjs/-/plugin-transform-modules-systemjs-7.25.9.tgz. Extracting by manifest.
3017 silly tarball no local data for @babel/plugin-transform-modules-commonjs@https://registry.npmjs.org/@babel/plugin-transform-modules-commonjs/-/plugin-transform-modules-commonjs-7.26.3.tgz. Extracting by manifest.
3018 silly tarball no local data for @babel/plugin-transform-logical-assignment-operators@https://registry.npmjs.org/@babel/plugin-transform-logical-assignment-operators/-/plugin-transform-logical-assignment-operators-7.25.9.tgz. Extracting by manifest.
3019 silly tarball no local data for @babel/plugin-transform-member-expression-literals@https://registry.npmjs.org/@babel/plugin-transform-member-expression-literals/-/plugin-transform-member-expression-literals-7.25.9.tgz. Extracting by manifest.
3020 silly tarball no local data for @babel/plugin-transform-literals@https://registry.npmjs.org/@babel/plugin-transform-literals/-/plugin-transform-literals-7.25.9.tgz. Extracting by manifest.
3021 silly tarball no local data for @babel/plugin-transform-modules-amd@https://registry.npmjs.org/@babel/plugin-transform-modules-amd/-/plugin-transform-modules-amd-7.25.9.tgz. Extracting by manifest.
3022 silly tarball no local data for @babel/plugin-transform-function-name@https://registry.npmjs.org/@babel/plugin-transform-function-name/-/plugin-transform-function-name-7.25.9.tgz. Extracting by manifest.
3023 silly tarball no local data for @babel/plugin-transform-json-strings@https://registry.npmjs.org/@babel/plugin-transform-json-strings/-/plugin-transform-json-strings-7.25.9.tgz. Extracting by manifest.
3024 silly tarball no local data for @babel/plugin-transform-for-of@https://registry.npmjs.org/@babel/plugin-transform-for-of/-/plugin-transform-for-of-7.26.9.tgz. Extracting by manifest.
3025 silly tarball no local data for @babel/plugin-transform-flow-strip-types@https://registry.npmjs.org/@babel/plugin-transform-flow-strip-types/-/plugin-transform-flow-strip-types-7.26.5.tgz. Extracting by manifest.
3026 silly tarball no local data for @babel/plugin-transform-dynamic-import@https://registry.npmjs.org/@babel/plugin-transform-dynamic-import/-/plugin-transform-dynamic-import-7.25.9.tgz. Extracting by manifest.
3027 silly tarball no local data for @babel/plugin-transform-exponentiation-operator@https://registry.npmjs.org/@babel/plugin-transform-exponentiation-operator/-/plugin-transform-exponentiation-operator-7.26.3.tgz. Extracting by manifest.
3028 silly tarball no local data for @babel/plugin-transform-export-namespace-from@https://registry.npmjs.org/@babel/plugin-transform-export-namespace-from/-/plugin-transform-export-namespace-from-7.25.9.tgz. Extracting by manifest.
3029 silly tarball no local data for @babel/plugin-transform-duplicate-named-capturing-groups-regex@https://registry.npmjs.org/@babel/plugin-transform-duplicate-named-capturing-groups-regex/-/plugin-transform-duplicate-named-capturing-groups-regex-7.25.9.tgz. Extracting by manifest.
3030 silly tarball no local data for @babel/plugin-transform-duplicate-keys@https://registry.npmjs.org/@babel/plugin-transform-duplicate-keys/-/plugin-transform-duplicate-keys-7.25.9.tgz. Extracting by manifest.
3031 silly tarball no local data for @babel/plugin-transform-dotall-regex@https://registry.npmjs.org/@babel/plugin-transform-dotall-regex/-/plugin-transform-dotall-regex-7.25.9.tgz. Extracting by manifest.
3032 silly tarball no local data for @babel/plugin-transform-destructuring@https://registry.npmjs.org/@babel/plugin-transform-destructuring/-/plugin-transform-destructuring-7.25.9.tgz. Extracting by manifest.
3033 silly tarball no local data for @babel/plugin-transform-classes@https://registry.npmjs.org/@babel/plugin-transform-classes/-/plugin-transform-classes-7.25.9.tgz. Extracting by manifest.
3034 silly tarball no local data for @babel/plugin-transform-class-static-block@https://registry.npmjs.org/@babel/plugin-transform-class-static-block/-/plugin-transform-class-static-block-7.26.0.tgz. Extracting by manifest.
3035 silly tarball no local data for @babel/plugin-transform-computed-properties@https://registry.npmjs.org/@babel/plugin-transform-computed-properties/-/plugin-transform-computed-properties-7.25.9.tgz. Extracting by manifest.
3036 silly tarball no local data for @babel/plugin-transform-class-properties@https://registry.npmjs.org/@babel/plugin-transform-class-properties/-/plugin-transform-class-properties-7.25.9.tgz. Extracting by manifest.
3037 silly tarball no local data for @babel/plugin-transform-block-scoping@https://registry.npmjs.org/@babel/plugin-transform-block-scoping/-/plugin-transform-block-scoping-7.25.9.tgz. Extracting by manifest.
3038 silly tarball no local data for @babel/plugin-transform-async-generator-functions@https://registry.npmjs.org/@babel/plugin-transform-async-generator-functions/-/plugin-transform-async-generator-functions-7.26.8.tgz. Extracting by manifest.
3039 silly tarball no local data for @babel/plugin-transform-async-to-generator@https://registry.npmjs.org/@babel/plugin-transform-async-to-generator/-/plugin-transform-async-to-generator-7.25.9.tgz. Extracting by manifest.
3040 silly tarball no local data for @babel/plugin-syntax-unicode-sets-regex@https://registry.npmjs.org/@babel/plugin-syntax-unicode-sets-regex/-/plugin-syntax-unicode-sets-regex-7.18.6.tgz. Extracting by manifest.
3041 silly tarball no local data for @babel/plugin-transform-block-scoped-functions@https://registry.npmjs.org/@babel/plugin-transform-block-scoped-functions/-/plugin-transform-block-scoped-functions-7.26.5.tgz. Extracting by manifest.
3042 silly tarball no local data for @babel/plugin-transform-arrow-functions@https://registry.npmjs.org/@babel/plugin-transform-arrow-functions/-/plugin-transform-arrow-functions-7.25.9.tgz. Extracting by manifest.
3043 silly tarball no local data for @babel/plugin-syntax-optional-catch-binding@https://registry.npmjs.org/@babel/plugin-syntax-optional-catch-binding/-/plugin-syntax-optional-catch-binding-7.8.3.tgz. Extracting by manifest.
3044 silly tarball no local data for @babel/plugin-syntax-typescript@https://registry.npmjs.org/@babel/plugin-syntax-typescript/-/plugin-syntax-typescript-7.25.9.tgz. Extracting by manifest.
3045 silly tarball no local data for @babel/plugin-syntax-private-property-in-object@https://registry.npmjs.org/@babel/plugin-syntax-private-property-in-object/-/plugin-syntax-private-property-in-object-7.14.5.tgz. Extracting by manifest.
3046 silly tarball no local data for @babel/plugin-syntax-object-rest-spread@https://registry.npmjs.org/@babel/plugin-syntax-object-rest-spread/-/plugin-syntax-object-rest-spread-7.8.3.tgz. Extracting by manifest.
3047 silly tarball no local data for @babel/plugin-syntax-logical-assignment-operators@https://registry.npmjs.org/@babel/plugin-syntax-logical-assignment-operators/-/plugin-syntax-logical-assignment-operators-7.10.4.tgz. Extracting by manifest.
3048 silly tarball no local data for @babel/plugin-syntax-optional-chaining@https://registry.npmjs.org/@babel/plugin-syntax-optional-chaining/-/plugin-syntax-optional-chaining-7.8.3.tgz. Extracting by manifest.
3049 silly tarball no local data for @babel/plugin-syntax-top-level-await@https://registry.npmjs.org/@babel/plugin-syntax-top-level-await/-/plugin-syntax-top-level-await-7.14.5.tgz. Extracting by manifest.
3050 silly tarball no local data for @babel/plugin-syntax-nullish-coalescing-operator@https://registry.npmjs.org/@babel/plugin-syntax-nullish-coalescing-operator/-/plugin-syntax-nullish-coalescing-operator-7.8.3.tgz. Extracting by manifest.
3051 silly tarball no local data for @babel/plugin-syntax-import-meta@https://registry.npmjs.org/@babel/plugin-syntax-import-meta/-/plugin-syntax-import-meta-7.10.4.tgz. Extracting by manifest.
3052 silly tarball no local data for @babel/plugin-syntax-jsx@https://registry.npmjs.org/@babel/plugin-syntax-jsx/-/plugin-syntax-jsx-7.25.9.tgz. Extracting by manifest.
3053 silly tarball no local data for @babel/plugin-syntax-import-attributes@https://registry.npmjs.org/@babel/plugin-syntax-import-attributes/-/plugin-syntax-import-attributes-7.26.0.tgz. Extracting by manifest.
3054 silly tarball no local data for @babel/plugin-syntax-numeric-separator@https://registry.npmjs.org/@babel/plugin-syntax-numeric-separator/-/plugin-syntax-numeric-separator-7.10.4.tgz. Extracting by manifest.
3055 silly tarball no local data for @babel/plugin-syntax-decorators@https://registry.npmjs.org/@babel/plugin-syntax-decorators/-/plugin-syntax-decorators-7.25.9.tgz. Extracting by manifest.
3056 silly tarball no local data for @babel/plugin-syntax-json-strings@https://registry.npmjs.org/@babel/plugin-syntax-json-strings/-/plugin-syntax-json-strings-7.8.3.tgz. Extracting by manifest.
3057 silly tarball no local data for @babel/plugin-syntax-import-assertions@https://registry.npmjs.org/@babel/plugin-syntax-import-assertions/-/plugin-syntax-import-assertions-7.26.0.tgz. Extracting by manifest.
3058 silly tarball no local data for @babel/plugin-syntax-class-static-block@https://registry.npmjs.org/@babel/plugin-syntax-class-static-block/-/plugin-syntax-class-static-block-7.14.5.tgz. Extracting by manifest.
3059 silly tarball no local data for @babel/plugin-syntax-async-generators@https://registry.npmjs.org/@babel/plugin-syntax-async-generators/-/plugin-syntax-async-generators-7.8.4.tgz. Extracting by manifest.
3060 silly tarball no local data for @babel/plugin-syntax-class-properties@https://registry.npmjs.org/@babel/plugin-syntax-class-properties/-/plugin-syntax-class-properties-7.12.13.tgz. Extracting by manifest.
3061 silly tarball no local data for @babel/plugin-syntax-flow@https://registry.npmjs.org/@babel/plugin-syntax-flow/-/plugin-syntax-flow-7.26.0.tgz. Extracting by manifest.
3062 silly tarball no local data for @babel/plugin-syntax-bigint@https://registry.npmjs.org/@babel/plugin-syntax-bigint/-/plugin-syntax-bigint-7.8.3.tgz. Extracting by manifest.
3063 silly tarball no local data for @babel/plugin-proposal-private-property-in-object@https://registry.npmjs.org/@babel/plugin-proposal-private-property-in-object/-/plugin-proposal-private-property-in-object-7.21.0-placeholder-for-preset-env.2.tgz. Extracting by manifest.
3064 silly tarball no local data for @babel/plugin-proposal-private-methods@https://registry.npmjs.org/@babel/plugin-proposal-private-methods/-/plugin-proposal-private-methods-7.18.6.tgz. Extracting by manifest.
3065 silly tarball no local data for @babel/plugin-proposal-numeric-separator@https://registry.npmjs.org/@babel/plugin-proposal-numeric-separator/-/plugin-proposal-numeric-separator-7.18.6.tgz. Extracting by manifest.
3066 silly tarball no local data for @babel/plugin-proposal-class-properties@https://registry.npmjs.org/@babel/plugin-proposal-class-properties/-/plugin-proposal-class-properties-7.18.6.tgz. Extracting by manifest.
3067 silly tarball no local data for @babel/plugin-proposal-optional-chaining@https://registry.npmjs.org/@babel/plugin-proposal-optional-chaining/-/plugin-proposal-optional-chaining-7.21.0.tgz. Extracting by manifest.
3068 silly tarball no local data for @babel/plugin-proposal-nullish-coalescing-operator@https://registry.npmjs.org/@babel/plugin-proposal-nullish-coalescing-operator/-/plugin-proposal-nullish-coalescing-operator-7.18.6.tgz. Extracting by manifest.
3069 silly tarball no local data for @babel/plugin-bugfix-v8-static-class-fields-redefine-readonly@https://registry.npmjs.org/@babel/plugin-bugfix-v8-static-class-fields-redefine-readonly/-/plugin-bugfix-v8-static-class-fields-redefine-readonly-7.25.9.tgz. Extracting by manifest.
3070 silly tarball no local data for @babel/plugin-proposal-decorators@https://registry.npmjs.org/@babel/plugin-proposal-decorators/-/plugin-proposal-decorators-7.25.9.tgz. Extracting by manifest.
3071 silly tarball no local data for @babel/plugin-bugfix-safari-id-destructuring-collision-in-function-expression@https://registry.npmjs.org/@babel/plugin-bugfix-safari-id-destructuring-collision-in-function-expression/-/plugin-bugfix-safari-id-destructuring-collision-in-function-expression-7.25.9.tgz. Extracting by manifest.
3072 silly tarball no local data for @babel/parser@https://registry.npmjs.org/@babel/parser/-/parser-7.26.9.tgz. Extracting by manifest.
3073 silly tarball no local data for @babel/plugin-bugfix-safari-class-field-initializer-scope@https://registry.npmjs.org/@babel/plugin-bugfix-safari-class-field-initializer-scope/-/plugin-bugfix-safari-class-field-initializer-scope-7.25.9.tgz. Extracting by manifest.
3074 silly tarball no local data for @babel/plugin-bugfix-v8-spread-parameters-in-optional-chaining@https://registry.npmjs.org/@babel/plugin-bugfix-v8-spread-parameters-in-optional-chaining/-/plugin-bugfix-v8-spread-parameters-in-optional-chaining-7.25.9.tgz. Extracting by manifest.
3075 silly tarball no local data for @babel/plugin-bugfix-firefox-class-in-computed-class-key@https://registry.npmjs.org/@babel/plugin-bugfix-firefox-class-in-computed-class-key/-/plugin-bugfix-firefox-class-in-computed-class-key-7.25.9.tgz. Extracting by manifest.
3076 silly tarball no local data for @babel/helpers@https://registry.npmjs.org/@babel/helpers/-/helpers-7.26.9.tgz. Extracting by manifest.
3077 silly tarball no local data for @babel/helper-wrap-function@https://registry.npmjs.org/@babel/helper-wrap-function/-/helper-wrap-function-7.25.9.tgz. Extracting by manifest.
3078 silly tarball no local data for @babel/helper-validator-option@https://registry.npmjs.org/@babel/helper-validator-option/-/helper-validator-option-7.25.9.tgz. Extracting by manifest.
3079 silly tarball no local data for @babel/helper-validator-identifier@https://registry.npmjs.org/@babel/helper-validator-identifier/-/helper-validator-identifier-7.25.9.tgz. Extracting by manifest.
3080 silly tarball no local data for @babel/helper-string-parser@https://registry.npmjs.org/@babel/helper-string-parser/-/helper-string-parser-7.25.9.tgz. Extracting by manifest.
3081 silly tarball no local data for @babel/helper-skip-transparent-expression-wrappers@https://registry.npmjs.org/@babel/helper-skip-transparent-expression-wrappers/-/helper-skip-transparent-expression-wrappers-7.25.9.tgz. Extracting by manifest.
3082 silly tarball no local data for @babel/helper-replace-supers@https://registry.npmjs.org/@babel/helper-replace-supers/-/helper-replace-supers-7.26.5.tgz. Extracting by manifest.
3083 silly tarball no local data for @babel/helper-remap-async-to-generator@https://registry.npmjs.org/@babel/helper-remap-async-to-generator/-/helper-remap-async-to-generator-7.25.9.tgz. Extracting by manifest.
3084 silly tarball no local data for @babel/helper-plugin-utils@https://registry.npmjs.org/@babel/helper-plugin-utils/-/helper-plugin-utils-7.26.5.tgz. Extracting by manifest.
3085 silly tarball no local data for @babel/helper-optimise-call-expression@https://registry.npmjs.org/@babel/helper-optimise-call-expression/-/helper-optimise-call-expression-7.25.9.tgz. Extracting by manifest.
3086 silly tarball no local data for @babel/helper-module-transforms@https://registry.npmjs.org/@babel/helper-module-transforms/-/helper-module-transforms-7.26.0.tgz. Extracting by manifest.
3087 silly tarball no local data for @babel/helper-module-imports@https://registry.npmjs.org/@babel/helper-module-imports/-/helper-module-imports-7.25.9.tgz. Extracting by manifest.
3088 silly tarball no local data for @babel/helper-member-expression-to-functions@https://registry.npmjs.org/@babel/helper-member-expression-to-functions/-/helper-member-expression-to-functions-7.25.9.tgz. Extracting by manifest.
3089 silly tarball no local data for @babel/helper-define-polyfill-provider@https://registry.npmjs.org/@babel/helper-define-polyfill-provider/-/helper-define-polyfill-provider-0.6.3.tgz. Extracting by manifest.
3090 silly tarball no local data for @babel/helper-create-regexp-features-plugin@https://registry.npmjs.org/@babel/helper-create-regexp-features-plugin/-/helper-create-regexp-features-plugin-7.26.3.tgz. Extracting by manifest.
3091 silly tarball no local data for @babel/helper-create-class-features-plugin@https://registry.npmjs.org/@babel/helper-create-class-features-plugin/-/helper-create-class-features-plugin-7.26.9.tgz. Extracting by manifest.
3092 silly tarball no local data for @babel/helper-compilation-targets@https://registry.npmjs.org/@babel/helper-compilation-targets/-/helper-compilation-targets-7.26.5.tgz. Extracting by manifest.
3093 silly tarball no local data for @babel/helper-annotate-as-pure@https://registry.npmjs.org/@babel/helper-annotate-as-pure/-/helper-annotate-as-pure-7.25.9.tgz. Extracting by manifest.
3094 silly tarball no local data for @ampproject/remapping@https://registry.npmjs.org/@ampproject/remapping/-/remapping-2.3.0.tgz. Extracting by manifest.
3095 silly tarball no local data for @babel/generator@https://registry.npmjs.org/@babel/generator/-/generator-7.26.9.tgz. Extracting by manifest.
3096 silly tarball no local data for @babel/eslint-parser@https://registry.npmjs.org/@babel/eslint-parser/-/eslint-parser-7.26.8.tgz. Extracting by manifest.
3097 silly tarball no local data for @babel/compat-data@https://registry.npmjs.org/@babel/compat-data/-/compat-data-7.26.8.tgz. Extracting by manifest.
3098 silly tarball no local data for @babel/core@https://registry.npmjs.org/@babel/core/-/core-7.26.9.tgz. Extracting by manifest.
3099 silly tarball no local data for @alloc/quick-lru@https://registry.npmjs.org/@alloc/quick-lru/-/quick-lru-5.2.0.tgz. Extracting by manifest.
3100 silly tarball no local data for @babel/code-frame@https://registry.npmjs.org/@babel/code-frame/-/code-frame-7.26.2.tgz. Extracting by manifest.
3101 silly tarball no local data for webpack-sources@https://registry.npmjs.org/webpack-sources/-/webpack-sources-1.4.3.tgz. Extracting by manifest.
3102 silly tarball no local data for source-map@https://registry.npmjs.org/source-map/-/source-map-0.6.1.tgz. Extracting by manifest.
3103 silly tarball no local data for tr46@https://registry.npmjs.org/tr46/-/tr46-1.0.1.tgz. Extracting by manifest.
3104 silly tarball no local data for webidl-conversions@https://registry.npmjs.org/webidl-conversions/-/webidl-conversions-4.0.2.tgz. Extracting by manifest.
3105 silly tarball no local data for json-schema-traverse@https://registry.npmjs.org/json-schema-traverse/-/json-schema-traverse-1.0.0.tgz. Extracting by manifest.
3106 silly tarball no local data for source-map@https://registry.npmjs.org/source-map/-/source-map-0.8.0-beta.0.tgz. Extracting by manifest.
3107 silly tarball no local data for iconv-lite@https://registry.npmjs.org/iconv-lite/-/iconv-lite-0.4.24.tgz. Extracting by manifest.
3108 silly tarball no local data for webpack-sources@https://registry.npmjs.org/webpack-sources/-/webpack-sources-2.3.1.tgz. Extracting by manifest.
3109 silly tarball no local data for minimatch@https://registry.npmjs.org/minimatch/-/minimatch-3.1.2.tgz. Extracting by manifest.
3110 silly tarball no local data for whatwg-url@https://registry.npmjs.org/whatwg-url/-/whatwg-url-7.1.0.tgz. Extracting by manifest.
3111 silly tarball no local data for fs-extra@https://registry.npmjs.org/fs-extra/-/fs-extra-9.1.0.tgz. Extracting by manifest.
3112 silly tarball no local data for glob@https://registry.npmjs.org/glob/-/glob-7.2.3.tgz. Extracting by manifest.
3113 silly tarball no local data for estraverse@https://registry.npmjs.org/estraverse/-/estraverse-4.3.0.tgz. Extracting by manifest.
3114 silly tarball no local data for source-map@https://registry.npmjs.org/source-map/-/source-map-0.6.1.tgz. Extracting by manifest.
3115 silly tarball no local data for convert-source-map@https://registry.npmjs.org/convert-source-map/-/convert-source-map-1.9.0.tgz. Extracting by manifest.
3116 silly tarball no local data for ajv@https://registry.npmjs.org/ajv/-/ajv-8.17.1.tgz. Extracting by manifest.
3117 silly tarball no local data for ws@https://registry.npmjs.org/ws/-/ws-8.18.1.tgz. Extracting by manifest.
3118 silly tarball no local data for brace-expansion@https://registry.npmjs.org/brace-expansion/-/brace-expansion-1.1.11.tgz. Extracting by manifest.
3119 silly tarball no local data for @apideck/better-ajv-errors@https://registry.npmjs.org/@apideck/better-ajv-errors/-/better-ajv-errors-0.3.6.tgz. Extracting by manifest.
3120 silly tarball no local data for tslib@https://registry.npmjs.org/tslib/-/tslib-1.14.1.tgz. Extracting by manifest.
3121 silly tarball no local data for eslint-scope@https://registry.npmjs.org/eslint-scope/-/eslint-scope-5.1.1.tgz. Extracting by manifest.
3122 silly tarball no local data for strip-bom@https://registry.npmjs.org/strip-bom/-/strip-bom-3.0.0.tgz. Extracting by manifest.
3123 silly tarball no local data for universalify@https://registry.npmjs.org/universalify/-/universalify-0.2.0.tgz. Extracting by manifest.
3124 silly tarball no local data for schema-utils@https://registry.npmjs.org/schema-utils/-/schema-utils-3.3.0.tgz. Extracting by manifest.
3125 silly tarball no local data for commander@https://registry.npmjs.org/commander/-/commander-2.20.3.tgz. Extracting by manifest.
3126 silly tarball no local data for core-util-is@https://registry.npmjs.org/core-util-is/-/core-util-is-1.0.2.tgz. Extracting by manifest.
3127 silly tarball no local data for json5@https://registry.npmjs.org/json5/-/json5-1.0.2.tgz. Extracting by manifest.
3128 silly tarball no local data for minimatch@https://registry.npmjs.org/minimatch/-/minimatch-3.1.2.tgz. Extracting by manifest.
3129 silly tarball no local data for supports-color@https://registry.npmjs.org/supports-color/-/supports-color-5.5.0.tgz. Extracting by manifest.
3130 silly tarball no local data for type-fest@https://registry.npmjs.org/type-fest/-/type-fest-0.16.0.tgz. Extracting by manifest.
3131 silly tarball no local data for lilconfig@https://registry.npmjs.org/lilconfig/-/lilconfig-3.1.3.tgz. Extracting by manifest.
3132 silly tarball no local data for glob@https://registry.npmjs.org/glob/-/glob-7.2.3.tgz. Extracting by manifest.
3133 silly tarball no local data for brace-expansion@https://registry.npmjs.org/brace-expansion/-/brace-expansion-1.1.11.tgz. Extracting by manifest.
3134 silly tarball no local data for has-flag@https://registry.npmjs.org/has-flag/-/has-flag-3.0.0.tgz. Extracting by manifest.
3135 silly tarball no local data for nth-check@https://registry.npmjs.org/nth-check/-/nth-check-1.0.2.tgz. Extracting by manifest.
3136 silly tarball no local data for domutils@https://registry.npmjs.org/domutils/-/domutils-1.7.0.tgz. Extracting by manifest.
3137 silly tarball no local data for escape-string-regexp@https://registry.npmjs.org/escape-string-regexp/-/escape-string-regexp-1.0.5.tgz. Extracting by manifest.
3138 silly tarball no local data for domelementtype@https://registry.npmjs.org/domelementtype/-/domelementtype-1.3.1.tgz. Extracting by manifest.
3139 silly tarball no local data for dom-serializer@https://registry.npmjs.org/dom-serializer/-/dom-serializer-0.2.2.tgz. Extracting by manifest.
3140 silly tarball no local data for css-what@https://registry.npmjs.org/css-what/-/css-what-3.4.2.tgz. Extracting by manifest.
3141 silly tarball no local data for css-select@https://registry.npmjs.org/css-select/-/css-select-2.1.0.tgz. Extracting by manifest.
3142 silly tarball no local data for minipass@https://registry.npmjs.org/minipass/-/minipass-7.1.2.tgz. Extracting by manifest.
3143 silly tarball no local data for color-convert@https://registry.npmjs.org/color-convert/-/color-convert-1.9.3.tgz. Extracting by manifest.
3144 silly tarball no local data for color-name@https://registry.npmjs.org/color-name/-/color-name-1.1.3.tgz. Extracting by manifest.
3145 silly tarball no local data for emoji-regex@https://registry.npmjs.org/emoji-regex/-/emoji-regex-8.0.0.tgz. Extracting by manifest.
3146 silly tarball no local data for emoji-regex@https://registry.npmjs.org/emoji-regex/-/emoji-regex-8.0.0.tgz. Extracting by manifest.
3147 silly tarball no local data for chalk@https://registry.npmjs.org/chalk/-/chalk-2.4.2.tgz. Extracting by manifest.
3148 silly tarball no local data for ansi-styles@https://registry.npmjs.org/ansi-styles/-/ansi-styles-3.2.1.tgz. Extracting by manifest.
3149 silly tarball no local data for type-check@https://registry.npmjs.org/type-check/-/type-check-0.3.2.tgz. Extracting by manifest.
3150 silly tarball no local data for source-map@https://registry.npmjs.org/source-map/-/source-map-0.6.1.tgz. Extracting by manifest.
3151 silly tarball no local data for optionator@https://registry.npmjs.org/optionator/-/optionator-0.8.3.tgz. Extracting by manifest.
3152 silly tarball no local data for glob@https://registry.npmjs.org/glob/-/glob-10.4.5.tgz. Extracting by manifest.
3153 silly tarball no local data for prelude-ls@https://registry.npmjs.org/prelude-ls/-/prelude-ls-1.1.2.tgz. Extracting by manifest.
3154 silly tarball no local data for minimatch@https://registry.npmjs.org/minimatch/-/minimatch-9.0.5.tgz. Extracting by manifest.
3155 silly tarball no local data for uuid@https://registry.npmjs.org/uuid/-/uuid-8.3.2.tgz. Extracting by manifest.
3156 silly tarball no local data for escape-string-regexp@https://registry.npmjs.org/escape-string-regexp/-/escape-string-regexp-2.0.0.tgz. Extracting by manifest.
3157 silly tarball no local data for commander@https://registry.npmjs.org/commander/-/commander-4.1.1.tgz. Extracting by manifest.
3158 silly tarball no local data for levn@https://registry.npmjs.org/levn/-/levn-0.3.0.tgz. Extracting by manifest.
3159 silly tarball no local data for statuses@https://registry.npmjs.org/statuses/-/statuses-1.5.0.tgz. Extracting by manifest.
3160 silly tarball no local data for escodegen@https://registry.npmjs.org/escodegen/-/escodegen-1.14.3.tgz. Extracting by manifest.
3161 silly tarball no local data for source-map@https://registry.npmjs.org/source-map/-/source-map-0.6.1.tgz. Extracting by manifest.
3162 silly tarball no local data for estraverse@https://registry.npmjs.org/estraverse/-/estraverse-4.3.0.tgz. Extracting by manifest.
3163 silly tarball no local data for encodeurl@https://registry.npmjs.org/encodeurl/-/encodeurl-1.0.2.tgz. Extracting by manifest.
3164 silly tarball no local data for ms@https://registry.npmjs.org/ms/-/ms-2.0.0.tgz. Extracting by manifest.
3165 silly tarball no local data for inherits@https://registry.npmjs.org/inherits/-/inherits-2.0.3.tgz. Extracting by manifest.
3166 silly tarball no local data for debug@https://registry.npmjs.org/debug/-/debug-2.6.9.tgz. Extracting by manifest.
3167 silly tarball no local data for setprototypeof@https://registry.npmjs.org/setprototypeof/-/setprototypeof-1.1.0.tgz. Extracting by manifest.
3168 silly tarball no local data for ms@https://registry.npmjs.org/ms/-/ms-2.0.0.tgz. Extracting by manifest.
3169 silly tarball no local data for ajv-keywords@https://registry.npmjs.org/ajv-keywords/-/ajv-keywords-5.1.0.tgz. Extracting by manifest.
3170 silly tarball no local data for ajv@https://registry.npmjs.org/ajv/-/ajv-8.17.1.tgz. Extracting by manifest.
3171 silly tarball no local data for json-schema-traverse@https://registry.npmjs.org/json-schema-traverse/-/json-schema-traverse-1.0.0.tgz. Extracting by manifest.
3172 silly tarball no local data for http-errors@https://registry.npmjs.org/http-errors/-/http-errors-1.6.3.tgz. Extracting by manifest.
3173 silly tarball no local data for debug@https://registry.npmjs.org/debug/-/debug-2.6.9.tgz. Extracting by manifest.
3174 silly tarball no local data for depd@https://registry.npmjs.org/depd/-/depd-1.1.2.tgz. Extracting by manifest.
3175 silly tarball no local data for jest-worker@https://registry.npmjs.org/jest-worker/-/jest-worker-26.6.2.tgz. Extracting by manifest.
3176 silly tarball no local data for readdirp@https://registry.npmjs.org/readdirp/-/readdirp-4.1.2.tgz. Extracting by manifest.
3177 silly tarball no local data for brace-expansion@https://registry.npmjs.org/brace-expansion/-/brace-expansion-1.1.11.tgz. Extracting by manifest.
3178 silly tarball no local data for serialize-javascript@https://registry.npmjs.org/serialize-javascript/-/serialize-javascript-4.0.0.tgz. Extracting by manifest.
3179 silly tarball no local data for minimatch@https://registry.npmjs.org/minimatch/-/minimatch-3.1.2.tgz. Extracting by manifest.
3180 silly tarball no local data for glob@https://registry.npmjs.org/glob/-/glob-7.2.3.tgz. Extracting by manifest.
3181 silly tarball no local data for chokidar@https://registry.npmjs.org/chokidar/-/chokidar-4.0.3.tgz. Extracting by manifest.
3182 silly tarball no local data for minimatch@https://registry.npmjs.org/minimatch/-/minimatch-3.1.2.tgz. Extracting by manifest.
3183 silly tarball no local data for react-is@https://registry.npmjs.org/react-is/-/react-is-18.3.1.tgz. Extracting by manifest.
3184 silly tarball no local data for jsesc@https://registry.npmjs.org/jsesc/-/jsesc-3.0.2.tgz. Extracting by manifest.
3185 silly tarball no local data for source-map@https://registry.npmjs.org/source-map/-/source-map-0.6.1.tgz. Extracting by manifest.
3186 silly tarball no local data for semver@https://registry.npmjs.org/semver/-/semver-7.7.1.tgz. Extracting by manifest.
3187 silly tarball no local data for picocolors@https://registry.npmjs.org/picocolors/-/picocolors-0.2.1.tgz. Extracting by manifest.
3188 silly tarball no local data for brace-expansion@https://registry.npmjs.org/brace-expansion/-/brace-expansion-1.1.11.tgz. Extracting by manifest.
3189 silly tarball no local data for convert-source-map@https://registry.npmjs.org/convert-source-map/-/convert-source-map-1.9.0.tgz. Extracting by manifest.
3190 silly tarball no local data for postcss@https://registry.npmjs.org/postcss/-/postcss-7.0.39.tgz. Extracting by manifest.
3191 silly tarball no local data for path-exists@https://registry.npmjs.org/path-exists/-/path-exists-4.0.0.tgz. Extracting by manifest.
3192 silly tarball no local data for p-locate@https://registry.npmjs.org/p-locate/-/p-locate-5.0.0.tgz. Extracting by manifest.
3193 silly tarball no local data for p-limit@https://registry.npmjs.org/p-limit/-/p-limit-3.1.0.tgz. Extracting by manifest.
3194 silly tarball no local data for loader-utils@https://registry.npmjs.org/loader-utils/-/loader-utils-3.3.1.tgz. Extracting by manifest.
3195 silly tarball no local data for ipaddr.js@https://registry.npmjs.org/ipaddr.js/-/ipaddr.js-1.9.1.tgz. Extracting by manifest.
3196 silly tarball no local data for locate-path@https://registry.npmjs.org/locate-path/-/locate-path-6.0.0.tgz. Extracting by manifest.
3197 silly tarball no local data for find-up@https://registry.npmjs.org/find-up/-/find-up-5.0.0.tgz. Extracting by manifest.
3198 silly tarball no local data for iconv-lite@https://registry.npmjs.org/iconv-lite/-/iconv-lite-0.4.24.tgz. Extracting by manifest.
3199 silly tarball no local data for react-is@https://registry.npmjs.org/react-is/-/react-is-17.0.2.tgz. Extracting by manifest.
3200 silly tarball no local data for date-fns@https://registry.npmjs.org/date-fns/-/date-fns-4.1.0.tgz. Extracting by manifest.
3201 silly tarball no local data for ansi-styles@https://registry.npmjs.org/ansi-styles/-/ansi-styles-5.2.0.tgz. Extracting by manifest.
3202 silly tarball no local data for postcss-selector-parser@https://registry.npmjs.org/postcss-selector-parser/-/postcss-selector-parser-7.1.0.tgz. Extracting by manifest.
3203 silly tarball no local data for svgo@https://registry.npmjs.org/svgo/-/svgo-2.8.0.tgz. Extracting by manifest.
3204 silly tarball no local data for source-map@https://registry.npmjs.org/source-map/-/source-map-0.6.1.tgz. Extracting by manifest.
3205 silly tarball no local data for postcss-selector-parser@https://registry.npmjs.org/postcss-selector-parser/-/postcss-selector-parser-7.1.0.tgz. Extracting by manifest.
3206 silly tarball no local data for css-tree@https://registry.npmjs.org/css-tree/-/css-tree-1.1.3.tgz. Extracting by manifest.
3207 silly tarball no local data for mdn-data@https://registry.npmjs.org/mdn-data/-/mdn-data-2.0.14.tgz. Extracting by manifest.
3208 silly tarball no local data for semver@https://registry.npmjs.org/semver/-/semver-7.7.1.tgz. Extracting by manifest.
3209 silly tarball no local data for yaml@https://registry.npmjs.org/yaml/-/yaml-2.7.0.tgz. Extracting by manifest.
3210 silly tarball no local data for commander@https://registry.npmjs.org/commander/-/commander-7.2.0.tgz. Extracting by manifest.
3211 silly tarball no local data for lilconfig@https://registry.npmjs.org/lilconfig/-/lilconfig-3.1.3.tgz. Extracting by manifest.
3212 silly tarball no local data for path-exists@https://registry.npmjs.org/path-exists/-/path-exists-4.0.0.tgz. Extracting by manifest.
3213 silly tarball no local data for minipass@https://registry.npmjs.org/minipass/-/minipass-7.1.2.tgz. Extracting by manifest.
3214 silly tarball no local data for semver@https://registry.npmjs.org/semver/-/semver-6.3.1.tgz. Extracting by manifest.
3215 silly tarball no local data for slice-ansi@https://registry.npmjs.org/slice-ansi/-/slice-ansi-4.0.0.tgz. Extracting by manifest.
3216 silly tarball no local data for wrap-ansi@https://registry.npmjs.org/wrap-ansi/-/wrap-ansi-6.2.0.tgz. Extracting by manifest.
3217 silly tarball no local data for locate-path@https://registry.npmjs.org/locate-path/-/locate-path-5.0.0.tgz. Extracting by manifest.
3218 silly tarball no local data for find-up@https://registry.npmjs.org/find-up/-/find-up-4.1.0.tgz. Extracting by manifest.
3219 silly tarball no local data for supports-color@https://registry.npmjs.org/supports-color/-/supports-color-8.1.1.tgz. Extracting by manifest.
3220 silly tarball no local data for esprima@https://registry.npmjs.org/esprima/-/esprima-1.2.2.tgz. Extracting by manifest.
3221 silly tarball no local data for string-length@https://registry.npmjs.org/string-length/-/string-length-5.0.1.tgz. Extracting by manifest.
3222 silly tarball no local data for ansi-regex@https://registry.npmjs.org/ansi-regex/-/ansi-regex-6.1.0.tgz. Extracting by manifest.
3223 silly tarball no local data for p-locate@https://registry.npmjs.org/p-locate/-/p-locate-4.1.0.tgz. Extracting by manifest.
3224 silly tarball no local data for char-regex@https://registry.npmjs.org/char-regex/-/char-regex-2.0.2.tgz. Extracting by manifest.
3225 silly tarball no local data for slash@https://registry.npmjs.org/slash/-/slash-4.0.0.tgz. Extracting by manifest.
3226 silly tarball no local data for strip-ansi@https://registry.npmjs.org/strip-ansi/-/strip-ansi-7.1.0.tgz. Extracting by manifest.
3227 silly tarball no local data for strip-ansi@https://registry.npmjs.org/strip-ansi/-/strip-ansi-6.0.1.tgz. Extracting by manifest.
3228 silly tarball no local data for react-is@https://registry.npmjs.org/react-is/-/react-is-18.3.1.tgz. Extracting by manifest.
3229 silly tarball no local data for slash@https://registry.npmjs.org/slash/-/slash-3.0.0.tgz. Extracting by manifest.
3230 silly tarball no local data for pretty-format@https://registry.npmjs.org/pretty-format/-/pretty-format-28.1.3.tgz. Extracting by manifest.
3231 silly tarball no local data for string-length@https://registry.npmjs.org/string-length/-/string-length-4.0.2.tgz. Extracting by manifest.
3232 silly tarball no local data for jest-util@https://registry.npmjs.org/jest-util/-/jest-util-28.1.3.tgz. Extracting by manifest.
3233 silly tarball no local data for jest-watcher@https://registry.npmjs.org/jest-watcher/-/jest-watcher-28.1.3.tgz. Extracting by manifest.
3234 silly tarball no local data for jest-regex-util@https://registry.npmjs.org/jest-regex-util/-/jest-regex-util-28.0.2.tgz. Extracting by manifest.
3235 silly tarball no local data for ansi-styles@https://registry.npmjs.org/ansi-styles/-/ansi-styles-5.2.0.tgz. Extracting by manifest.
3236 silly tarball no local data for @types/yargs@https://registry.npmjs.org/@types/yargs/-/yargs-17.0.33.tgz. Extracting by manifest.
3237 silly tarball no local data for jest-message-util@https://registry.npmjs.org/jest-message-util/-/jest-message-util-28.1.3.tgz. Extracting by manifest.
3238 silly tarball no local data for slash@https://registry.npmjs.org/slash/-/slash-3.0.0.tgz. Extracting by manifest.
3239 silly tarball no local data for emittery@https://registry.npmjs.org/emittery/-/emittery-0.10.2.tgz. Extracting by manifest.
3240 silly tarball no local data for @jest/types@https://registry.npmjs.org/@jest/types/-/types-28.1.3.tgz. Extracting by manifest.
3241 silly tarball no local data for minimatch@https://registry.npmjs.org/minimatch/-/minimatch-3.1.2.tgz. Extracting by manifest.
3242 silly tarball no local data for semver@https://registry.npmjs.org/semver/-/semver-7.7.1.tgz. Extracting by manifest.
3243 silly tarball no local data for glob@https://registry.npmjs.org/glob/-/glob-7.2.3.tgz. Extracting by manifest.
3244 silly tarball no local data for @jest/console@https://registry.npmjs.org/@jest/console/-/console-28.1.3.tgz. Extracting by manifest.
3245 silly tarball no local data for @jest/test-result@https://registry.npmjs.org/@jest/test-result/-/test-result-28.1.3.tgz. Extracting by manifest.
3246 silly tarball no local data for brace-expansion@https://registry.npmjs.org/brace-expansion/-/brace-expansion-1.1.11.tgz. Extracting by manifest.
3247 silly tarball no local data for source-map@https://registry.npmjs.org/source-map/-/source-map-0.6.1.tgz. Extracting by manifest.
3248 silly tarball no local data for semver@https://registry.npmjs.org/semver/-/semver-7.7.1.tgz. Extracting by manifest.
3249 silly tarball no local data for brace-expansion@https://registry.npmjs.org/brace-expansion/-/brace-expansion-1.1.11.tgz. Extracting by manifest.
3250 silly tarball no local data for minimatch@https://registry.npmjs.org/minimatch/-/minimatch-3.1.2.tgz. Extracting by manifest.
3251 silly tarball no local data for minimatch@https://registry.npmjs.org/minimatch/-/minimatch-3.1.2.tgz. Extracting by manifest.
3252 silly tarball no local data for brace-expansion@https://registry.npmjs.org/brace-expansion/-/brace-expansion-1.1.11.tgz. Extracting by manifest.
3253 silly tarball no local data for semver@https://registry.npmjs.org/semver/-/semver-6.3.1.tgz. Extracting by manifest.
3254 silly tarball no local data for glob@https://registry.npmjs.org/glob/-/glob-7.2.3.tgz. Extracting by manifest.
3255 silly tarball no local data for make-dir@https://registry.npmjs.org/make-dir/-/make-dir-4.0.0.tgz. Extracting by manifest.
3256 silly tarball no local data for string_decoder@https://registry.npmjs.org/string_decoder/-/string_decoder-1.1.1.tgz. Extracting by manifest.
3257 silly tarball no local data for resolve-from@https://registry.npmjs.org/resolve-from/-/resolve-from-4.0.0.tgz. Extracting by manifest.
3258 silly tarball no local data for which@https://registry.npmjs.org/which/-/which-1.3.1.tgz. Extracting by manifest.
3259 silly tarball no local data for isarray@https://registry.npmjs.org/isarray/-/isarray-1.0.0.tgz. Extracting by manifest.
3260 silly tarball no local data for ini@https://registry.npmjs.org/ini/-/ini-2.0.0.tgz. Extracting by manifest.
3261 silly tarball no local data for readable-stream@https://registry.npmjs.org/readable-stream/-/readable-stream-2.3.8.tgz. Extracting by manifest.
3262 silly tarball no local data for safe-buffer@https://registry.npmjs.org/safe-buffer/-/safe-buffer-5.1.2.tgz. Extracting by manifest.
3263 silly tarball no local data for tapable@https://registry.npmjs.org/tapable/-/tapable-1.1.3.tgz. Extracting by manifest.
3264 silly tarball no local data for schema-utils@https://registry.npmjs.org/schema-utils/-/schema-utils-2.7.0.tgz. Extracting by manifest.
3265 silly tarball no local data for semver@https://registry.npmjs.org/semver/-/semver-7.7.1.tgz. Extracting by manifest.
3266 silly tarball no local data for signal-exit@https://registry.npmjs.org/signal-exit/-/signal-exit-4.1.0.tgz. Extracting by manifest.
3267 silly tarball no local data for ms@https://registry.npmjs.org/ms/-/ms-2.0.0.tgz. Extracting by manifest.
3268 silly tarball no local data for debug@https://registry.npmjs.org/debug/-/debug-2.6.9.tgz. Extracting by manifest.
3269 silly tarball no local data for fs-extra@https://registry.npmjs.org/fs-extra/-/fs-extra-9.1.0.tgz. Extracting by manifest.
3270 silly tarball no local data for minimatch@https://registry.npmjs.org/minimatch/-/minimatch-5.1.6.tgz. Extracting by manifest.
3271 silly tarball no local data for brace-expansion@https://registry.npmjs.org/brace-expansion/-/brace-expansion-1.1.11.tgz. Extracting by manifest.
3272 silly tarball no local data for minimatch@https://registry.npmjs.org/minimatch/-/minimatch-3.1.2.tgz. Extracting by manifest.
3273 silly tarball no local data for schema-utils@https://registry.npmjs.org/schema-utils/-/schema-utils-3.3.0.tgz. Extracting by manifest.
3274 silly tarball no local data for cosmiconfig@https://registry.npmjs.org/cosmiconfig/-/cosmiconfig-6.0.0.tgz. Extracting by manifest.
3275 silly tarball no local data for escape-string-regexp@https://registry.npmjs.org/escape-string-regexp/-/escape-string-regexp-1.0.5.tgz. Extracting by manifest.
3276 silly tarball no local data for glob-parent@https://registry.npmjs.org/glob-parent/-/glob-parent-5.1.2.tgz. Extracting by manifest.
3277 silly tarball no local data for get-stream@https://registry.npmjs.org/get-stream/-/get-stream-5.2.0.tgz. Extracting by manifest.
3278 silly tarball no local data for semver@https://registry.npmjs.org/semver/-/semver-6.3.1.tgz. Extracting by manifest.
3279 silly tarball no local data for glob@https://registry.npmjs.org/glob/-/glob-7.2.3.tgz. Extracting by manifest.
3280 silly tarball no local data for resolve@https://registry.npmjs.org/resolve/-/resolve-2.0.0-next.5.tgz. Extracting by manifest.
3281 silly tarball no local data for ms@https://registry.npmjs.org/ms/-/ms-2.0.0.tgz. Extracting by manifest.
3282 silly tarball no local data for debug@https://registry.npmjs.org/debug/-/debug-2.6.9.tgz. Extracting by manifest.
3283 silly tarball no local data for doctrine@https://registry.npmjs.org/doctrine/-/doctrine-2.1.0.tgz. Extracting by manifest.
3284 silly tarball no local data for supports-color@https://registry.npmjs.org/supports-color/-/supports-color-8.1.1.tgz. Extracting by manifest.
3285 silly tarball no local data for cookie@https://registry.npmjs.org/cookie/-/cookie-0.7.1.tgz. Extracting by manifest.
3286 silly tarball no local data for jest-worker@https://registry.npmjs.org/jest-worker/-/jest-worker-28.1.3.tgz. Extracting by manifest.
3287 silly tarball no local data for brace-expansion@https://registry.npmjs.org/brace-expansion/-/brace-expansion-1.1.11.tgz. Extracting by manifest.
3288 silly tarball no local data for semver@https://registry.npmjs.org/semver/-/semver-6.3.1.tgz. Extracting by manifest.
3289 silly tarball no local data for minimatch@https://registry.npmjs.org/minimatch/-/minimatch-3.1.2.tgz. Extracting by manifest.
3290 silly tarball no local data for minimatch@https://registry.npmjs.org/minimatch/-/minimatch-3.1.2.tgz. Extracting by manifest.
3291 silly tarball no local data for brace-expansion@https://registry.npmjs.org/brace-expansion/-/brace-expansion-1.1.11.tgz. Extracting by manifest.
3292 silly tarball no local data for minimatch@https://registry.npmjs.org/minimatch/-/minimatch-3.1.2.tgz. Extracting by manifest.
3293 silly tarball no local data for debug@https://registry.npmjs.org/debug/-/debug-3.2.7.tgz. Extracting by manifest.
3294 silly tarball no local data for debug@https://registry.npmjs.org/debug/-/debug-3.2.7.tgz. Extracting by manifest.
3295 silly tarball no local data for type-fest@https://registry.npmjs.org/type-fest/-/type-fest-0.20.2.tgz. Extracting by manifest.
3296 silly tarball no local data for doctrine@https://registry.npmjs.org/doctrine/-/doctrine-2.1.0.tgz. Extracting by manifest.
3297 silly tarball no local data for debug@https://registry.npmjs.org/debug/-/debug-3.2.7.tgz. Extracting by manifest.
3298 silly tarball no local data for path-exists@https://registry.npmjs.org/path-exists/-/path-exists-4.0.0.tgz. Extracting by manifest.
3299 silly tarball no local data for p-locate@https://registry.npmjs.org/p-locate/-/p-locate-5.0.0.tgz. Extracting by manifest.
3300 silly tarball no local data for minimatch@https://registry.npmjs.org/minimatch/-/minimatch-3.1.2.tgz. Extracting by manifest.
3301 silly tarball no local data for p-limit@https://registry.npmjs.org/p-limit/-/p-limit-3.1.0.tgz. Extracting by manifest.
3302 silly tarball no local data for brace-expansion@https://registry.npmjs.org/brace-expansion/-/brace-expansion-1.1.11.tgz. Extracting by manifest.
3303 silly tarball no local data for js-yaml@https://registry.npmjs.org/js-yaml/-/js-yaml-4.1.0.tgz. Extracting by manifest.
3304 silly tarball no local data for locate-path@https://registry.npmjs.org/locate-path/-/locate-path-6.0.0.tgz. Extracting by manifest.
3305 silly tarball no local data for ms@https://registry.npmjs.org/ms/-/ms-2.0.0.tgz. Extracting by manifest.
3306 silly tarball no local data for source-map@https://registry.npmjs.org/source-map/-/source-map-0.6.1.tgz. Extracting by manifest.
3307 silly tarball no local data for find-up@https://registry.npmjs.org/find-up/-/find-up-5.0.0.tgz. Extracting by manifest.
3308 silly tarball no local data for debug@https://registry.npmjs.org/debug/-/debug-2.6.9.tgz. Extracting by manifest.
3309 silly tarball no local data for webidl-conversions@https://registry.npmjs.org/webidl-conversions/-/webidl-conversions-5.0.0.tgz. Extracting by manifest.
3310 silly tarball no local data for globals@https://registry.npmjs.org/globals/-/globals-13.24.0.tgz. Extracting by manifest.
3311 silly tarball no local data for semver@https://registry.npmjs.org/semver/-/semver-7.7.2.tgz. Extracting by manifest.
3312 silly tarball no local data for supports-color@https://registry.npmjs.org/supports-color/-/supports-color-8.1.1.tgz. Extracting by manifest.
3313 silly tarball no local data for human-signals@https://registry.npmjs.org/human-signals/-/human-signals-1.1.1.tgz. Extracting by manifest.
3314 silly tarball no local data for proxy-from-env@https://registry.npmjs.org/proxy-from-env/-/proxy-from-env-1.0.0.tgz. Extracting by manifest.
3315 silly tarball no local data for brace-expansion@https://registry.npmjs.org/brace-expansion/-/brace-expansion-1.1.11.tgz. Extracting by manifest.
3316 silly tarball no local data for fs-extra@https://registry.npmjs.org/fs-extra/-/fs-extra-9.1.0.tgz. Extracting by manifest.
3317 silly tarball no local data for cssom@https://registry.npmjs.org/cssom/-/cssom-0.3.8.tgz. Extracting by manifest.
3318 silly tarball no local data for mdn-data@https://registry.npmjs.org/mdn-data/-/mdn-data-2.0.14.tgz. Extracting by manifest.
3319 silly tarball no local data for get-stream@https://registry.npmjs.org/get-stream/-/get-stream-5.2.0.tgz. Extracting by manifest.
3320 silly tarball no local data for commander@https://registry.npmjs.org/commander/-/commander-6.2.1.tgz. Extracting by manifest.
3321 silly tarball no local data for source-map@https://registry.npmjs.org/source-map/-/source-map-0.6.1.tgz. Extracting by manifest.
3322 silly tarball no local data for execa@https://registry.npmjs.org/execa/-/execa-4.1.0.tgz. Extracting by manifest.
3323 silly tarball no local data for argparse@https://registry.npmjs.org/argparse/-/argparse-2.0.1.tgz. Extracting by manifest.
3324 silly tarball no local data for source-map@https://registry.npmjs.org/source-map/-/source-map-0.6.1.tgz. Extracting by manifest.
3325 silly tarball no local data for source-map@https://registry.npmjs.org/source-map/-/source-map-0.6.1.tgz. Extracting by manifest.
3326 silly tarball no local data for ci-info@https://registry.npmjs.org/ci-info/-/ci-info-4.2.0.tgz. Extracting by manifest.
3327 silly tarball no local data for ms@https://registry.npmjs.org/ms/-/ms-2.0.0.tgz. Extracting by manifest.
3328 silly tarball no local data for css-tree@https://registry.npmjs.org/css-tree/-/css-tree-1.1.3.tgz. Extracting by manifest.
3329 silly tarball no local data for debug@https://registry.npmjs.org/debug/-/debug-2.6.9.tgz. Extracting by manifest.
3330 silly tarball no local data for supports-color@https://registry.npmjs.org/supports-color/-/supports-color-5.5.0.tgz. Extracting by manifest.
3331 silly tarball no local data for source-map@https://registry.npmjs.org/source-map/-/source-map-0.6.1.tgz. Extracting by manifest.
3332 silly tarball no local data for color-name@https://registry.npmjs.org/color-name/-/color-name-1.1.3.tgz. Extracting by manifest.
3333 silly tarball no local data for escape-string-regexp@https://registry.npmjs.org/escape-string-regexp/-/escape-string-regexp-1.0.5.tgz. Extracting by manifest.
3334 silly tarball no local data for ms@https://registry.npmjs.org/ms/-/ms-2.0.0.tgz. Extracting by manifest.
3335 silly tarball no local data for has-flag@https://registry.npmjs.org/has-flag/-/has-flag-3.0.0.tgz. Extracting by manifest.
3336 silly tarball no local data for semver@https://registry.npmjs.org/semver/-/semver-7.7.1.tgz. Extracting by manifest.
3337 silly tarball no local data for glob-parent@https://registry.npmjs.org/glob-parent/-/glob-parent-5.1.2.tgz. Extracting by manifest.
3338 silly tarball no local data for chalk@https://registry.npmjs.org/chalk/-/chalk-2.4.2.tgz. Extracting by manifest.
3339 silly tarball no local data for ansi-styles@https://registry.npmjs.org/ansi-styles/-/ansi-styles-3.2.1.tgz. Extracting by manifest.
3340 silly tarball no local data for color-convert@https://registry.npmjs.org/color-convert/-/color-convert-1.9.3.tgz. Extracting by manifest.
3341 silly tarball no local data for schema-utils@https://registry.npmjs.org/schema-utils/-/schema-utils-2.7.1.tgz. Extracting by manifest.
3342 silly tarball no local data for debug@https://registry.npmjs.org/debug/-/debug-2.6.9.tgz. Extracting by manifest.
3343 silly tarball no local data for form-data@https://registry.npmjs.org/form-data/-/form-data-4.0.2.tgz. Extracting by manifest.
3344 silly tarball no local data for semver@https://registry.npmjs.org/semver/-/semver-6.3.1.tgz. Extracting by manifest.
3345 silly tarball no local data for iconv-lite@https://registry.npmjs.org/iconv-lite/-/iconv-lite-0.4.24.tgz. Extracting by manifest.
3346 silly tarball no local data for @babel/plugin-proposal-private-property-in-object@https://registry.npmjs.org/@babel/plugin-proposal-private-property-in-object/-/plugin-proposal-private-property-in-object-7.21.11.tgz. Extracting by manifest.
3347 silly tarball no local data for acorn@https://registry.npmjs.org/acorn/-/acorn-7.4.1.tgz. Extracting by manifest.
3348 silly tarball no local data for semver@https://registry.npmjs.org/semver/-/semver-7.7.1.tgz. Extracting by manifest.
3349 silly tarball no local data for estraverse@https://registry.npmjs.org/estraverse/-/estraverse-4.3.0.tgz. Extracting by manifest.
3350 silly tarball no local data for semver@https://registry.npmjs.org/semver/-/semver-7.7.1.tgz. Extracting by manifest.
3351 silly tarball no local data for negotiator@https://registry.npmjs.org/negotiator/-/negotiator-0.6.3.tgz. Extracting by manifest.
3352 silly tarball no local data for eslint-scope@https://registry.npmjs.org/eslint-scope/-/eslint-scope-5.1.1.tgz. Extracting by manifest.
3353 silly tarball no local data for json-schema-traverse@https://registry.npmjs.org/json-schema-traverse/-/json-schema-traverse-1.0.0.tgz. Extracting by manifest.
3354 silly tarball no local data for ajv@https://registry.npmjs.org/ajv/-/ajv-8.17.1.tgz. Extracting by manifest.
3355 silly tarball no local data for @types/estree@https://registry.npmjs.org/@types/estree/-/estree-0.0.39.tgz. Extracting by manifest.
3356 silly tarball no local data for @types/express-serve-static-core@https://registry.npmjs.org/@types/express-serve-static-core/-/express-serve-static-core-4.19.6.tgz. Extracting by manifest.
3357 silly tarball no local data for react-is@https://registry.npmjs.org/react-is/-/react-is-19.0.0.tgz. Extracting by manifest.
3358 silly tarball no local data for semver@https://registry.npmjs.org/semver/-/semver-7.7.1.tgz. Extracting by manifest.
3359 silly tarball no local data for react-is@https://registry.npmjs.org/react-is/-/react-is-19.0.0.tgz. Extracting by manifest.
3360 silly tarball no local data for source-map@https://registry.npmjs.org/source-map/-/source-map-0.6.1.tgz. Extracting by manifest.
3361 silly tarball no local data for source-map@https://registry.npmjs.org/source-map/-/source-map-0.6.1.tgz. Extracting by manifest.
3362 silly tarball no local data for estraverse@https://registry.npmjs.org/estraverse/-/estraverse-4.3.0.tgz. Extracting by manifest.
3363 silly tarball no local data for source-map@https://registry.npmjs.org/source-map/-/source-map-0.6.1.tgz. Extracting by manifest.
3364 silly tarball no local data for convert-source-map@https://registry.npmjs.org/convert-source-map/-/convert-source-map-1.9.0.tgz. Extracting by manifest.
3365 silly tarball no local data for path-exists@https://registry.npmjs.org/path-exists/-/path-exists-4.0.0.tgz. Extracting by manifest.
3366 silly tarball no local data for eslint-scope@https://registry.npmjs.org/eslint-scope/-/eslint-scope-5.1.1.tgz. Extracting by manifest.
3367 silly tarball no local data for minimatch@https://registry.npmjs.org/minimatch/-/minimatch-3.1.2.tgz. Extracting by manifest.
3368 silly tarball no local data for p-locate@https://registry.npmjs.org/p-locate/-/p-locate-4.1.0.tgz. Extracting by manifest.
3369 silly tarball no local data for brace-expansion@https://registry.npmjs.org/brace-expansion/-/brace-expansion-1.1.11.tgz. Extracting by manifest.
3370 silly tarball no local data for find-up@https://registry.npmjs.org/find-up/-/find-up-4.1.0.tgz. Extracting by manifest.
3371 silly tarball no local data for locate-path@https://registry.npmjs.org/locate-path/-/locate-path-5.0.0.tgz. Extracting by manifest.
3372 silly tarball no local data for camelcase@https://registry.npmjs.org/camelcase/-/camelcase-5.3.1.tgz. Extracting by manifest.
3373 silly tarball no local data for glob@https://registry.npmjs.org/glob/-/glob-7.2.3.tgz. Extracting by manifest.
3374 silly tarball no local data for strip-ansi@https://registry.npmjs.org/strip-ansi/-/strip-ansi-7.1.0.tgz. Extracting by manifest.
3375 silly tarball no local data for wrap-ansi@https://registry.npmjs.org/wrap-ansi/-/wrap-ansi-8.1.0.tgz. Extracting by manifest.
3376 silly tarball no local data for string-width@https://registry.npmjs.org/string-width/-/string-width-5.1.2.tgz. Extracting by manifest.
3377 silly tarball no local data for yargs-parser@https://registry.npmjs.org/yargs-parser/-/yargs-parser-21.1.1.tgz. Extracting by manifest.
3378 silly tarball no local data for yargs@https://registry.npmjs.org/yargs/-/yargs-17.7.2.tgz. Extracting by manifest.
3379 silly tarball no local data for minimatch@https://registry.npmjs.org/minimatch/-/minimatch-3.1.2.tgz. Extracting by manifest.
3380 silly tarball no local data for ansi-regex@https://registry.npmjs.org/ansi-regex/-/ansi-regex-6.1.0.tgz. Extracting by manifest.
3381 silly tarball no local data for ansi-styles@https://registry.npmjs.org/ansi-styles/-/ansi-styles-6.2.1.tgz. Extracting by manifest.
3382 silly tarball no local data for brace-expansion@https://registry.npmjs.org/brace-expansion/-/brace-expansion-1.1.11.tgz. Extracting by manifest.
3383 silly tarball no local data for cliui@https://registry.npmjs.org/cliui/-/cliui-8.0.1.tgz. Extracting by manifest.
3384 silly tarball no local data for type-fest@https://registry.npmjs.org/type-fest/-/type-fest-0.20.2.tgz. Extracting by manifest.
3385 silly tarball no local data for minimatch@https://registry.npmjs.org/minimatch/-/minimatch-3.1.2.tgz. Extracting by manifest.
3386 silly tarball no local data for js-yaml@https://registry.npmjs.org/js-yaml/-/js-yaml-4.1.0.tgz. Extracting by manifest.
3387 silly tarball no local data for globals@https://registry.npmjs.org/globals/-/globals-13.24.0.tgz. Extracting by manifest.
3388 silly tarball no local data for convert-source-map@https://registry.npmjs.org/convert-source-map/-/convert-source-map-1.9.0.tgz. Extracting by manifest.
3389 silly tarball no local data for debug@https://registry.npmjs.org/debug/-/debug-3.2.7.tgz. Extracting by manifest.
3390 silly tarball no local data for brace-expansion@https://registry.npmjs.org/brace-expansion/-/brace-expansion-1.1.11.tgz. Extracting by manifest.
3391 silly tarball no local data for argparse@https://registry.npmjs.org/argparse/-/argparse-2.0.1.tgz. Extracting by manifest.
3392 silly tarball no local data for source-map@https://registry.npmjs.org/source-map/-/source-map-0.5.7.tgz. Extracting by manifest.
3393 silly tarball no local data for uuid@https://registry.npmjs.org/uuid/-/uuid-8.3.2.tgz. Extracting by manifest.
3394 silly tarball no local data for tough-cookie@https://registry.npmjs.org/tough-cookie/-/tough-cookie-5.1.2.tgz. Extracting by manifest.
3395 silly tarball no local data for semver@https://registry.npmjs.org/semver/-/semver-6.3.1.tgz. Extracting by manifest.
3396 silly tarball no local data for form-data@https://registry.npmjs.org/form-data/-/form-data-4.0.3.tgz. Extracting by manifest.
3397 silly tarball no local data for semver@https://registry.npmjs.org/semver/-/semver-6.3.1.tgz. Extracting by manifest.
3398 silly tarball no local data for semver@https://registry.npmjs.org/semver/-/semver-6.3.1.tgz. Extracting by manifest.
3399 silly tarball no local data for qs@https://registry.npmjs.org/qs/-/qs-6.14.0.tgz. Extracting by manifest.
3400 silly tarball no local data for lru-cache@https://registry.npmjs.org/lru-cache/-/lru-cache-5.1.1.tgz. Extracting by manifest.
3401 silly tarball no local data for semver@https://registry.npmjs.org/semver/-/semver-6.3.1.tgz. Extracting by manifest.
3402 silly tarball no local data for babel-plugin-polyfill-corejs3@https://registry.npmjs.org/babel-plugin-polyfill-corejs3/-/babel-plugin-polyfill-corejs3-0.10.6.tgz. Extracting by manifest.
3403 silly tarball no local data for semver@https://registry.npmjs.org/semver/-/semver-6.3.1.tgz. Extracting by manifest.
3404 silly tarball no local data for semver@https://registry.npmjs.org/semver/-/semver-6.3.1.tgz. Extracting by manifest.
3405 silly tarball no local data for semver@https://registry.npmjs.org/semver/-/semver-6.3.1.tgz. Extracting by manifest.
3406 silly tarball no local data for eslint-visitor-keys@https://registry.npmjs.org/eslint-visitor-keys/-/eslint-visitor-keys-2.1.0.tgz. Extracting by manifest.
3407 http fetch POST 200 https://registry.npmjs.org/-/npm/v1/security/advisories/bulk 1160ms
3408 silly audit report {
3408 silly audit report   '@babel/helpers': [
3408 silly audit report     {
3408 silly audit report       id: 1104001,
3408 silly audit report       url: 'https://github.com/advisories/GHSA-968p-4wvh-cqc8',
3408 silly audit report       title: 'Babel has inefficient RegExp complexity in generated code with .replace when transpiling named capturing groups',
3408 silly audit report       severity: 'moderate',
3408 silly audit report       vulnerable_versions: '<7.26.10',
3408 silly audit report       cwe: [Array],
3408 silly audit report       cvss: [Object]
3408 silly audit report     }
3408 silly audit report   ],
3408 silly audit report   'form-data': [
3408 silly audit report     {
3408 silly audit report       id: 1109538,
3408 silly audit report       url: 'https://github.com/advisories/GHSA-fjxv-7rqg-78g4',
3408 silly audit report       title: 'form-data uses unsafe random function in form-data for choosing boundary',
3408 silly audit report       severity: 'critical',
3408 silly audit report       vulnerable_versions: '>=4.0.0 <4.0.4',
3408 silly audit report       cwe: [Array],
3408 silly audit report       cvss: [Object]
3408 silly audit report     },
3408 silly audit report     {
3408 silly audit report       id: 1109539,
3408 silly audit report       url: 'https://github.com/advisories/GHSA-fjxv-7rqg-78g4',
3408 silly audit report       title: 'form-data uses unsafe random function in form-data for choosing boundary',
3408 silly audit report       severity: 'critical',
3408 silly audit report       vulnerable_versions: '>=3.0.0 <3.0.4',
3408 silly audit report       cwe: [Array],
3408 silly audit report       cvss: [Object]
3408 silly audit report     }
3408 silly audit report   ],
3408 silly audit report   qs: [
3408 silly audit report     {
3408 silly audit report       id: 1113161,
3408 silly audit report       url: 'https://github.com/advisories/GHSA-w7fw-mjwx-w883',
3408 silly audit report       title: "qs's arrayLimit bypass in comma parsing allows denial of service",
3408 silly audit report       severity: 'low',
3408 silly audit report       vulnerable_versions: '>=6.7.0 <=6.14.1',
3408 silly audit report       cwe: [Array],
3408 silly audit report       cvss: [Object]
3408 silly audit report     },
3408 silly audit report     {
3408 silly audit report       id: 1113719,
3408 silly audit report       url: 'https://github.com/advisories/GHSA-6rw7-vpxm-498p',
3408 silly audit report       title: "qs's arrayLimit bypass in its bracket notation allows DoS via memory exhaustion",
3408 silly audit report       severity: 'moderate',
3408 silly audit report       vulnerable_versions: '<6.14.1',
3408 silly audit report       cwe: [Array],
3408 silly audit report       cvss: [Object]
3408 silly audit report     }
3408 silly audit report   ],
3408 silly audit report   uuid: [
3408 silly audit report     {
3408 silly audit report       id: 1116970,
3408 silly audit report       url: 'https://github.com/advisories/GHSA-w5hq-g745-h8pq',
3408 silly audit report       title: 'uuid: Missing buffer bounds check in v3/v5/v6 when buf is provided',
3408 silly audit report       severity: 'moderate',
3408 silly audit report       vulnerable_versions: '<14.0.0',
3408 silly audit report       cwe: [Array],
3408 silly audit report       cvss: [Object]
3408 silly audit report     }
3408 silly audit report   ],
3408 silly audit report   'brace-expansion': [
3408 silly audit report     {
3408 silly audit report       id: 1105443,
3408 silly audit report       url: 'https://github.com/advisories/GHSA-v6h2-p8h4-qcjw',
3408 silly audit report       title: 'brace-expansion Regular Expression Denial of Service vulnerability',
3408 silly audit report       severity: 'low',
3408 silly audit report       vulnerable_versions: '>=1.0.0 <=1.1.11',
3408 silly audit report       cwe: [Array],
3408 silly audit report       cvss: [Object]
3408 silly audit report     },
3408 silly audit report     {
3408 silly audit report       id: 1105444,
3408 silly audit report       url: 'https://github.com/advisories/GHSA-v6h2-p8h4-qcjw',
3408 silly audit report       title: 'brace-expansion Regular Expression Denial of Service vulnerability',
3408 silly audit report       severity: 'low',
3408 silly audit report       vulnerable_versions: '>=2.0.0 <=2.0.1',
3408 silly audit report       cwe: [Array],
3408 silly audit report       cvss: [Object]
3408 silly audit report     },
3408 silly audit report     {
3408 silly audit report       id: 1115540,
3408 silly audit report       url: 'https://github.com/advisories/GHSA-f886-m6hf-6m8v',
3408 silly audit report       title: 'brace-expansion: Zero-step sequence causes process hang and memory exhaustion',
3408 silly audit report       severity: 'moderate',
3408 silly audit report       vulnerable_versions: '<1.1.13',
3408 silly audit report       cwe: [Array],
3408 silly audit report       cvss: [Object]
3408 silly audit report     },
3408 silly audit report     {
3408 silly audit report       id: 1115541,
3408 silly audit report       url: 'https://github.com/advisories/GHSA-f886-m6hf-6m8v',
3408 silly audit report       title: 'brace-expansion: Zero-step sequence causes process hang and memory exhaustion',
3408 silly audit report       severity: 'moderate',
3408 silly audit report       vulnerable_versions: '>=2.0.0 <2.0.3',
3408 silly audit report       cwe: [Array],
3408 silly audit report       cvss: [Object]
3408 silly audit report     }
3408 silly audit report   ],
3408 silly audit report   'js-yaml': [
3408 silly audit report     {
3408 silly audit report       id: 1112714,
3408 silly audit report       url: 'https://github.com/advisories/GHSA-mh29-5h37-fv8m',
3408 silly audit report       title: 'js-yaml has prototype pollution in merge (<<)',
3408 silly audit report       severity: 'moderate',
3408 silly audit report       vulnerable_versions: '<3.14.2',
3408 silly audit report       cwe: [Array],
3408 silly audit report       cvss: [Object]
3408 silly audit report     },
3408 silly audit report     {
3408 silly audit report       id: 1112715,
3408 silly audit report       url: 'https://github.com/advisories/GHSA-mh29-5h37-fv8m',
3408 silly audit report       title: 'js-yaml has prototype pollution in merge (<<)',
3408 silly audit report       severity: 'moderate',
3408 silly audit report       vulnerable_versions: '>=4.0.0 <4.1.1',
3408 silly audit report       cwe: [Array],
3408 silly audit report       cvss: [Object]
3408 silly audit report     }
3408 silly audit report   ],
3408 silly audit report   minimatch: [
3408 silly audit report     {
3408 silly audit report       id: 1113459,
3408 silly audit report       url: 'https://github.com/advisories/GHSA-3ppc-4f35-3m26',
3408 silly audit report       title: 'minimatch has a ReDoS via repeated wildcards with non-matching literal in pattern',
3408 silly audit report       severity: 'high',
3408 silly audit report       vulnerable_versions: '<3.1.3',
3408 silly audit report       cwe: [Array],
3408 silly audit report       cvss: [Object]
3408 silly audit report     },
3408 silly audit report     {
3408 silly audit report       id: 1113461,
3408 silly audit report       url: 'https://github.com/advisories/GHSA-3ppc-4f35-3m26',
3408 silly audit report       title: 'minimatch has a ReDoS via repeated wildcards with non-matching literal in pattern',
3408 silly audit report       severity: 'high',
3408 silly audit report       vulnerable_versions: '>=5.0.0 <5.1.7',
3408 silly audit report       cwe: [Array],
3408 silly audit report       cvss: [Object]
3408 silly audit report     },
3408 silly audit report     {
3408 silly audit report       id: 1113464,
3408 silly audit report       url: 'https://github.com/advisories/GHSA-3ppc-4f35-3m26',
3408 silly audit report       title: 'minimatch has a ReDoS via repeated wildcards with non-matching literal in pattern',
3408 silly audit report       severity: 'high',
3408 silly audit report       vulnerable_versions: '>=8.0.0 <8.0.5',
3408 silly audit report       cwe: [Array],
3408 silly audit report       cvss: [Object]
3408 silly audit report     },
3408 silly audit report     {
3408 silly audit report       id: 1113465,
3408 silly audit report       url: 'https://github.com/advisories/GHSA-3ppc-4f35-3m26',
3408 silly audit report       title: 'minimatch has a ReDoS via repeated wildcards with non-matching literal in pattern',
3408 silly audit report       severity: 'high',
3408 silly audit report       vulnerable_versions: '>=9.0.0 <9.0.6',
3408 silly audit report       cwe: [Array],
3408 silly audit report       cvss: [Object]
3408 silly audit report     },
3408 silly audit report     {
3408 silly audit report       id: 1113538,
3408 silly audit report       url: 'https://github.com/advisories/GHSA-7r86-cg39-jmmj',
3408 silly audit report       title: 'minimatch has ReDoS: matchOne() combinatorial backtracking via multiple non-adjacent GLOBSTAR segments',
3408 silly audit report       severity: 'high',
3408 silly audit report       vulnerable_versions: '<3.1.3',
3408 silly audit report       cwe: [Array],
3408 silly audit report       cvss: [Object]
3408 silly audit report     },
3408 silly audit report     {
3408 silly audit report       id: 1113540,
3408 silly audit report       url: 'https://github.com/advisories/GHSA-7r86-cg39-jmmj',
3408 silly audit report       title: 'minimatch has ReDoS: matchOne() combinatorial backtracking via multiple non-adjacent GLOBSTAR segments',
3408 silly audit report       severity: 'high',
3408 silly audit report       vulnerable_versions: '>=5.0.0 <5.1.8',
3408 silly audit report       cwe: [Array],
3408 silly audit report       cvss: [Object]
3408 silly audit report     },
3408 silly audit report     {
3408 silly audit report       id: 1113543,
3408 silly audit report       url: 'https://github.com/advisories/GHSA-7r86-cg39-jmmj',
3408 silly audit report       title: 'minimatch has ReDoS: matchOne() combinatorial backtracking via multiple non-adjacent GLOBSTAR segments',
3408 silly audit report       severity: 'high',
3408 silly audit report       vulnerable_versions: '>=8.0.0 <8.0.6',
3408 silly audit report       cwe: [Array],
3408 silly audit report       cvss: [Object]
3408 silly audit report     },
3408 silly audit report     {
3408 silly audit report       id: 1113544,
3408 silly audit report       url: 'https://github.com/advisories/GHSA-7r86-cg39-jmmj',
3408 silly audit report       title: 'minimatch has ReDoS: matchOne() combinatorial backtracking via multiple non-adjacent GLOBSTAR segments',
3408 silly audit report       severity: 'high',
3408 silly audit report       vulnerable_versions: '>=9.0.0 <9.0.7',
3408 silly audit report       cwe: [Array],
3408 silly audit report       cvss: [Object]
3408 silly audit report     },
3408 silly audit report     {
3408 silly audit report       id: 1113546,
3408 silly audit report       url: 'https://github.com/advisories/GHSA-23c5-xmqv-rm74',
3408 silly audit report       title: 'minimatch ReDoS: nested *() extglobs generate catastrophically backtracking regular expressions',
3408 silly audit report       severity: 'high',
3408 silly audit report       vulnerable_versions: '<3.1.4',
3408 silly audit report       cwe: [Array],
3408 silly audit report       cvss: [Object]
3408 silly audit report     },
3408 silly audit report     {
3408 silly audit report       id: 1113548,
3408 silly audit report       url: 'https://github.com/advisories/GHSA-23c5-xmqv-rm74',
3408 silly audit report       title: 'minimatch ReDoS: nested *() extglobs generate catastrophically backtracking regular expressions',
3408 silly audit report       severity: 'high',
3408 silly audit report       vulnerable_versions: '>=5.0.0 <5.1.8',
3408 silly audit report       cwe: [Array],
3408 silly audit report       cvss: [Object]
3408 silly audit report     },
3408 silly audit report     {
3408 silly audit report       id: 1113551,
3408 silly audit report       url: 'https://github.com/advisories/GHSA-23c5-xmqv-rm74',
3408 silly audit report       title: 'minimatch ReDoS: nested *() extglobs generate catastrophically backtracking regular expressions',
3408 silly audit report       severity: 'high',
3408 silly audit report       vulnerable_versions: '>=8.0.0 <8.0.6',
3408 silly audit report       cwe: [Array],
3408 silly audit report       cvss: [Object]
3408 silly audit report     },
3408 silly audit report     {
3408 silly audit report       id: 1113552,
3408 silly audit report       url: 'https://github.com/advisories/GHSA-23c5-xmqv-rm74',
3408 silly audit report       title: 'minimatch ReDoS: nested *() extglobs generate catastrophically backtracking regular expressions',
3408 silly audit report       severity: 'high',
3408 silly audit report       vulnerable_versions: '>=9.0.0 <9.0.7',
3408 silly audit report       cwe: [Array],
3408 silly audit report       cvss: [Object]
3408 silly audit report     }
3408 silly audit report   ],
3408 silly audit report   glob: [
3408 silly audit report     {
3408 silly audit report       id: 1109842,
3408 silly audit report       url: 'https://github.com/advisories/GHSA-5j98-mcp5-4vw2',
3408 silly audit report       title: 'glob CLI: Command injection via -c/--cmd executes matches with shell:true',
3408 silly audit report       severity: 'high',
3408 silly audit report       vulnerable_versions: '>=10.2.0 <10.5.0',
3408 silly audit report       cwe: [Array],
3408 silly audit report       cvss: [Object]
3408 silly audit report     }
3408 silly audit report   ],
3408 silly audit report   '@tootallnate/once': [
3408 silly audit report     {
3408 silly audit report       id: 1113977,
3408 silly audit report       url: 'https://github.com/advisories/GHSA-vpq2-c234-7xj6',
3408 silly audit report       title: '@tootallnate/once vulnerable to Incorrect Control Flow Scoping',
3408 silly audit report       severity: 'low',
3408 silly audit report       vulnerable_versions: '<3.0.1',
3408 silly audit report       cwe: [Array],
3408 silly audit report       cvss: [Object]
3408 silly audit report     }
3408 silly audit report   ],
3408 silly audit report   ajv: [
3408 silly audit report     {
3408 silly audit report       id: 1113714,
3408 silly audit report       url: 'https://github.com/advisories/GHSA-2g4f-4pwh-qvx6',
3408 silly audit report       title: 'ajv has ReDoS when using `$data` option',
3408 silly audit report       severity: 'moderate',
3408 silly audit report       vulnerable_versions: '<6.14.0',
3408 silly audit report       cwe: [Array],
3408 silly audit report       cvss: [Object]
3408 silly audit report     },
3408 silly audit report     {
3408 silly audit report       id: 1113715,
3408 silly audit report       url: 'https://github.com/advisories/GHSA-2g4f-4pwh-qvx6',
3408 silly audit report       title: 'ajv has ReDoS when using `$data` option',
3408 silly audit report       severity: 'moderate',
3408 silly audit report       vulnerable_versions: '>=7.0.0-alpha.0 <8.18.0',
3408 silly audit report       cwe: [Array],
3408 silly audit report       cvss: [Object]
3408 silly audit report     }
3408 silly audit report   ],
3408 silly audit report   axios: [
3408 silly audit report     {
3408 silly audit report       id: 1112195,
3408 silly audit report       url: 'https://github.com/advisories/GHSA-4hjh-wcwx-xvwj',
3408 silly audit report       title: 'Axios is vulnerable to DoS attack through lack of data size check',
3408 silly audit report       severity: 'high',
3408 silly audit report       vulnerable_versions: '>=1.0.0 <1.12.0',
3408 silly audit report       cwe: [Array],
3408 silly audit report       cvss: [Object]
3408 silly audit report     },
3408 silly audit report     {
3408 silly audit report       id: 1113275,
3408 silly audit report       url: 'https://github.com/advisories/GHSA-43fc-jf86-j433',
3408 silly audit report       title: 'Axios is Vulnerable to Denial of Service via __proto__ Key in mergeConfig',
3408 silly audit report       severity: 'high',
3408 silly audit report       vulnerable_versions: '>=1.0.0 <=1.13.4',
3408 silly audit report       cwe: [Array],
3408 silly audit report       cvss: [Object]
3408 silly audit report     },
3408 silly audit report     {
3408 silly audit report       id: 1116673,
3408 silly audit report       url: 'https://github.com/advisories/GHSA-3p68-rc4w-qgx5',
3408 silly audit report       title: 'Axios has a NO_PROXY Hostname Normalization Bypass that Leads to SSRF',
3408 silly audit report       severity: 'moderate',
3408 silly audit report       vulnerable_versions: '>=1.0.0 <1.15.0',
3408 silly audit report       cwe: [Array],
3408 silly audit report       cvss: [Object]
3408 silly audit report     },
3408 silly audit report     {
3408 silly audit report       id: 1116675,
3408 silly audit report       url: 'https://github.com/advisories/GHSA-fvcv-3m26-pcqx',
3408 silly audit report       title: 'Axios has Unrestricted Cloud Metadata Exfiltration via Header Injection Chain',
3408 silly audit report       severity: 'moderate',
3408 silly audit report       vulnerable_versions: '>=1.0.0 <1.15.0',
3408 silly audit report       cwe: [Array],
3408 silly audit report       cvss: [Object]
3408 silly audit report     }
3408 silly audit report   ],
3408 silly audit report   dompurify: [
3408 silly audit report     {
3408 silly audit report       id: 1116663,
3408 silly audit report       url: 'https://github.com/advisories/GHSA-39q2-94rc-95cp',
3408 silly audit report       title: "DOMPurify's ADD_TAGS function form bypasses FORBID_TAGS due to short-circuit evaluation",
3408 silly audit report       severity: 'moderate',
3408 silly audit report       vulnerable_versions: '<=3.3.3',
3408 silly audit report       cwe: [Array],
3408 silly audit report       cvss: [Object]
3408 silly audit report     },
3408 silly audit report     {
3408 silly audit report       id: 1116950,
3408 silly audit report       url: 'https://github.com/advisories/GHSA-h7mw-gpvr-xq4m',
3408 silly audit report       title: 'DOMPurify: FORBID_TAGS bypassed by function-based ADD_TAGS predicate (asymmetry with FORBID_ATTR fix)',
3408 silly audit report       severity: 'moderate',
3408 silly audit report       vulnerable_versions: '<3.4.0',
3408 silly audit report       cwe: [Array],
3408 silly audit report       cvss: [Object]
3408 silly audit report     },
3408 silly audit report     {
3408 silly audit report       id: 1116951,
3408 silly audit report       url: 'https://github.com/advisories/GHSA-crv5-9vww-q3g8',
3408 silly audit report       title: 'DOMPurify has a SAFE_FOR_TEMPLATES bypass in RETURN_DOM mode',
3408 silly audit report       severity: 'moderate',
3408 silly audit report       vulnerable_versions: '>=1.0.10 <3.4.0',
3408 silly audit report       cwe: [Array],
3408 silly audit report       cvss: [Object]
3408 silly audit report     },
3408 silly audit report     {
3408 silly audit report       id: 1116952,
3408 silly audit report       url: 'https://github.com/advisories/GHSA-v9jr-rg53-9pgp',
3408 silly audit report       title: 'DOMPurify: Prototype Pollution to XSS Bypass via CUSTOM_ELEMENT_HANDLING Fallback',
3408 silly audit report       severity: 'moderate',
3408 silly audit report       vulnerable_versions: '>=3.0.1 <3.4.0',
3408 silly audit report       cwe: [Array],
3408 silly audit report       cvss: [Object]
3408 silly audit report     }
3408 silly audit report   ],
3408 silly audit report   flatted: [
3408 silly audit report     {
3408 silly audit report       id: 1114526,
3408 silly audit report       url: 'https://github.com/advisories/GHSA-25h7-pfq9-p65f',
3408 silly audit report       title: 'flatted vulnerable to unbounded recursion DoS in parse() revive phase',
3408 silly audit report       severity: 'high',
3408 silly audit report       vulnerable_versions: '<3.4.0',
3408 silly audit report       cwe: [Array],
3408 silly audit report       cvss: [Object]
3408 silly audit report     },
3408 silly audit report     {
3408 silly audit report       id: 1115357,
3408 silly audit report       url: 'https://github.com/advisories/GHSA-rf6f-7fwh-wjgh',
3408 silly audit report       title: 'Prototype Pollution via parse() in NodeJS flatted',
3408 silly audit report       severity: 'high',
3408 silly audit report       vulnerable_versions: '<=3.4.1',
3408 silly audit report       cwe: [Array],
3408 silly audit report       cvss: [Object]
3408 silly audit report     }
3408 silly audit report   ],
3408 silly audit report   'follow-redirects': [
3408 silly audit report     {
3408 silly audit report       id: 1116560,
3408 silly audit report       url: 'https://github.com/advisories/GHSA-r4q5-vmmm-2653',
3408 silly audit report       title: 'follow-redirects leaks Custom Authentication Headers to Cross-Domain Redirect Targets',
3408 silly audit report       severity: 'moderate',
3408 silly audit report       vulnerable_versions: '<=1.15.11',
3408 silly audit report       cwe: [Array],
3408 silly audit report       cvss: [Object]
3408 silly audit report     }
3408 silly audit report   ],
3408 silly audit report   'http-proxy-middleware': [
3408 silly audit report     {
3408 silly audit report       id: 1104105,
3408 silly audit report       url: 'https://github.com/advisories/GHSA-9gqv-wp59-fq42',
3408 silly audit report       title: 'http-proxy-middleware allows fixRequestBody to proceed even if bodyParser has failed',
3408 silly audit report       severity: 'moderate',
3408 silly audit report       vulnerable_versions: '>=1.3.0 <2.0.9',
3408 silly audit report       cwe: [Array],
3408 silly audit report       cvss: [Object]
3408 silly audit report     },
3408 silly audit report     {
3408 silly audit report       id: 1104106,
3408 silly audit report       url: 'https://github.com/advisories/GHSA-4www-5p9h-95mh',
3408 silly audit report       title: 'http-proxy-middleware can call writeBody twice because "else if" is not used',
3408 silly audit report       severity: 'moderate',
3408 silly audit report       vulnerable_versions: '>=1.3.0 <2.0.8',
3408 silly audit report       cwe: [Array],
3408 silly audit report       cvss: [Object]
3408 silly audit report     }
3408 silly audit report   ],
3408 silly audit report   immutable: [
3408 silly audit report     {
3408 silly audit report       id: 1117068,
3408 silly audit report       url: 'https://github.com/advisories/GHSA-wf6x-7x77-mvgw',
3408 silly audit report       title: 'Immutable is vulnerable to Prototype Pollution',
3408 silly audit report       severity: 'high',
3408 silly audit report       vulnerable_versions: '>=5.0.0 <5.1.5',
3408 silly audit report       cwe: [Array],
3408 silly audit report       cvss: [Object]
3408 silly audit report     }
3408 silly audit report   ],
3408 silly audit report   jsonpath: [
3408 silly audit report     {
3408 silly audit report       id: 1112974,
3408 silly audit report       url: 'https://github.com/advisories/GHSA-6c59-mwgh-r2x6',
3408 silly audit report       title: 'JSONPath vulnerable to Prototype Pollution due to insufficient input validation of object keys in lib/index.js',
3408 silly audit report       severity: 'moderate',
3408 silly audit report       vulnerable_versions: '<1.2.0',
3408 silly audit report       cwe: [Array],
3408 silly audit report       cvss: [Object]
3408 silly audit report     },
3408 silly audit report     {
3408 silly audit report       id: 1114914,
3408 silly audit report       url: 'https://github.com/advisories/GHSA-87r5-mp6g-5w5j',
3408 silly audit report       title: 'jsonpath has Arbitrary Code Injection via Unsafe Evaluation of JSON Path Expressions',
3408 silly audit report       severity: 'high',
3408 silly audit report       vulnerable_versions: '<=1.2.1',
3408 silly audit report       cwe: [Array],
3408 silly audit report       cvss: [Object]
3408 silly audit report     }
3408 silly audit report   ],
3408 silly audit report   jspdf: [
3408 silly audit report     {
3408 silly audit report       id: 1114950,
3408 silly audit report       url: 'https://github.com/advisories/GHSA-7x6v-j9x4-qf24',
3408 silly audit report       title: 'jsPDF has a PDF Object Injection via FreeText color',
3408 silly audit report       severity: 'high',
3408 silly audit report       vulnerable_versions: '<=4.2.0',
3408 silly audit report       cwe: [Array],
3408 silly audit report       cvss: [Object]
3408 silly audit report     },
3408 silly audit report     {
3408 silly audit report       id: 1114974,
3408 silly audit report       url: 'https://github.com/advisories/GHSA-wfv2-pwc8-crg5',
3408 silly audit report       title: 'jsPDF has HTML Injection in New Window paths',
3408 silly audit report       severity: 'critical',
3408 silly audit report       vulnerable_versions: '<=4.2.0',
3408 silly audit report       cwe: [Array],
3408 silly audit report       cvss: [Object]
3408 silly audit report     }
3408 silly audit report   ],
3408 silly audit report   lodash: [
3408 silly audit report     {
3408 silly audit report       id: 1112455,
3408 silly audit report       url: 'https://github.com/advisories/GHSA-xxjr-mmjv-4gpg',
3408 silly audit report       title: 'Lodash has Prototype Pollution Vulnerability in `_.unset` and `_.omit` functions',
3408 silly audit report       severity: 'moderate',
3408 silly audit report       vulnerable_versions: '>=4.0.0 <=4.17.22',
3408 silly audit report       cwe: [Array],
3408 silly audit report       cvss: [Object]
3408 silly audit report     },
3408 silly audit report     {
3408 silly audit report       id: 1115806,
3408 silly audit report       url: 'https://github.com/advisories/GHSA-r5fr-rjxr-66jc',
3408 silly audit report       title: 'lodash vulnerable to Code Injection via `_.template` imports key names',
3408 silly audit report       severity: 'high',
3408 silly audit report       vulnerable_versions: '>=4.0.0 <=4.17.23',
3408 silly audit report       cwe: [Array],
3408 silly audit report       cvss: [Object]
3408 silly audit report     },
3408 silly audit report     {
3408 silly audit report       id: 1115810,
3408 silly audit report       url: 'https://github.com/advisories/GHSA-f23m-r3pf-42rh',
3408 silly audit report       title: 'lodash vulnerable to Prototype Pollution via array path bypass in `_.unset` and `_.omit`',
3408 silly audit report       severity: 'moderate',
3408 silly audit report       vulnerable_versions: '<=4.17.23',
3408 silly audit report       cwe: [Array],
3408 silly audit report       cvss: [Object]
3408 silly audit report     }
3408 silly audit report   ],
3408 silly audit report   'node-forge': [
3408 silly audit report     {
3408 silly audit report       id: 1110996,
3408 silly audit report       url: 'https://github.com/advisories/GHSA-554w-wpv2-vw27',
3408 silly audit report       title: 'node-forge has ASN.1 Unbounded Recursion',
3408 silly audit report       severity: 'high',
3408 silly audit report       vulnerable_versions: '<1.3.2',
3408 silly audit report       cwe: [Array],
3408 silly audit report       cvss: [Object]
3408 silly audit report     },
3408 silly audit report     {
3408 silly audit report       id: 1110998,
3408 silly audit report       url: 'https://github.com/advisories/GHSA-5gfm-wpxj-wjgq',
3408 silly audit report       title: 'node-forge has an Interpretation Conflict vulnerability via its ASN.1 Validator Desynchronization',
3408 silly audit report       severity: 'high',
3408 silly audit report       vulnerable_versions: '<1.3.2',
3408 silly audit report       cwe: [Array],
3408 silly audit report       cvss: [Object]
3408 silly audit report     },
3408 silly audit report     {
3408 silly audit report       id: 1111068,
3408 silly audit report       url: 'https://github.com/advisories/GHSA-65ch-62r8-g69g',
3408 silly audit report       title: 'node-forge is vulnerable to ASN.1 OID Integer Truncation',
3408 silly audit report       severity: 'moderate',
3408 silly audit report       vulnerable_versions: '<1.3.2',
3408 silly audit report       cwe: [Array],
3408 silly audit report       cvss: [Object]
3408 silly audit report     },
3408 silly audit report     {
3408 silly audit report       id: 1115545,
3408 silly audit report       url: 'https://github.com/advisories/GHSA-2328-f5f3-gj25',
3408 silly audit report       title: 'Forge has a basicConstraints bypass in its certificate chain verification (RFC 5280 violation)',
3408 silly audit report       severity: 'high',
3408 silly audit report       vulnerable_versions: '<=1.3.3',
3408 silly audit report       cwe: [Array],
3408 silly audit report       cvss: [Object]
3408 silly audit report     },
3408 silly audit report     {
3408 silly audit report       id: 1115546,
3408 silly audit report       url: 'https://github.com/advisories/GHSA-q67f-28xg-22rw',
3408 silly audit report       title: 'Forge has signature forgery in Ed25519 due to missing S > L check',
3408 silly audit report       severity: 'high',
3408 silly audit report       vulnerable_versions: '<1.4.0',
3408 silly audit report       cwe: [Array],
3408 silly audit report       cvss: [Object]
3408 silly audit report     },
3408 silly audit report     {
3408 silly audit report       id: 1115548,
3408 silly audit report       url: 'https://github.com/advisories/GHSA-5m6q-g25r-mvwx',
3408 silly audit report       title: 'Forge has Denial of Service via Infinite Loop in BigInteger.modInverse() with Zero Input',
3408 silly audit report       severity: 'high',
3408 silly audit report       vulnerable_versions: '<1.4.0',
3408 silly audit report       cwe: [Array],
3408 silly audit report       cvss: [Object]
3408 silly audit report     },
3408 silly audit report     {
3408 silly audit report       id: 1115612,
3408 silly audit report       url: 'https://github.com/advisories/GHSA-ppp5-5v6c-4jwp',
3408 silly audit report       title: 'Forge has signature forgery in RSA-PKCS due to ASN.1 extra field  ',
3408 silly audit report       severity: 'high',
3408 silly audit report       vulnerable_versions: '<1.4.0',
3408 silly audit report       cwe: [Array],
3408 silly audit report       cvss: [Object]
3408 silly audit report     }
3408 silly audit report   ],
3408 silly audit report   'nth-check': [
3408 silly audit report     {
3408 silly audit report       id: 1095141,
3408 silly audit report       url: 'https://github.com/advisories/GHSA-rp65-9cf3-cjxr',
3408 silly audit report       title: 'Inefficient Regular Expression Complexity in nth-check',
3408 silly audit report       severity: 'high',
3408 silly audit report       vulnerable_versions: '<2.0.1',
3408 silly audit report       cwe: [Array],
3408 silly audit report       cvss: [Object]
3408 silly audit report     }
3408 silly audit report   ],
3408 silly audit report   'on-headers': [
3408 silly audit report     {
3408 silly audit report       id: 1106812,
3408 silly audit report       url: 'https://github.com/advisories/GHSA-76c9-3jph-rj3q',
3408 silly audit report       title: 'on-headers is vulnerable to http response header manipulation',
3408 silly audit report       severity: 'low',
3408 silly audit report       vulnerable_versions: '<1.1.0',
3408 silly audit report       cwe: [Array],
3408 silly audit report       cvss: [Object]
3408 silly audit report     }
3408 silly audit report   ],
3408 silly audit report   'path-to-regexp': [
3408 silly audit report     {
3408 silly audit report       id: 1115527,
3408 silly audit report       url: 'https://github.com/advisories/GHSA-37ch-88jc-xwx2',
3408 silly audit report       title: 'path-to-regexp vulnerable to Regular Expression Denial of Service via multiple route parameters',
3408 silly audit report       severity: 'high',
3408 silly audit report       vulnerable_versions: '<0.1.13',
3408 silly audit report       cwe: [Array],
3408 silly audit report       cvss: [Object]
3408 silly audit report     }
3408 silly audit report   ],
3408 silly audit report   picomatch: [
3408 silly audit report     {
3408 silly audit report       id: 1115549,
3408 silly audit report       url: 'https://github.com/advisories/GHSA-3v7f-55p6-f55p',
3408 silly audit report       title: 'Picomatch: Method Injection in POSIX Character Classes causes incorrect Glob Matching',
3408 silly audit report       severity: 'moderate',
3408 silly audit report       vulnerable_versions: '<2.3.2',
3408 silly audit report       cwe: [Array],
3408 silly audit report       cvss: [Object]
3408 silly audit report     },
3408 silly audit report     {
3408 silly audit report       id: 1115552,
3408 silly audit report       url: 'https://github.com/advisories/GHSA-c2c7-rcm5-vvqj',
3408 silly audit report       title: 'Picomatch has a ReDoS vulnerability via extglob quantifiers',
3408 silly audit report       severity: 'high',
3408 silly audit report       vulnerable_versions: '<2.3.2',
3408 silly audit report       cwe: [Array],
3408 silly audit report       cvss: [Object]
3408 silly audit report     }
3408 silly audit report   ],
3408 silly audit report   postcss: [
3408 silly audit report     {
3408 silly audit report       id: 1109574,
3408 silly audit report       url: 'https://github.com/advisories/GHSA-7fh5-64p2-3v2j',
3408 silly audit report       title: 'PostCSS line return parsing error',
3408 silly audit report       severity: 'moderate',
3408 silly audit report       vulnerable_versions: '<8.4.31',
3408 silly audit report       cwe: [Array],
3408 silly audit report       cvss: [Object]
3408 silly audit report     },
3408 silly audit report     {
3408 silly audit report       id: 1117015,
3408 silly audit report       url: 'https://github.com/advisories/GHSA-qx2v-qp2m-jg93',
3408 silly audit report       title: 'PostCSS has XSS via Unescaped </style> in its CSS Stringify Output',
3408 silly audit report       severity: 'moderate',
3408 silly audit report       vulnerable_versions: '<8.5.10',
3408 silly audit report       cwe: [Array],
3408 silly audit report       cvss: [Object]
3408 silly audit report     }
3408 silly audit report   ],
3408 silly audit report   yaml: [
3408 silly audit report     {
3408 silly audit report       id: 1115555,
3408 silly audit report       url: 'https://github.com/advisories/GHSA-48c2-rrv3-qjmp',
3408 silly audit report       title: 'yaml is vulnerable to Stack Overflow via deeply nested YAML collections',
3408 silly audit report       severity: 'moderate',
3408 silly audit report       vulnerable_versions: '>=1.0.0 <1.10.3',
3408 silly audit report       cwe: [Array],
3408 silly audit report       cvss: [Object]
3408 silly audit report     },
3408 silly audit report     {
3408 silly audit report       id: 1115556,
3408 silly audit report       url: 'https://github.com/advisories/GHSA-48c2-rrv3-qjmp',
3408 silly audit report       title: 'yaml is vulnerable to Stack Overflow via deeply nested YAML collections',
3408 silly audit report       severity: 'moderate',
3408 silly audit report       vulnerable_versions: '>=2.0.0 <2.8.3',
3408 silly audit report       cwe: [Array],
3408 silly audit report       cvss: [Object]
3408 silly audit report     }
3408 silly audit report   ],
3408 silly audit report   svgo: [
3408 silly audit report     {
3408 silly audit report       id: 1114152,
3408 silly audit report       url: 'https://github.com/advisories/GHSA-xpqw-6gx7-v673',
3408 silly audit report       title: 'SVGO DoS through entity expansion in DOCTYPE (Billion Laughs)',
3408 silly audit report       severity: 'high',
3408 silly audit report       vulnerable_versions: '>=2.1.0 <2.8.1',
3408 silly audit report       cwe: [Array],
3408 silly audit report       cvss: [Object]
3408 silly audit report     }
3408 silly audit report   ],
3408 silly audit report   protobufjs: [
3408 silly audit report     {
3408 silly audit report       id: 1117042,
3408 silly audit report       url: 'https://github.com/advisories/GHSA-xq3m-2v4x-88gg',
3408 silly audit report       title: 'Arbitrary code execution in protobufjs',
3408 silly audit report       severity: 'critical',
3408 silly audit report       vulnerable_versions: '<7.5.5',
3408 silly audit report       cwe: [Array],
3408 silly audit report       cvss: [Object]
3408 silly audit report     }
3408 silly audit report   ],
3408 silly audit report   'react-router': [
3408 silly audit report     {
3408 silly audit report       id: 1104043,
3408 silly audit report       url: 'https://github.com/advisories/GHSA-f46r-rw29-r322',
3408 silly audit report       title: 'React Router allows a DoS via cache poisoning by forcing SPA mode',
3408 silly audit report       severity: 'high',
3408 silly audit report       vulnerable_versions: '>=7.2.0 <=7.5.1',
3408 silly audit report       cwe: [Array],
3408 silly audit report       cvss: [Object]
3408 silly audit report     },
3408 silly audit report     {
3408 silly audit report       id: 1112051,
3408 silly audit report       url: 'https://github.com/advisories/GHSA-h5cw-625j-3rxh',
3408 silly audit report       title: 'React Router has CSRF issue in Action/Server Action Request Processing',
3408 silly audit report       severity: 'moderate',
3408 silly audit report       vulnerable_versions: '>=7.0.0 <=7.11.0',
3408 silly audit report       cwe: [Array],
3408 silly audit report       cvss: [Object]
3408 silly audit report     },
3408 silly audit report     {
3408 silly audit report       id: 1112053,
3408 silly audit report       url: 'https://github.com/advisories/GHSA-2w69-qvjg-hvjx',
3408 silly audit report       title: 'React Router vulnerable to XSS via Open Redirects',
3408 silly audit report       severity: 'high',
3408 silly audit report       vulnerable_versions: '>=7.0.0 <=7.11.0',
3408 silly audit report       cwe: [Array],
3408 silly audit report       cvss: [Object]
3408 silly audit report     },
3408 silly audit report     {
3408 silly audit report       id: 1112055,
3408 silly audit report       url: 'https://github.com/advisories/GHSA-8v8x-cx79-35w7',
3408 silly audit report       title: 'React Router SSR XSS in ScrollRestoration',
3408 silly audit report       severity: 'high',
3408 silly audit report       vulnerable_versions: '>=7.0.0 <7.12.0',
3408 silly audit report       cwe: [Array],
3408 silly audit report       cvss: [Object]
3408 silly audit report     },
3408 silly audit report     {
3408 silly audit report       id: 1112056,
3408 silly audit report       url: 'https://github.com/advisories/GHSA-9jcx-v3wj-wh4m',
3408 silly audit report       title: 'React Router has unexpected external redirect via untrusted paths',
3408 silly audit report       severity: 'moderate',
3408 silly audit report       vulnerable_versions: '>=7.0.0 <7.9.6',
3408 silly audit report       cwe: [Array],
3408 silly audit report       cvss: [Object]
3408 silly audit report     },
3408 silly audit report     {
3408 silly audit report       id: 1112062,
3408 silly audit report       url: 'https://github.com/advisories/GHSA-3cgp-3xvw-98x8',
3408 silly audit report       title: 'React Router has XSS Vulnerability',
3408 silly audit report       severity: 'high',
3408 silly audit report       vulnerable_versions: '>=7.0.0 <=7.8.2',
3408 silly audit report       cwe: [Array],
3408 silly audit report       cvss: [Object]
3408 silly audit report     },
3408 silly audit report     {
3408 silly audit report       id: 1112266,
3408 silly audit report       url: 'https://github.com/advisories/GHSA-cpj6-fhp6-mr6j',
3408 silly audit report       title: 'React Router allows pre-render data spoofing on React-Router framework mode',
3408 silly audit report       severity: 'high',
3408 silly audit report       vulnerable_versions: '>=7.0.0-pre.0 <=7.5.1',
3408 silly audit report       cwe: [Array],
3408 silly audit report       cvss: [Object]
3408 silly audit report     }
3408 silly audit report   ],
3408 silly audit report   rollup: [
3408 silly audit report     {
3408 silly audit report       id: 1113517,
3408 silly audit report       url: 'https://github.com/advisories/GHSA-mw96-cpmx-2vgc',
3408 silly audit report       title: 'Rollup 4 has Arbitrary File Write via Path Traversal',
3408 silly audit report       severity: 'high',
3408 silly audit report       vulnerable_versions: '<2.80.0',
3408 silly audit report       cwe: [Array],
3408 silly audit report       cvss: [Object]
3408 silly audit report     }
3408 silly audit report   ],
3408 silly audit report   'serialize-javascript': [
3408 silly audit report     {
3408 silly audit report       id: 1113686,
3408 silly audit report       url: 'https://github.com/advisories/GHSA-5c6j-r48x-rmvq',
3408 silly audit report       title: 'Serialize JavaScript is Vulnerable to RCE via RegExp.flags and Date.prototype.toISOString()',
3408 silly audit report       severity: 'high',
3408 silly audit report       vulnerable_versions: '<=7.0.2',
3408 silly audit report       cwe: [Array],
3408 silly audit report       cvss: [Object]
3408 silly audit report     },
3408 silly audit report     {
3408 silly audit report       id: 1115723,
3408 silly audit report       url: 'https://github.com/advisories/GHSA-qj8w-gfj5-8c6v',
3408 silly audit report       title: 'Serialize JavaScript has CPU Exhaustion Denial of Service via crafted array-like objects',
3408 silly audit report       severity: 'moderate',
3408 silly audit report       vulnerable_versions: '<7.0.5',
3408 silly audit report       cwe: [Array],
3408 silly audit report       cvss: [Object]
3408 silly audit report     }
3408 silly audit report   ],
3408 silly audit report   tmp: [
3408 silly audit report     {
3408 silly audit report       id: 1109537,
3408 silly audit report       url: 'https://github.com/advisories/GHSA-52f5-9888-hmc6',
3408 silly audit report       title: 'tmp allows arbitrary temporary file / directory write via symbolic link `dir` parameter',
3408 silly audit report       severity: 'low',
3408 silly audit report       vulnerable_versions: '<=0.2.3',
3408 silly audit report       cwe: [Array],
3408 silly audit report       cvss: [Object]
3408 silly audit report     }
3408 silly audit report   ],
3408 silly audit report   underscore: [
3408 silly audit report     {
3408 silly audit report       id: 1113950,
3408 silly audit report       url: 'https://github.com/advisories/GHSA-qpx9-hpmf-5gmw',
3408 silly audit report       title: 'Underscore has unlimited recursion in _.flatten and _.isEqual, potential for DoS attack',
3408 silly audit report       severity: 'high',
3408 silly audit report       vulnerable_versions: '<=1.13.7',
3408 silly audit report       cwe: [Array],
3408 silly audit report       cvss: [Object]
3408 silly audit report     }
3408 silly audit report   ],
3408 silly audit report   webpack: [
3408 silly audit report     {
3408 silly audit report       id: 1113041,
3408 silly audit report       url: 'https://github.com/advisories/GHSA-8fgc-7cc6-rx7x',
3408 silly audit report       title: 'webpack buildHttp: allowedUris allow-list bypass via URL userinfo (@) leading to build-time SSRF behavior',
3408 silly audit report       severity: 'low',
3408 silly audit report       vulnerable_versions: '>=5.49.0 <=5.104.0',
3408 silly audit report       cwe: [Array],
3408 silly audit report       cvss: [Object]
3408 silly audit report     },
3408 silly audit report     {
3408 silly audit report       id: 1113042,
3408 silly audit report       url: 'https://github.com/advisories/GHSA-38r7-794h-5758',
3408 silly audit report       title: 'webpack buildHttp HttpUriPlugin allowedUris bypass via HTTP redirects → SSRF + cache persistence',
3408 silly audit report       severity: 'low',
3408 silly audit report       vulnerable_versions: '>=5.49.0 <5.104.0',
3408 silly audit report       cwe: [Array],
3408 silly audit report       cvss: [Object]
3408 silly audit report     }
3408 silly audit report   ],
3408 silly audit report   'webpack-dev-server': [
3408 silly audit report     {
3408 silly audit report       id: 1108429,
3408 silly audit report       url: 'https://github.com/advisories/GHSA-9jgg-88mc-972h',
3408 silly audit report       title: "webpack-dev-server users' source code may be stolen when they access a malicious web site with non-Chromium based browser",
3408 silly audit report       severity: 'moderate',
3408 silly audit report       vulnerable_versions: '<=5.2.0',
3408 silly audit report       cwe: [Array],
3408 silly audit report       cvss: [Object]
3408 silly audit report     },
3408 silly audit report     {
3408 silly audit report       id: 1108430,
3408 silly audit report       url: 'https://github.com/advisories/GHSA-4v9v-hfq4-rm2v',
3408 silly audit report       title: "webpack-dev-server users' source code may be stolen when they access a malicious web site",
3408 silly audit report       severity: 'moderate',
3408 silly audit report       vulnerable_versions: '<=5.2.0',
3408 silly audit report       cwe: [Array],
3408 silly audit report       cvss: [Object]
3408 silly audit report     }
3408 silly audit report   ]
3408 silly audit report }
3409 silly packumentCache corgi:https://registry.npmjs.org/@babel%2fhelpers cache-miss
3410 silly packumentCache corgi:https://registry.npmjs.org/form-data cache-miss
3411 silly packumentCache corgi:https://registry.npmjs.org/qs cache-miss
3412 silly packumentCache corgi:https://registry.npmjs.org/uuid cache-miss
3413 silly packumentCache corgi:https://registry.npmjs.org/brace-expansion cache-miss
3414 silly packumentCache corgi:https://registry.npmjs.org/js-yaml cache-miss
3415 silly packumentCache corgi:https://registry.npmjs.org/minimatch cache-miss
3416 silly packumentCache corgi:https://registry.npmjs.org/glob cache-miss
3417 silly packumentCache corgi:https://registry.npmjs.org/@tootallnate%2fonce cache-miss
3418 silly packumentCache corgi:https://registry.npmjs.org/ajv cache-miss
3419 silly packumentCache corgi:https://registry.npmjs.org/axios cache-miss
3420 silly packumentCache corgi:https://registry.npmjs.org/dompurify cache-miss
3421 silly packumentCache corgi:https://registry.npmjs.org/flatted cache-miss
3422 silly packumentCache corgi:https://registry.npmjs.org/follow-redirects cache-miss
3423 silly packumentCache corgi:https://registry.npmjs.org/http-proxy-middleware cache-miss
3424 silly packumentCache corgi:https://registry.npmjs.org/immutable cache-miss
3425 silly packumentCache corgi:https://registry.npmjs.org/jsonpath cache-miss
3426 silly packumentCache corgi:https://registry.npmjs.org/jspdf cache-miss
3427 silly packumentCache corgi:https://registry.npmjs.org/lodash cache-miss
3428 silly packumentCache corgi:https://registry.npmjs.org/node-forge cache-miss
3429 silly packumentCache corgi:https://registry.npmjs.org/nth-check cache-miss
3430 silly packumentCache corgi:https://registry.npmjs.org/on-headers cache-miss
3431 silly packumentCache corgi:https://registry.npmjs.org/path-to-regexp cache-miss
3432 silly packumentCache corgi:https://registry.npmjs.org/picomatch cache-miss
3433 silly packumentCache corgi:https://registry.npmjs.org/postcss cache-miss
3434 silly packumentCache corgi:https://registry.npmjs.org/yaml cache-miss
3435 silly packumentCache corgi:https://registry.npmjs.org/svgo cache-miss
3436 silly packumentCache corgi:https://registry.npmjs.org/protobufjs cache-miss
3437 silly packumentCache corgi:https://registry.npmjs.org/react-router cache-miss
3438 silly packumentCache corgi:https://registry.npmjs.org/rollup cache-miss
3439 silly packumentCache corgi:https://registry.npmjs.org/serialize-javascript cache-miss
3440 silly packumentCache corgi:https://registry.npmjs.org/tmp cache-miss
3441 silly packumentCache corgi:https://registry.npmjs.org/underscore cache-miss
3442 silly packumentCache corgi:https://registry.npmjs.org/webpack cache-miss
3443 silly packumentCache corgi:https://registry.npmjs.org/webpack-dev-server cache-miss
3444 http fetch GET 200 https://registry.npmjs.org/wrap-ansi/-/wrap-ansi-7.0.0.tgz 770ms (cache miss)
3445 http fetch GET 200 https://registry.npmjs.org/workbox-sw/-/workbox-sw-6.6.0.tgz 868ms (cache miss)
3446 http fetch GET 200 https://registry.npmjs.org/wrap-ansi/-/wrap-ansi-7.0.0.tgz 989ms (cache miss)
3447 http fetch GET 200 https://registry.npmjs.org/write-file-atomic/-/write-file-atomic-3.0.3.tgz 1003ms (cache miss)
3448 http fetch GET 200 https://registry.npmjs.org/wrappy/-/wrappy-1.0.2.tgz 1005ms (cache miss)
3449 http fetch GET 200 https://registry.npmjs.org/yocto-queue/-/yocto-queue-0.1.0.tgz 1011ms (cache miss)
3450 http fetch GET 200 https://registry.npmjs.org/yallist/-/yallist-3.1.1.tgz 1015ms (cache miss)
3451 http fetch GET 200 https://registry.npmjs.org/xml-name-validator/-/xml-name-validator-3.0.0.tgz 1038ms (cache miss)
3452 http fetch GET 200 https://registry.npmjs.org/yauzl/-/yauzl-2.10.0.tgz 1056ms (cache miss)
3453 http fetch GET 200 https://registry.npmjs.org/y18n/-/y18n-5.0.8.tgz 1066ms (cache miss)
3454 http fetch GET 200 https://registry.npmjs.org/word-wrap/-/word-wrap-1.2.5.tgz 1112ms (cache miss)
3455 http fetch GET 200 https://registry.npmjs.org/whatwg-encoding/-/whatwg-encoding-1.0.5.tgz 1257ms (cache miss)
3456 http fetch GET 200 https://registry.npmjs.org/whatwg-mimetype/-/whatwg-mimetype-2.3.0.tgz 1278ms (cache miss)
3457 http fetch GET 200 https://registry.npmjs.org/which/-/which-2.0.2.tgz 1284ms (cache miss)
3458 http fetch GET 200 https://registry.npmjs.org/webidl-conversions/-/webidl-conversions-6.1.0.tgz 1311ms (cache miss)
3459 http fetch GET 200 https://registry.npmjs.org/yargs-parser/-/yargs-parser-20.2.9.tgz 1335ms (cache miss)
3460 http fetch GET 200 https://registry.npmjs.org/wbuf/-/wbuf-1.7.3.tgz 1323ms (cache miss)
3461 http fetch GET 200 https://registry.npmjs.org/whatwg-fetch/-/whatwg-fetch-3.6.20.tgz 1340ms (cache miss)
3462 http fetch GET 200 https://registry.npmjs.org/vary/-/vary-1.1.2.tgz 1350ms (cache miss)
3463 http fetch GET 200 https://registry.npmjs.org/walker/-/walker-1.0.8.tgz 1367ms (cache miss)
3464 http fetch GET 200 https://registry.npmjs.org/which-builtin-type/-/which-builtin-type-1.2.1.tgz 1372ms (cache miss)
3465 http fetch GET 200 https://registry.npmjs.org/which-typed-array/-/which-typed-array-1.1.18.tgz 1373ms (cache miss)
3466 http fetch GET 200 https://registry.npmjs.org/utils-merge/-/utils-merge-1.0.1.tgz 1395ms (cache miss)
3467 http fetch GET 200 https://registry.npmjs.org/w3c-xmlserializer/-/w3c-xmlserializer-2.0.0.tgz 1403ms (cache miss)
3468 http fetch GET 200 https://registry.npmjs.org/utila/-/utila-0.4.0.tgz 1402ms (cache miss)
3469 http fetch GET 200 https://registry.npmjs.org/xmlchars/-/xmlchars-2.2.0.tgz 1425ms (cache miss)
3470 http fetch GET 200 https://registry.npmjs.org/which-collection/-/which-collection-1.0.2.tgz 1434ms (cache miss)
3471 http fetch GET 200 https://registry.npmjs.org/unquote/-/unquote-1.1.1.tgz 1428ms (cache miss)
3472 http fetch GET 200 https://registry.npmjs.org/untildify/-/untildify-4.0.0.tgz 1439ms (cache miss)
3473 http fetch GET 200 https://registry.npmjs.org/unpipe/-/unpipe-1.0.0.tgz 1441ms (cache miss)
3474 http fetch GET 200 https://registry.npmjs.org/unicode-property-aliases-ecmascript/-/unicode-property-aliases-ecmascript-2.1.0.tgz 1449ms (cache miss)
3475 http fetch GET 200 https://registry.npmjs.org/util-deprecate/-/util-deprecate-1.0.2.tgz 1470ms (cache miss)
3476 http fetch GET 200 https://registry.npmjs.org/unicode-canonical-property-names-ecmascript/-/unicode-canonical-property-names-ecmascript-2.0.1.tgz 1470ms (cache miss)
3477 http fetch GET 200 https://registry.npmjs.org/upath/-/upath-1.2.0.tgz 1472ms (cache miss)
3478 http fetch GET 200 https://registry.npmjs.org/universalify/-/universalify-2.0.1.tgz 1481ms (cache miss)
3479 http fetch GET 200 https://registry.npmjs.org/which-boxed-primitive/-/which-boxed-primitive-1.1.1.tgz 1493ms (cache miss)
3480 http fetch GET 200 https://registry.npmjs.org/unicode-match-property-value-ecmascript/-/unicode-match-property-value-ecmascript-2.2.0.tgz 1491ms (cache miss)
3481 http fetch GET 200 https://registry.npmjs.org/unique-string/-/unique-string-2.0.0.tgz 1491ms (cache miss)
3482 http fetch GET 200 https://registry.npmjs.org/unicode-match-property-ecmascript/-/unicode-match-property-ecmascript-2.0.0.tgz 1491ms (cache miss)
3483 http fetch GET 200 https://registry.npmjs.org/watchpack/-/watchpack-2.4.2.tgz 1534ms (cache miss)
3484 http fetch GET 200 https://registry.npmjs.org/type-is/-/type-is-1.6.18.tgz 1534ms (cache miss)
3485 http fetch GET 200 https://registry.npmjs.org/update-browserslist-db/-/update-browserslist-db-1.1.3.tgz 1541ms (cache miss)
3486 http fetch GET 200 https://registry.npmjs.org/w3c-hr-time/-/w3c-hr-time-1.0.2.tgz 1557ms (cache miss)
3487 http fetch GET 200 https://registry.npmjs.org/ws/-/ws-7.5.10.tgz 1568ms (cache miss)
3488 http fetch GET 200 https://registry.npmjs.org/typed-array-byte-offset/-/typed-array-byte-offset-1.0.4.tgz 1588ms (cache miss)
3489 warn deprecated w3c-hr-time@1.0.2: Use your platform's native performance.now() and performance.timeOrigin.
3490 http fetch GET 200 https://registry.npmjs.org/typed-array-buffer/-/typed-array-buffer-1.0.3.tgz 1601ms (cache miss)
3491 http fetch GET 200 https://registry.npmjs.org/url-loader/-/url-loader-4.1.1.tgz 1609ms (cache miss)
3492 http fetch GET 200 https://registry.npmjs.org/tunnel-agent/-/tunnel-agent-0.6.0.tgz 1612ms (cache miss)
3493 http fetch GET 200 https://registry.npmjs.org/type-detect/-/type-detect-4.0.8.tgz 1626ms (cache miss)
3494 http fetch GET 200 https://registry.npmjs.org/turbo-stream/-/turbo-stream-2.4.0.tgz 1623ms (cache miss)
3495 http fetch GET 200 https://registry.npmjs.org/typedarray-to-buffer/-/typedarray-to-buffer-3.1.5.tgz 1641ms (cache miss)
3496 http fetch GET 200 https://registry.npmjs.org/type-check/-/type-check-0.4.0.tgz 1658ms (cache miss)
3497 http fetch GET 200 https://registry.npmjs.org/webpack-manifest-plugin/-/webpack-manifest-plugin-4.1.1.tgz 1667ms (cache miss)
3498 http fetch GET 200 https://registry.npmjs.org/ts-interface-checker/-/ts-interface-checker-0.1.13.tgz 1657ms (cache miss)
3499 http fetch GET 200 https://registry.npmjs.org/url-parse/-/url-parse-1.5.10.tgz 1675ms (cache miss)
3500 http fetch GET 200 https://registry.npmjs.org/tmpl/-/tmpl-1.0.5.tgz 1672ms (cache miss)
3501 http fetch GET 200 https://registry.npmjs.org/tree-kill/-/tree-kill-1.2.2.tgz 1682ms (cache miss)
3502 http fetch GET 200 https://registry.npmjs.org/verror/-/verror-1.10.0.tgz 1694ms (cache miss)
3503 http fetch GET 200 https://registry.npmjs.org/to-regex-range/-/to-regex-range-5.0.1.tgz 1683ms (cache miss)
3504 http fetch GET 200 https://registry.npmjs.org/tmp/-/tmp-0.2.3.tgz 1682ms (cache miss)
3505 http fetch GET 200 https://registry.npmjs.org/toidentifier/-/toidentifier-1.0.1.tgz 1694ms (cache miss)
3506 http fetch GET 200 https://registry.npmjs.org/thunky/-/thunky-1.1.0.tgz 1710ms (cache miss)
3507 http fetch GET 200 https://registry.npmjs.org/throat/-/throat-6.0.2.tgz 1728ms (cache miss)
3508 http fetch GET 200 https://registry.npmjs.org/websocket-extensions/-/websocket-extensions-0.1.4.tgz 1754ms (cache miss)
3509 http fetch GET 200 https://registry.npmjs.org/through/-/through-2.3.8.tgz 1745ms (cache miss)
3510 http fetch GET 200 https://registry.npmjs.org/thenify/-/thenify-3.3.1.tgz 1774ms (cache miss)
3511 http fetch GET 200 https://registry.npmjs.org/throttleit/-/throttleit-1.0.1.tgz 1775ms (cache miss)
3512 http fetch GET 200 https://registry.npmjs.org/thenify-all/-/thenify-all-1.6.0.tgz 1775ms (cache miss)
3513 http fetch GET 200 https://registry.npmjs.org/terminal-link/-/terminal-link-2.1.1.tgz 1776ms (cache miss)
3514 http fetch GET 200 https://registry.npmjs.org/v8-to-istanbul/-/v8-to-istanbul-8.1.1.tgz 1801ms (cache miss)
3515 http fetch GET 200 https://registry.npmjs.org/test-exclude/-/test-exclude-6.0.0.tgz 1795ms (cache miss)
3516 http fetch GET 200 https://registry.npmjs.org/util.promisify/-/util.promisify-1.0.1.tgz 1822ms (cache miss)
3517 http fetch GET 200 https://registry.npmjs.org/whatwg-url/-/whatwg-url-8.7.0.tgz 1849ms (cache miss)
3518 http fetch GET 200 https://registry.npmjs.org/tempy/-/tempy-0.6.0.tgz 1836ms (cache miss)
3519 http fetch GET 200 https://registry.npmjs.org/temp-dir/-/temp-dir-2.0.0.tgz 1842ms (cache miss)
3520 http fetch GET 200 https://registry.npmjs.org/svg-parser/-/svg-parser-2.0.4.tgz 1877ms (cache miss)
3521 http fetch GET 200 https://registry.npmjs.org/stylehacks/-/stylehacks-5.1.1.tgz 1879ms (cache miss)
3522 http fetch GET 200 https://registry.npmjs.org/supports-color/-/supports-color-7.2.0.tgz 1986ms (cache miss)
3523 http fetch GET 200 https://registry.npmjs.org/unbox-primitive/-/unbox-primitive-1.1.0.tgz 2001ms (cache miss)
3524 http fetch GET 200 https://registry.npmjs.org/typed-array-byte-length/-/typed-array-byte-length-1.0.3.tgz 2001ms (cache miss)
3525 http fetch GET 200 https://registry.npmjs.org/strip-ansi/-/strip-ansi-6.0.1.tgz 2006ms (cache miss)
3526 http fetch GET 200 https://registry.npmjs.org/supports-hyperlinks/-/supports-hyperlinks-2.3.0.tgz 2043ms (cache miss)
3527 http fetch GET 200 https://registry.npmjs.org/typed-array-length/-/typed-array-length-1.0.7.tgz 2061ms (cache miss)
3528 http fetch GET 200 https://registry.npmjs.org/strip-final-newline/-/strip-final-newline-2.0.0.tgz 2048ms (cache miss)
3529 http fetch GET 200 https://registry.npmjs.org/string.prototype.trimstart/-/string.prototype.trimstart-1.0.8.tgz 2066ms (cache miss)
3530 http fetch GET 200 https://registry.npmjs.org/strip-bom/-/strip-bom-4.0.0.tgz 2068ms (cache miss)
3531 http fetch GET 200 https://registry.npmjs.org/string.prototype.trimend/-/string.prototype.trimend-1.0.9.tgz 2068ms (cache miss)
3532 http fetch GET 200 https://registry.npmjs.org/string.prototype.repeat/-/string.prototype.repeat-1.0.0.tgz 2077ms (cache miss)
3533 http fetch GET 200 https://registry.npmjs.org/strip-ansi/-/strip-ansi-6.0.1.tgz 2082ms (cache miss)
3534 http fetch GET 200 https://registry.npmjs.org/strip-json-comments/-/strip-json-comments-3.1.1.tgz 2085ms (cache miss)
3535 http fetch GET 200 https://registry.npmjs.org/tr46/-/tr46-2.1.0.tgz 2110ms (cache miss)
3536 http fetch GET 200 https://registry.npmjs.org/stringify-object/-/stringify-object-3.3.0.tgz 2103ms (cache miss)
3537 http fetch GET 200 https://registry.npmjs.org/string-width/-/string-width-4.2.3.tgz 2114ms (cache miss)
3538 http fetch GET 200 https://registry.npmjs.org/string.prototype.includes/-/string.prototype.includes-2.0.1.tgz 2114ms (cache miss)
3539 http fetch GET 200 https://registry.npmjs.org/symbol-tree/-/symbol-tree-3.2.4.tgz 2124ms (cache miss)
3540 http fetch GET 200 https://registry.npmjs.org/static-eval/-/static-eval-2.0.2.tgz 2140ms (cache miss)
3541 http fetch GET 200 https://registry.npmjs.org/stack-utils/-/stack-utils-2.0.6.tgz 2147ms (cache miss)
3542 http fetch GET 200 https://registry.npmjs.org/string-length/-/string-length-4.0.2.tgz 2168ms (cache miss)
3543 http fetch GET 200 https://registry.npmjs.org/statuses/-/statuses-2.0.1.tgz 2169ms (cache miss)
3544 http fetch GET 200 https://registry.npmjs.org/string-width/-/string-width-4.2.3.tgz 2187ms (cache miss)
3545 http fetch GET 200 https://registry.npmjs.org/string-natural-compare/-/string-natural-compare-3.0.1.tgz 2187ms (cache miss)
3546 http fetch GET 200 https://registry.npmjs.org/workbox-webpack-plugin/-/workbox-webpack-plugin-6.6.0.tgz 2218ms (cache miss)
3547 http fetch GET 200 https://registry.npmjs.org/string_decoder/-/string_decoder-1.3.0.tgz 2257ms (cache miss)
3548 http fetch GET 200 https://registry.npmjs.org/stackframe/-/stackframe-1.3.4.tgz 2291ms (cache miss)
3549 http fetch GET 200 https://registry.npmjs.org/slash/-/slash-3.0.0.tgz 2299ms (cache miss)
3550 http fetch GET 200 https://registry.npmjs.org/side-channel-weakmap/-/side-channel-weakmap-1.0.2.tgz 2320ms (cache miss)
3551 http fetch GET 200 https://registry.npmjs.org/stable/-/stable-0.1.8.tgz 2337ms (cache miss)
3552 http fetch GET 200 https://registry.npmjs.org/sisteransi/-/sisteransi-1.0.5.tgz 2338ms (cache miss)
3553 http fetch GET 200 https://registry.npmjs.org/side-channel-list/-/side-channel-list-1.0.0.tgz 2338ms (cache miss)
3554 http fetch GET 200 https://registry.npmjs.org/signal-exit/-/signal-exit-3.0.7.tgz 2339ms (cache miss)
3555 http fetch GET 200 https://registry.npmjs.org/slice-ansi/-/slice-ansi-3.0.0.tgz 2339ms (cache miss)
3556 http fetch GET 200 https://registry.npmjs.org/shell-quote/-/shell-quote-1.8.2.tgz 2367ms (cache miss)
3557 http fetch GET 200 https://registry.npmjs.org/websocket-driver/-/websocket-driver-0.7.4.tgz 2398ms (cache miss)
3558 warn deprecated stable@0.1.8: Modern JS already guarantees Array#sort() is a stable sort, so this library is deprecated. See the compatibility table on MDN: https://developer.mozilla.org/en-US/docs/Web/JavaScript/Reference/Global_Objects/Array/sort#browser_compatibility
3559 http fetch GET 200 https://registry.npmjs.org/set-proto/-/set-proto-1.0.0.tgz 2383ms (cache miss)
3560 http fetch GET 200 https://registry.npmjs.org/side-channel/-/side-channel-1.1.0.tgz 2387ms (cache miss)
3561 http fetch GET 200 https://registry.npmjs.org/side-channel-map/-/side-channel-map-1.0.1.tgz 2417ms (cache miss)
3562 http fetch GET 200 https://registry.npmjs.org/tslib/-/tslib-2.8.1.tgz 2455ms (cache miss)
3563 http fetch GET 200 https://registry.npmjs.org/terser-webpack-plugin/-/terser-webpack-plugin-5.3.13.tgz 2451ms (cache miss)
3564 http fetch GET 200 https://registry.npmjs.org/tweetnacl/-/tweetnacl-0.14.5.tgz 2463ms (cache miss)
3565 http fetch GET 200 https://registry.npmjs.org/set-cookie-parser/-/set-cookie-parser-2.7.1.tgz 2444ms (cache miss)
3566 http fetch GET 200 https://registry.npmjs.org/serialize-javascript/-/serialize-javascript-6.0.2.tgz 2445ms (cache miss)
3567 http fetch GET 200 https://registry.npmjs.org/shebang-command/-/shebang-command-2.0.0.tgz 2449ms (cache miss)
3568 http fetch GET 200 https://registry.npmjs.org/workbox-navigation-preload/-/workbox-navigation-preload-6.6.0.tgz 2515ms (cache miss)
3569 http fetch GET 200 https://registry.npmjs.org/set-function-length/-/set-function-length-1.2.2.tgz 2486ms (cache miss)
3570 http fetch GET 200 https://registry.npmjs.org/setprototypeof/-/setprototypeof-1.2.0.tgz 2487ms (cache miss)
3571 http fetch GET 200 https://registry.npmjs.org/tryer/-/tryer-1.0.1.tgz 2528ms (cache miss)
3572 http fetch GET 200 https://registry.npmjs.org/strip-comments/-/strip-comments-2.0.1.tgz 2529ms (cache miss)
3573 http fetch GET 200 https://registry.npmjs.org/supports-preserve-symlinks-flag/-/supports-preserve-symlinks-flag-1.0.0.tgz 2544ms (cache miss)
3574 http fetch GET 200 https://registry.npmjs.org/scheduler/-/scheduler-0.25.0.tgz 2536ms (cache miss)
3575 http fetch GET 200 https://registry.npmjs.org/sanitize.css/-/sanitize.css-13.0.0.tgz 2536ms (cache miss)
3576 http fetch GET 200 https://registry.npmjs.org/shebang-regex/-/shebang-regex-3.0.0.tgz 2540ms (cache miss)
3577 http fetch GET 200 https://registry.npmjs.org/serve-static/-/serve-static-1.16.2.tgz 2540ms (cache miss)
3578 http fetch GET 200 https://registry.npmjs.org/tiny-invariant/-/tiny-invariant-1.3.3.tgz 2558ms (cache miss)
3579 http fetch GET 200 https://registry.npmjs.org/selfsigned/-/selfsigned-2.4.1.tgz 2564ms (cache miss)
3580 http fetch GET 200 https://registry.npmjs.org/send/-/send-0.19.0.tgz 2566ms (cache miss)
3581 http fetch GET 200 https://registry.npmjs.org/run-parallel/-/run-parallel-1.2.0.tgz 2598ms (cache miss)
3582 http fetch GET 200 https://registry.npmjs.org/select-hose/-/select-hose-2.0.0.tgz 2610ms (cache miss)
3583 http fetch GET 200 https://registry.npmjs.org/sax/-/sax-1.2.4.tgz 2611ms (cache miss)
3584 http fetch GET 200 https://registry.npmjs.org/safe-regex-test/-/safe-regex-test-1.1.0.tgz 2631ms (cache miss)
3585 http fetch GET 200 https://registry.npmjs.org/safe-push-apply/-/safe-push-apply-1.0.0.tgz 2631ms (cache miss)
3586 http fetch GET 200 https://registry.npmjs.org/rollup-plugin-terser/-/rollup-plugin-terser-7.0.2.tgz 2631ms (cache miss)
3587 http fetch GET 200 https://registry.npmjs.org/reusify/-/reusify-1.1.0.tgz 2634ms (cache miss)
3588 http fetch GET 200 https://registry.npmjs.org/restore-cursor/-/restore-cursor-3.1.0.tgz 2640ms (cache miss)
3589 http fetch GET 200 https://registry.npmjs.org/require-from-string/-/require-from-string-2.0.2.tgz 2641ms (cache miss)
3590 http fetch GET 200 https://registry.npmjs.org/safe-array-concat/-/safe-array-concat-1.1.3.tgz 2675ms (cache miss)
3591 http fetch GET 200 https://registry.npmjs.org/rimraf/-/rimraf-3.0.2.tgz 2675ms (cache miss)
3592 http fetch GET 200 https://registry.npmjs.org/safe-buffer/-/safe-buffer-5.2.1.tgz 2680ms (cache miss)
3593 http fetch GET 200 https://registry.npmjs.org/workbox-cacheable-response/-/workbox-cacheable-response-6.6.0.tgz 2769ms (cache miss)
3594 warn deprecated workbox-cacheable-response@6.6.0: workbox-background-sync@6.6.0
3595 http fetch GET 200 https://registry.npmjs.org/rgbcolor/-/rgbcolor-1.0.1.tgz 2739ms (cache miss)
3596 http fetch GET 200 https://registry.npmjs.org/resolve-from/-/resolve-from-5.0.0.tgz 2738ms (cache miss)
3597 http fetch GET 200 https://registry.npmjs.org/retry/-/retry-0.13.1.tgz 2740ms (cache miss)
3598 http fetch GET 200 https://registry.npmjs.org/resolve-cwd/-/resolve-cwd-3.0.0.tgz 2745ms (cache miss)
3599 http fetch GET 200 https://registry.npmjs.org/requires-port/-/requires-port-1.0.0.tgz 2746ms (cache miss)
3600 http fetch GET 200 https://registry.npmjs.org/require-directory/-/require-directory-2.1.1.tgz 2765ms (cache miss)
3601 http fetch GET 200 https://registry.npmjs.org/relateurl/-/relateurl-0.2.7.tgz 2784ms (cache miss)
3602 http fetch GET 200 https://registry.npmjs.org/request-progress/-/request-progress-3.0.0.tgz 2784ms (cache miss)
3603 http fetch GET 200 https://registry.npmjs.org/source-map-support/-/source-map-support-0.5.21.tgz 2804ms (cache miss)
3604 http fetch GET 200 https://registry.npmjs.org/rfdc/-/rfdc-1.4.1.tgz 2845ms (cache miss)
3605 http fetch GET 200 https://registry.npmjs.org/workbox-google-analytics/-/workbox-google-analytics-6.6.0.tgz 2961ms (cache miss)
3606 warn deprecated workbox-google-analytics@6.6.0: It is not compatible with newer versions of GA starting with v4, as long as you are using GAv3 it should be ok, but the package is not longer being maintained
3607 http fetch GET 200 https://registry.npmjs.org/semver/-/semver-5.7.2.tgz 2972ms (cache miss)
3608 http fetch GET 200 https://registry.npmjs.org/regex-parser/-/regex-parser-2.3.1.tgz 2979ms (cache miss)
3609 http fetch GET 200 https://registry.npmjs.org/regjsgen/-/regjsgen-0.8.0.tgz 2981ms (cache miss)
3610 http fetch GET 200 https://registry.npmjs.org/regenerate/-/regenerate-1.4.2.tgz 3031ms (cache miss)
3611 http fetch GET 200 https://registry.npmjs.org/recursive-readdir/-/recursive-readdir-2.2.3.tgz 3032ms (cache miss)
3612 http fetch GET 200 https://registry.npmjs.org/webpack-dev-middleware/-/webpack-dev-middleware-5.3.4.tgz 3111ms (cache miss)
3613 http fetch GET 200 https://registry.npmjs.org/readdirp/-/readdirp-3.6.0.tgz 3079ms (cache miss)
3614 http fetch GET 200 https://registry.npmjs.org/reflect.getprototypeof/-/reflect.getprototypeof-1.0.10.tgz 3080ms (cache miss)
3615 http fetch GET 200 https://registry.npmjs.org/regenerator-runtime/-/regenerator-runtime-0.13.11.tgz 3084ms (cache miss)
3616 http fetch GET 200 https://registry.npmjs.org/source-map-loader/-/source-map-loader-3.0.2.tgz 3098ms (cache miss)
3617 http fetch GET 200 https://registry.npmjs.org/sourcemap-codec/-/sourcemap-codec-1.4.8.tgz 3100ms (cache miss)
3618 http fetch GET 200 https://registry.npmjs.org/read-cache/-/read-cache-1.0.0.tgz 3117ms (cache miss)
3619 http fetch GET 200 https://registry.npmjs.org/resolve.exports/-/resolve.exports-1.1.1.tgz 3130ms (cache miss)
3620 http fetch GET 200 https://registry.npmjs.org/saxes/-/saxes-5.0.1.tgz 3230ms (cache miss)
3621 http fetch GET 200 https://registry.npmjs.org/text-table/-/text-table-0.2.0.tgz 3300ms (cache miss)
3622 http fetch GET 200 https://registry.npmjs.org/react-router-dom/-/react-router-dom-7.2.0.tgz 3277ms (cache miss)
3623 http fetch GET 200 https://registry.npmjs.org/react-responsive/-/react-responsive-10.0.1.tgz 3274ms (cache miss)
3624 http fetch GET 200 https://registry.npmjs.org/randombytes/-/randombytes-2.1.0.tgz 3275ms (cache miss)
3625 warn deprecated rimraf@3.0.2: Rimraf versions prior to v4 are no longer supported
3626 warn deprecated sourcemap-codec@1.4.8: Please use @jridgewell/sourcemap-codec instead
3627 http fetch GET 200 https://registry.npmjs.org/set-function-name/-/set-function-name-2.0.2.tgz 3316ms (cache miss)
3628 http fetch GET 200 https://registry.npmjs.org/webpack-sources/-/webpack-sources-3.2.3.tgz 3348ms (cache miss)
3629 http fetch GET 200 https://registry.npmjs.org/react-is/-/react-is-16.13.1.tgz 3308ms (cache miss)
3630 http fetch GET 200 https://registry.npmjs.org/react-app-polyfill/-/react-app-polyfill-3.0.0.tgz 3306ms (cache miss)
3631 http fetch GET 200 https://registry.npmjs.org/safer-buffer/-/safer-buffer-2.1.2.tgz 3319ms (cache miss)
3632 http fetch GET 200 https://registry.npmjs.org/tough-cookie/-/tough-cookie-4.1.4.tgz 3355ms (cache miss)
3633 http fetch GET 200 https://registry.npmjs.org/shallow-equal/-/shallow-equal-3.1.0.tgz 3359ms (cache miss)
3634 http fetch GET 200 https://registry.npmjs.org/querystringify/-/querystringify-2.2.0.tgz 3353ms (cache miss)
3635 warn deprecated rollup-plugin-terser@7.0.2: This package has been deprecated and is no longer maintained. Please use @rollup/plugin-terser
3636 http fetch GET 200 https://registry.npmjs.org/queue-microtask/-/queue-microtask-1.2.3.tgz 3373ms (cache miss)
3637 http fetch GET 200 https://registry.npmjs.org/pump/-/pump-3.0.2.tgz 3374ms (cache miss)
3638 http fetch GET 200 https://registry.npmjs.org/proxy-from-env/-/proxy-from-env-1.1.0.tgz 3373ms (cache miss)
3639 http fetch GET 200 https://registry.npmjs.org/range-parser/-/range-parser-1.2.1.tgz 3387ms (cache miss)
3640 http fetch GET 200 https://registry.npmjs.org/pretty-error/-/pretty-error-4.0.0.tgz 3413ms (cache miss)
3641 http fetch GET 200 https://registry.npmjs.org/punycode/-/punycode-2.3.1.tgz 3431ms (cache miss)
3642 http fetch GET 200 https://registry.npmjs.org/regjsparser/-/regjsparser-0.12.0.tgz 3450ms (cache miss)
3643 http fetch GET 200 https://registry.npmjs.org/postcss-unique-selectors/-/postcss-unique-selectors-5.1.1.tgz 3440ms (cache miss)
3644 http fetch GET 200 https://registry.npmjs.org/process/-/process-0.11.10.tgz 3453ms (cache miss)
3645 http fetch GET 200 https://registry.npmjs.org/proxy-addr/-/proxy-addr-2.0.7.tgz 3455ms (cache miss)
3646 http fetch GET 200 https://registry.npmjs.org/process-nextick-args/-/process-nextick-args-2.0.1.tgz 3470ms (cache miss)
3647 http fetch GET 200 https://registry.npmjs.org/promise/-/promise-8.3.0.tgz 3472ms (cache miss)
3648 http fetch GET 200 https://registry.npmjs.org/pretty-bytes/-/pretty-bytes-5.6.0.tgz 3472ms (cache miss)
3649 http fetch GET 200 https://registry.npmjs.org/postcss-svgo/-/postcss-svgo-5.1.0.tgz 3501ms (cache miss)
3650 http fetch GET 200 https://registry.npmjs.org/postcss-value-parser/-/postcss-value-parser-4.2.0.tgz 3503ms (cache miss)
3651 http fetch GET 200 https://registry.npmjs.org/postcss-selector-not/-/postcss-selector-not-6.0.1.tgz 3504ms (cache miss)
3652 http fetch GET 200 https://registry.npmjs.org/postcss-normalize-url/-/postcss-normalize-url-5.1.0.tgz 3501ms (cache miss)
3653 http fetch GET 200 https://registry.npmjs.org/postcss-overflow-shorthand/-/postcss-overflow-shorthand-3.0.4.tgz 3503ms (cache miss)
3654 http fetch GET 200 https://registry.npmjs.org/postcss-normalize-whitespace/-/postcss-normalize-whitespace-5.1.1.tgz 3502ms (cache miss)
3655 http fetch GET 200 https://registry.npmjs.org/postcss-opacity-percentage/-/postcss-opacity-percentage-1.1.3.tgz 3503ms (cache miss)
3656 http fetch GET 200 https://registry.npmjs.org/source-list-map/-/source-list-map-2.0.1.tgz 3549ms (cache miss)
3657 http fetch GET 200 https://registry.npmjs.org/postcss-replace-overflow-wrap/-/postcss-replace-overflow-wrap-4.0.0.tgz 3536ms (cache miss)
3658 http fetch GET 200 https://registry.npmjs.org/postcss-pseudo-class-any-link/-/postcss-pseudo-class-any-link-7.1.6.tgz 3536ms (cache miss)
3659 http fetch GET 200 https://registry.npmjs.org/postcss-reduce-initial/-/postcss-reduce-initial-5.1.2.tgz 3537ms (cache miss)
3660 http fetch GET 200 https://registry.npmjs.org/postcss-normalize/-/postcss-normalize-10.0.1.tgz 3535ms (cache miss)
3661 http fetch GET 200 https://registry.npmjs.org/postcss-normalize-string/-/postcss-normalize-string-5.1.0.tgz 3537ms (cache miss)
3662 http fetch GET 200 https://registry.npmjs.org/postcss-normalize-display-values/-/postcss-normalize-display-values-5.1.0.tgz 3536ms (cache miss)
3663 http fetch GET 200 https://registry.npmjs.org/postcss-page-break/-/postcss-page-break-3.0.4.tgz 3565ms (cache miss)
3664 http fetch GET 200 https://registry.npmjs.org/postcss-modules-local-by-default/-/postcss-modules-local-by-default-4.2.0.tgz 3564ms (cache miss)
3665 http fetch GET 200 https://registry.npmjs.org/postcss-minify-params/-/postcss-minify-params-5.1.4.tgz 3565ms (cache miss)
3666 http fetch GET 200 https://registry.npmjs.org/postcss-reduce-transforms/-/postcss-reduce-transforms-5.1.0.tgz 3594ms (cache miss)
3667 http fetch GET 200 https://registry.npmjs.org/postcss-normalize-repeat-style/-/postcss-normalize-repeat-style-5.1.1.tgz 3593ms (cache miss)
3668 http fetch GET 200 https://registry.npmjs.org/postcss-nesting/-/postcss-nesting-10.2.0.tgz 3593ms (cache miss)
3669 http fetch GET 200 https://registry.npmjs.org/postcss-modules-values/-/postcss-modules-values-4.0.0.tgz 3604ms (cache miss)
3670 http fetch GET 200 https://registry.npmjs.org/postcss-minify-selectors/-/postcss-minify-selectors-5.2.1.tgz 3604ms (cache miss)
3671 http fetch GET 200 https://registry.npmjs.org/postcss-normalize-unicode/-/postcss-normalize-unicode-5.1.1.tgz 3637ms (cache miss)
3672 http fetch GET 200 https://registry.npmjs.org/postcss-nested/-/postcss-nested-6.2.0.tgz 3636ms (cache miss)
3673 http fetch GET 200 https://registry.npmjs.org/postcss-place/-/postcss-place-7.0.5.tgz 3639ms (cache miss)
3674 http fetch GET 200 https://registry.npmjs.org/postcss-normalize-positions/-/postcss-normalize-positions-5.1.1.tgz 3638ms (cache miss)
3675 http fetch GET 200 https://registry.npmjs.org/postcss-normalize-timing-functions/-/postcss-normalize-timing-functions-5.1.0.tgz 3703ms (cache miss)
3676 http fetch GET 200 https://registry.npmjs.org/postcss-media-minmax/-/postcss-media-minmax-5.0.0.tgz 3706ms (cache miss)
3677 http fetch GET 200 https://registry.npmjs.org/postcss-js/-/postcss-js-4.0.1.tgz 3708ms (cache miss)
3678 http fetch GET 200 https://registry.npmjs.org/postcss-initial/-/postcss-initial-4.0.1.tgz 3709ms (cache miss)
3679 http fetch GET 200 https://registry.npmjs.org/raf/-/raf-3.4.1.tgz 3731ms (cache miss)
3680 http fetch GET 200 https://registry.npmjs.org/raw-body/-/raw-body-2.5.2.tgz 3738ms (cache miss)
3681 http fetch GET 200 https://registry.npmjs.org/postcss-normalize-charset/-/postcss-normalize-charset-5.1.0.tgz 3779ms (cache miss)
3682 http fetch GET 200 https://registry.npmjs.org/postcss-modules-extract-imports/-/postcss-modules-extract-imports-3.1.0.tgz 3781ms (cache miss)
3683 http fetch GET 200 https://registry.npmjs.org/postcss-modules-scope/-/postcss-modules-scope-3.2.1.tgz 3782ms (cache miss)
3684 http fetch GET 200 https://registry.npmjs.org/postcss-minify-gradients/-/postcss-minify-gradients-5.1.1.tgz 3780ms (cache miss)
3685 http fetch GET 200 https://registry.npmjs.org/postcss-merge-longhand/-/postcss-merge-longhand-5.1.7.tgz 3783ms (cache miss)
3686 http fetch GET 200 https://registry.npmjs.org/postcss-lab-function/-/postcss-lab-function-4.2.1.tgz 3783ms (cache miss)
3687 http fetch GET 200 https://registry.npmjs.org/postcss-focus-within/-/postcss-focus-within-5.0.4.tgz 3782ms (cache miss)
3688 http fetch GET 200 https://registry.npmjs.org/postcss-discard-overridden/-/postcss-discard-overridden-5.1.0.tgz 3783ms (cache miss)
3689 http fetch GET 200 https://registry.npmjs.org/postcss-double-position-gradients/-/postcss-double-position-gradients-3.1.2.tgz 3785ms (cache miss)
3690 http fetch GET 200 https://registry.npmjs.org/string.prototype.trim/-/string.prototype.trim-1.2.10.tgz 3866ms (cache miss)
3691 http fetch GET 200 https://registry.npmjs.org/postcss-image-set-function/-/postcss-image-set-function-4.0.7.tgz 3838ms (cache miss)
3692 http fetch GET 200 https://registry.npmjs.org/postcss-font-variant/-/postcss-font-variant-5.0.0.tgz 3839ms (cache miss)
3693 http fetch GET 200 https://registry.npmjs.org/postcss-discard-comments/-/postcss-discard-comments-5.1.2.tgz 3837ms (cache miss)
3694 http fetch GET 200 https://registry.npmjs.org/postcss-convert-values/-/postcss-convert-values-5.1.3.tgz 3838ms (cache miss)
3695 http fetch GET 200 https://registry.npmjs.org/q/-/q-1.5.1.tgz 3860ms (cache miss)
3696 http fetch GET 200 https://registry.npmjs.org/postcss-minify-font-values/-/postcss-minify-font-values-5.1.0.tgz 3882ms (cache miss)
3697 http fetch GET 200 https://registry.npmjs.org/postcss-focus-visible/-/postcss-focus-visible-6.0.4.tgz 3879ms (cache miss)
3698 http fetch GET 200 https://registry.npmjs.org/postcss-flexbugs-fixes/-/postcss-flexbugs-fixes-5.0.2.tgz 3881ms (cache miss)
3699 http fetch GET 200 https://registry.npmjs.org/postcss-gap-properties/-/postcss-gap-properties-3.0.5.tgz 3882ms (cache miss)
3700 http fetch GET 200 https://registry.npmjs.org/postcss-dir-pseudo-class/-/postcss-dir-pseudo-class-6.0.5.tgz 3880ms (cache miss)
3701 http fetch GET 200 https://registry.npmjs.org/postcss-discard-empty/-/postcss-discard-empty-5.1.1.tgz 3882ms (cache miss)
3702 http fetch GET 200 https://registry.npmjs.org/postcss-color-hex-alpha/-/postcss-color-hex-alpha-8.0.4.tgz 3918ms (cache miss)
3703 http fetch GET 200 https://registry.npmjs.org/postcss-discard-duplicates/-/postcss-discard-duplicates-5.1.0.tgz 3920ms (cache miss)
3704 http fetch GET 200 https://registry.npmjs.org/postcss-color-rebeccapurple/-/postcss-color-rebeccapurple-7.1.1.tgz 3920ms (cache miss)
3705 http fetch GET 200 https://registry.npmjs.org/workbox-range-requests/-/workbox-range-requests-6.6.0.tgz 4032ms (cache miss)
3706 http fetch GET 200 https://registry.npmjs.org/utrie/-/utrie-1.0.2.tgz 4031ms (cache miss)
3707 http fetch GET 200 https://registry.npmjs.org/spdy/-/spdy-4.0.2.tgz 4026ms (cache miss)
3708 http fetch GET 200 https://registry.npmjs.org/pkg-up/-/pkg-up-3.1.0.tgz 4032ms (cache miss)
3709 http fetch GET 200 https://registry.npmjs.org/pirates/-/pirates-4.0.6.tgz 4039ms (cache miss)
3710 warn deprecated q@1.5.1: You or someone you depend on is using Q, the JavaScript Promise library that gave JavaScript developers strong feelings about promises. They can almost certainly migrate to the native JavaScript promise now. Thank you literally everyone for joining me in this bet against the odds. Be excellent to each other.
3710 warn deprecated
3710 warn deprecated (For a CapTP with native promises, see @endo/eventual-send and @endo/captp)
3711 http fetch GET 200 https://registry.npmjs.org/postcss-custom-properties/-/postcss-custom-properties-12.1.11.tgz 4105ms (cache miss)
3712 http fetch GET 200 https://registry.npmjs.org/postcss-attribute-case-insensitive/-/postcss-attribute-case-insensitive-5.0.2.tgz 4109ms (cache miss)
3713 http fetch GET 200 https://registry.npmjs.org/postcss-clamp/-/postcss-clamp-4.1.0.tgz 4111ms (cache miss)
3714 http fetch GET 200 https://registry.npmjs.org/pend/-/pend-1.2.0.tgz 4110ms (cache miss)
3715 http fetch GET 200 https://registry.npmjs.org/tapable/-/tapable-2.2.1.tgz 4162ms (cache miss)
3716 http fetch GET 200 https://registry.npmjs.org/regexpu-core/-/regexpu-core-6.2.0.tgz 4151ms (cache miss)
3717 http fetch GET 200 https://registry.npmjs.org/path-type/-/path-type-4.0.0.tgz 4130ms (cache miss)
3718 http fetch GET 200 https://registry.npmjs.org/postcss-browser-comments/-/postcss-browser-comments-4.0.0.tgz 4158ms (cache miss)
3719 http fetch GET 200 https://registry.npmjs.org/pify/-/pify-2.3.0.tgz 4168ms (cache miss)
3720 http fetch GET 200 https://registry.npmjs.org/possible-typed-array-names/-/possible-typed-array-names-1.1.0.tgz 4169ms (cache miss)
3721 http fetch GET 200 https://registry.npmjs.org/pkg-dir/-/pkg-dir-4.2.0.tgz 4180ms (cache miss)
3722 http fetch GET 200 https://registry.npmjs.org/react-refresh/-/react-refresh-0.11.0.tgz 4256ms (cache miss)
3723 http fetch GET 200 https://registry.npmjs.org/pascal-case/-/pascal-case-3.1.2.tgz 4231ms (cache miss)
3724 http fetch GET 200 https://registry.npmjs.org/param-case/-/param-case-3.0.4.tgz 4232ms (cache miss)
3725 http fetch GET 200 https://registry.npmjs.org/stylis/-/stylis-4.2.0.tgz 4282ms (cache miss)
3726 http fetch GET 200 https://registry.npmjs.org/postcss-preset-env/-/postcss-preset-env-7.8.3.tgz 4255ms (cache miss)
3727 http fetch GET 200 https://registry.npmjs.org/path-is-absolute/-/path-is-absolute-1.0.1.tgz 4256ms (cache miss)
3728 http fetch GET 200 https://registry.npmjs.org/parse-json/-/parse-json-5.2.0.tgz 4256ms (cache miss)
3729 http fetch GET 200 https://registry.npmjs.org/postcss-logical/-/postcss-logical-5.0.4.tgz 4289ms (cache miss)
3730 http fetch GET 200 https://registry.npmjs.org/path-to-regexp/-/path-to-regexp-0.1.12.tgz 4288ms (cache miss)
3731 http fetch GET 200 https://registry.npmjs.org/path-key/-/path-key-3.1.1.tgz 4289ms (cache miss)
3732 http fetch GET 200 https://registry.npmjs.org/path-exists/-/path-exists-3.0.0.tgz 4289ms (cache miss)
3733 http fetch GET 200 https://registry.npmjs.org/parent-module/-/parent-module-1.0.1.tgz 4289ms (cache miss)
3734 http fetch GET 200 https://registry.npmjs.org/p-retry/-/p-retry-4.6.2.tgz 4291ms (cache miss)
3735 http fetch GET 200 https://registry.npmjs.org/p-try/-/p-try-2.2.0.tgz 4291ms (cache miss)
3736 http fetch GET 200 https://registry.npmjs.org/sass-loader/-/sass-loader-12.6.0.tgz 4344ms (cache miss)
3737 http fetch GET 200 https://registry.npmjs.org/postcss-env-function/-/postcss-env-function-4.0.6.tgz 4341ms (cache miss)
3738 http fetch GET 200 https://registry.npmjs.org/picocolors/-/picocolors-1.1.1.tgz 4348ms (cache miss)
3739 http fetch GET 200 https://registry.npmjs.org/path-parse/-/path-parse-1.0.7.tgz 4378ms (cache miss)
3740 http fetch GET 200 https://registry.npmjs.org/onetime/-/onetime-5.1.2.tgz 4394ms (cache miss)
3741 http fetch GET 200 https://registry.npmjs.org/postcss-custom-selectors/-/postcss-custom-selectors-6.0.3.tgz 4457ms (cache miss)
3742 http fetch GET 200 https://registry.npmjs.org/stackblur-canvas/-/stackblur-canvas-2.7.0.tgz 4496ms (cache miss)
3743 http fetch GET 200 https://registry.npmjs.org/ospath/-/ospath-1.2.2.tgz 4460ms (cache miss)
3744 http fetch GET 200 https://registry.npmjs.org/p-locate/-/p-locate-3.0.0.tgz 4491ms (cache miss)
3745 http fetch GET 200 https://registry.npmjs.org/p-map/-/p-map-4.0.0.tgz 4496ms (cache miss)
3746 http fetch GET 200 https://registry.npmjs.org/parseurl/-/parseurl-1.3.3.tgz 4555ms (cache miss)
3747 http fetch GET 200 https://registry.npmjs.org/react-error-overlay/-/react-error-overlay-6.1.0.tgz 4579ms (cache miss)
3748 http fetch GET 200 https://registry.npmjs.org/workbox-recipes/-/workbox-recipes-6.6.0.tgz 4632ms (cache miss)
3749 http fetch GET 200 https://registry.npmjs.org/p-limit/-/p-limit-2.3.0.tgz 4569ms (cache miss)
3750 http fetch GET 200 https://registry.npmjs.org/string.prototype.matchall/-/string.prototype.matchall-4.0.12.tgz 4618ms (cache miss)
3751 http fetch GET 200 https://registry.npmjs.org/object.getownpropertydescriptors/-/object.getownpropertydescriptors-2.1.8.tgz 4576ms (cache miss)
3752 http fetch GET 200 https://registry.npmjs.org/postcss-custom-media/-/postcss-custom-media-8.0.2.tgz 4602ms (cache miss)
3753 http fetch GET 200 https://registry.npmjs.org/object-assign/-/object-assign-4.1.1.tgz 4647ms (cache miss)
3754 http fetch GET 200 https://registry.npmjs.org/once/-/once-1.4.0.tgz 4658ms (cache miss)
3755 http fetch GET 200 https://registry.npmjs.org/on-headers/-/on-headers-1.0.2.tgz 4660ms (cache miss)
3756 http fetch GET 200 https://registry.npmjs.org/package-json-from-dist/-/package-json-from-dist-1.0.1.tgz 4671ms (cache miss)
3757 http fetch GET 200 https://registry.npmjs.org/on-finished/-/on-finished-2.4.1.tgz 4673ms (cache miss)
3758 http fetch GET 200 https://registry.npmjs.org/object.values/-/object.values-1.2.1.tgz 4716ms (cache miss)
3759 http fetch GET 200 https://registry.npmjs.org/object.fromentries/-/object.fromentries-2.0.8.tgz 4715ms (cache miss)
3760 http fetch GET 200 https://registry.npmjs.org/text-segmentation/-/text-segmentation-1.0.3.tgz 4777ms (cache miss)
3761 http fetch GET 200 https://registry.npmjs.org/normalize-range/-/normalize-range-0.1.2.tgz 4731ms (cache miss)
3762 http fetch GET 200 https://registry.npmjs.org/node-releases/-/node-releases-2.0.19.tgz 4732ms (cache miss)
3763 http fetch GET 200 https://registry.npmjs.org/object.groupby/-/object.groupby-1.0.3.tgz 4739ms (cache miss)
3764 http fetch GET 200 https://registry.npmjs.org/obuf/-/obuf-1.1.2.tgz 4747ms (cache miss)
3765 http fetch GET 200 https://registry.npmjs.org/node-int64/-/node-int64-0.4.0.tgz 4850ms (cache miss)
3766 http fetch GET 200 https://registry.npmjs.org/normalize-path/-/normalize-path-3.0.0.tgz 4859ms (cache miss)
3767 http fetch GET 200 https://registry.npmjs.org/object-keys/-/object-keys-1.1.1.tgz 4873ms (cache miss)
3768 http fetch GET 200 https://registry.npmjs.org/postcss-load-config/-/postcss-load-config-4.0.2.tgz 4967ms (cache miss)
3769 http fetch GET 200 https://registry.npmjs.org/normalize.css/-/normalize.css-8.0.1.tgz 4953ms (cache miss)
3770 http fetch GET 200 https://registry.npmjs.org/npm-run-path/-/npm-run-path-4.0.1.tgz 4988ms (cache miss)
3771 http fetch GET 200 https://registry.npmjs.org/postcss-colormin/-/postcss-colormin-5.3.1.tgz 4999ms (cache miss)
3772 http fetch GET 200 https://registry.npmjs.org/normalize-url/-/normalize-url-6.1.0.tgz 4988ms (cache miss)
3773 http fetch GET 200 https://registry.npmjs.org/workbox-expiration/-/workbox-expiration-6.6.0.tgz 5070ms (cache miss)
3774 http fetch GET 200 https://registry.npmjs.org/ms/-/ms-2.1.3.tgz 5067ms (cache miss)
3775 http fetch GET 200 https://registry.npmjs.org/multicast-dns/-/multicast-dns-7.2.5.tgz 5067ms (cache miss)
3776 http fetch GET 200 https://registry.npmjs.org/motion-utils/-/motion-utils-12.6.3.tgz 5071ms (cache miss)
3777 http fetch GET 200 https://registry.npmjs.org/sprintf-js/-/sprintf-js-1.0.3.tgz 5124ms (cache miss)
3778 http fetch GET 200 https://registry.npmjs.org/prelude-ls/-/prelude-ls-1.2.1.tgz 5105ms (cache miss)
3779 http fetch GET 200 https://registry.npmjs.org/mkdirp/-/mkdirp-0.5.6.tgz 5125ms (cache miss)
3780 http fetch GET 200 https://registry.npmjs.org/minimalistic-assert/-/minimalistic-assert-1.0.1.tgz 5127ms (cache miss)
3781 http fetch GET 200 https://registry.npmjs.org/postcss-merge-rules/-/postcss-merge-rules-5.1.4.tgz 5167ms (cache miss)
3782 http fetch GET 200 https://registry.npmjs.org/mimic-fn/-/mimic-fn-2.1.0.tgz 5194ms (cache miss)
3783 http fetch GET 200 https://registry.npmjs.org/natural-compare-lite/-/natural-compare-lite-1.4.0.tgz 5207ms (cache miss)
3784 http fetch GET 200 https://registry.npmjs.org/micromatch/-/micromatch-4.0.8.tgz 5218ms (cache miss)
3785 http fetch GET 200 https://registry.npmjs.org/merge-stream/-/merge-stream-2.0.0.tgz 5277ms (cache miss)
3786 http fetch GET 200 https://registry.npmjs.org/mz/-/mz-2.7.0.tgz 5348ms (cache miss)
3787 http fetch GET 200 https://registry.npmjs.org/natural-compare/-/natural-compare-1.4.0.tgz 5366ms (cache miss)
3788 http fetch GET 200 https://registry.npmjs.org/open/-/open-8.4.2.tgz 5377ms (cache miss)
3789 http fetch GET 200 https://registry.npmjs.org/sockjs/-/sockjs-0.3.24.tgz 5421ms (cache miss)
3790 http fetch GET 200 https://registry.npmjs.org/matchmediaquery/-/matchmediaquery-0.4.2.tgz 5365ms (cache miss)
3791 http fetch GET 200 https://registry.npmjs.org/math-intrinsics/-/math-intrinsics-1.1.0.tgz 5364ms (cache miss)
3792 http fetch GET 200 https://registry.npmjs.org/make-dir/-/make-dir-3.1.0.tgz 5365ms (cache miss)
3793 http fetch GET 200 https://registry.npmjs.org/log-update/-/log-update-4.0.0.tgz 5364ms (cache miss)
3794 http fetch GET 200 https://registry.npmjs.org/loose-envify/-/loose-envify-1.4.0.tgz 5368ms (cache miss)
3795 http fetch GET 200 https://registry.npmjs.org/mime-types/-/mime-types-2.1.35.tgz 5375ms (cache miss)
3796 http fetch GET 200 https://registry.npmjs.org/methods/-/methods-1.1.2.tgz 5377ms (cache miss)
3797 http fetch GET 200 https://registry.npmjs.org/merge-descriptors/-/merge-descriptors-1.0.3.tgz 5432ms (cache miss)
3798 http fetch GET 200 https://registry.npmjs.org/media-typer/-/media-typer-0.3.0.tgz 5432ms (cache miss)
3799 http fetch GET 200 https://registry.npmjs.org/lodash.throttle/-/lodash.throttle-4.1.1.tgz 5431ms (cache miss)
3800 http fetch GET 200 https://registry.npmjs.org/merge2/-/merge2-1.4.1.tgz 5442ms (cache miss)
3801 http fetch GET 200 https://registry.npmjs.org/makeerror/-/makeerror-1.0.12.tgz 5503ms (cache miss)
3802 http fetch GET 200 https://registry.npmjs.org/lower-case/-/lower-case-2.0.2.tgz 5505ms (cache miss)
3803 http fetch GET 200 https://registry.npmjs.org/leven/-/leven-3.1.0.tgz 5503ms (cache miss)
3804 http fetch GET 200 https://registry.npmjs.org/loader-runner/-/loader-runner-4.3.0.tgz 5504ms (cache miss)
3805 http fetch GET 200 https://registry.npmjs.org/object-hash/-/object-hash-3.0.0.tgz 5602ms (cache miss)
3806 http fetch GET 200 https://registry.npmjs.org/log-symbols/-/log-symbols-4.1.0.tgz 5591ms (cache miss)
3807 http fetch GET 200 https://registry.npmjs.org/lodash.uniq/-/lodash.uniq-4.5.0.tgz 5592ms (cache miss)
3808 http fetch GET 200 https://registry.npmjs.org/lazy-ass/-/lazy-ass-1.6.0.tgz 5590ms (cache miss)
3809 http fetch GET 200 https://registry.npmjs.org/levn/-/levn-0.4.1.tgz 5590ms (cache miss)
3810 http fetch GET 200 https://registry.npmjs.org/lines-and-columns/-/lines-and-columns-1.2.4.tgz 5602ms (cache miss)
3811 http fetch GET 200 https://registry.npmjs.org/launch-editor/-/launch-editor-2.10.0.tgz 5602ms (cache miss)
3812 http fetch GET 200 https://registry.npmjs.org/lilconfig/-/lilconfig-2.1.0.tgz 5602ms (cache miss)
3813 http fetch GET 200 https://registry.npmjs.org/lodash.camelcase/-/lodash.camelcase-4.3.0.tgz 5603ms (cache miss)
3814 http fetch GET 200 https://registry.npmjs.org/kind-of/-/kind-of-6.0.3.tgz 5605ms (cache miss)
3815 http fetch GET 200 https://registry.npmjs.org/postcss-loader/-/postcss-loader-6.2.1.tgz 5644ms (cache miss)
3816 http fetch GET 200 https://registry.npmjs.org/jsprim/-/jsprim-2.0.2.tgz 5657ms (cache miss)
3817 http fetch GET 200 https://registry.npmjs.org/keyv/-/keyv-4.5.4.tgz 5658ms (cache miss)
3818 http fetch GET 200 https://registry.npmjs.org/lodash.once/-/lodash.once-4.1.1.tgz 5668ms (cache miss)
3819 http fetch GET 200 https://registry.npmjs.org/jsonpointer/-/jsonpointer-5.0.1.tgz 5664ms (cache miss)
3820 http fetch GET 200 https://registry.npmjs.org/lodash.memoize/-/lodash.memoize-4.1.2.tgz 5671ms (cache miss)
3821 http fetch GET 200 https://registry.npmjs.org/lodash.flow/-/lodash.flow-3.5.0.tgz 5672ms (cache miss)
3822 http fetch GET 200 https://registry.npmjs.org/loader-utils/-/loader-utils-2.0.4.tgz 5672ms (cache miss)
3823 http fetch GET 200 https://registry.npmjs.org/locate-path/-/locate-path-3.0.0.tgz 5672ms (cache miss)
3824 http fetch GET 200 https://registry.npmjs.org/language-tags/-/language-tags-1.0.9.tgz 5671ms (cache miss)
3825 http fetch GET 200 https://registry.npmjs.org/lodash.sortby/-/lodash.sortby-4.7.0.tgz 5676ms (cache miss)
3826 http fetch GET 200 https://registry.npmjs.org/lodash.debounce/-/lodash.debounce-4.0.8.tgz 5681ms (cache miss)
3827 http fetch GET 200 https://registry.npmjs.org/json-stable-stringify-without-jsonify/-/json-stable-stringify-without-jsonify-1.0.1.tgz 5756ms (cache miss)
3828 http fetch GET 200 https://registry.npmjs.org/json-stringify-safe/-/json-stringify-safe-5.0.1.tgz 5757ms (cache miss)
3829 http fetch GET 200 https://registry.npmjs.org/lodash.merge/-/lodash.merge-4.6.2.tgz 5777ms (cache miss)
3830 http fetch GET 200 https://registry.npmjs.org/klona/-/klona-2.0.6.tgz 5779ms (cache miss)
3831 http fetch GET 200 https://registry.npmjs.org/postcss-color-functional-notation/-/postcss-color-functional-notation-4.2.4.tgz 5830ms (cache miss)
3832 http fetch GET 200 https://registry.npmjs.org/kleur/-/kleur-3.0.3.tgz 5834ms (cache miss)
3833 http fetch GET 200 https://registry.npmjs.org/jsonfile/-/jsonfile-6.1.0.tgz 5834ms (cache miss)
3834 http fetch GET 200 https://registry.npmjs.org/optionator/-/optionator-0.9.4.tgz 5871ms (cache miss)
3835 http fetch GET 200 https://registry.npmjs.org/jest-validate/-/jest-validate-27.5.1.tgz 5848ms (cache miss)
3836 http fetch GET 200 https://registry.npmjs.org/jest-watcher/-/jest-watcher-27.5.1.tgz 5850ms (cache miss)
3837 http fetch GET 200 https://registry.npmjs.org/jest-util/-/jest-util-27.5.1.tgz 5851ms (cache miss)
3838 http fetch GET 200 https://registry.npmjs.org/jest-resolve/-/jest-resolve-27.5.1.tgz 5953ms (cache miss)
3839 http fetch GET 200 https://registry.npmjs.org/json-buffer/-/json-buffer-3.0.1.tgz 5997ms (cache miss)
3840 http fetch GET 200 https://registry.npmjs.org/source-map-js/-/source-map-js-1.2.1.tgz 6074ms (cache miss)
3841 http fetch GET 200 https://registry.npmjs.org/js-tokens/-/js-tokens-4.0.0.tgz 6014ms (cache miss)
3842 http fetch GET 200 https://registry.npmjs.org/jsesc/-/jsesc-3.1.0.tgz 6014ms (cache miss)
3843 http fetch GET 200 https://registry.npmjs.org/json-parse-even-better-errors/-/json-parse-even-better-errors-2.3.1.tgz 6015ms (cache miss)
3844 http fetch GET 200 https://registry.npmjs.org/jest-regex-util/-/jest-regex-util-27.5.1.tgz 6021ms (cache miss)
3845 http fetch GET 200 https://registry.npmjs.org/jest-resolve-dependencies/-/jest-resolve-dependencies-27.5.1.tgz 6058ms (cache miss)
3846 http fetch GET 200 https://registry.npmjs.org/jest-matcher-utils/-/jest-matcher-utils-27.5.1.tgz 6058ms (cache miss)
3847 http fetch GET 200 https://registry.npmjs.org/minipass/-/minipass-4.2.8.tgz 6110ms (cache miss)
3848 http fetch GET 200 https://registry.npmjs.org/jest-serializer/-/jest-serializer-27.5.1.tgz 6108ms (cache miss)
3849 http fetch GET 200 https://registry.npmjs.org/jest-message-util/-/jest-message-util-27.5.1.tgz 6130ms (cache miss)
3850 http fetch GET 200 https://registry.npmjs.org/jest-environment-node/-/jest-environment-node-27.5.1.tgz 6132ms (cache miss)
3851 http fetch GET 200 https://registry.npmjs.org/jest-docblock/-/jest-docblock-27.5.1.tgz 6132ms (cache miss)
3852 http fetch GET 200 https://registry.npmjs.org/jest-environment-jsdom/-/jest-environment-jsdom-27.5.1.tgz 6135ms (cache miss)
3853 http fetch GET 200 https://registry.npmjs.org/prop-types/-/prop-types-15.8.1.tgz 6203ms (cache miss)
3854 http fetch GET 200 https://registry.npmjs.org/jest-watch-typeahead/-/jest-watch-typeahead-1.1.0.tgz 6175ms (cache miss)
3855 http fetch GET 200 https://registry.npmjs.org/jest-leak-detector/-/jest-leak-detector-27.5.1.tgz 6229ms (cache miss)
3856 http fetch GET 200 https://registry.npmjs.org/jest-pnp-resolver/-/jest-pnp-resolver-1.2.3.tgz 6231ms (cache miss)
3857 http fetch GET 200 https://registry.npmjs.org/jest-each/-/jest-each-27.5.1.tgz 6230ms (cache miss)
3858 http fetch GET 200 https://registry.npmjs.org/iterator.prototype/-/iterator.prototype-1.1.5.tgz 6230ms (cache miss)
3859 http fetch GET 200 https://registry.npmjs.org/workbox-streams/-/workbox-streams-6.6.0.tgz 6345ms (cache miss)
3860 http fetch GET 200 https://registry.npmjs.org/json-schema/-/json-schema-0.4.0.tgz 6269ms (cache miss)
3861 http fetch GET 200 https://registry.npmjs.org/jest-get-type/-/jest-get-type-27.5.1.tgz 6324ms (cache miss)
3862 http fetch GET 200 https://registry.npmjs.org/isexe/-/isexe-2.0.0.tgz 6441ms (cache miss)
3863 http fetch GET 200 https://registry.npmjs.org/isarray/-/isarray-2.0.5.tgz 6440ms (cache miss)
3864 http fetch GET 200 https://registry.npmjs.org/is-weakset/-/is-weakset-2.0.4.tgz 6452ms (cache miss)
3865 http fetch GET 200 https://registry.npmjs.org/is-typedarray/-/is-typedarray-1.0.0.tgz 6452ms (cache miss)
3866 http fetch GET 200 https://registry.npmjs.org/jest-changed-files/-/jest-changed-files-27.5.1.tgz 6554ms (cache miss)
3867 http fetch GET 200 https://registry.npmjs.org/tabbable/-/tabbable-6.2.0.tgz 6658ms (cache miss)
3868 http fetch GET 200 https://registry.npmjs.org/is-typed-array/-/is-typed-array-1.1.15.tgz 6582ms (cache miss)
3869 http fetch GET 200 https://registry.npmjs.org/is-string/-/is-string-1.1.1.tgz 6583ms (cache miss)
3870 http fetch GET 200 https://registry.npmjs.org/is-unicode-supported/-/is-unicode-supported-0.1.0.tgz 6585ms (cache miss)
3871 http fetch GET 200 https://registry.npmjs.org/is-symbol/-/is-symbol-1.1.1.tgz 6584ms (cache miss)
3872 http fetch GET 200 https://registry.npmjs.org/is-regexp/-/is-regexp-1.0.0.tgz 6589ms (cache miss)
3873 http fetch GET 200 https://registry.npmjs.org/jest-mock/-/jest-mock-27.5.1.tgz 6640ms (cache miss)
3874 http fetch GET 200 https://registry.npmjs.org/istanbul-lib-coverage/-/istanbul-lib-coverage-3.2.2.tgz 6639ms (cache miss)
3875 http fetch GET 200 https://registry.npmjs.org/jest/-/jest-27.5.1.tgz 6642ms (cache miss)
3876 http fetch GET 200 https://registry.npmjs.org/nwsapi/-/nwsapi-2.2.18.tgz 6698ms (cache miss)
3877 http fetch GET 200 https://registry.npmjs.org/is-set/-/is-set-2.0.3.tgz 6701ms (cache miss)
3878 http fetch GET 200 https://registry.npmjs.org/is-wsl/-/is-wsl-2.2.0.tgz 6704ms (cache miss)
3879 http fetch GET 200 https://registry.npmjs.org/is-regex/-/is-regex-1.2.1.tgz 6702ms (cache miss)
3880 http fetch GET 200 https://registry.npmjs.org/is-potential-custom-element-name/-/is-potential-custom-element-name-1.0.1.tgz 6704ms (cache miss)
3881 http fetch GET 200 https://registry.npmjs.org/is-weakref/-/is-weakref-1.1.1.tgz 6708ms (cache miss)
3882 http fetch GET 200 https://registry.npmjs.org/is-path-inside/-/is-path-inside-3.0.3.tgz 6706ms (cache miss)
3883 http fetch GET 200 https://registry.npmjs.org/isstream/-/isstream-0.1.2.tgz 6778ms (cache miss)
3884 http fetch GET 200 https://registry.npmjs.org/picomatch/-/picomatch-2.3.1.tgz 6832ms (cache miss)
3885 http fetch GET 200 https://registry.npmjs.org/postcss-import/-/postcss-import-15.1.0.tgz 6853ms (cache miss)
3886 http fetch GET 200 https://registry.npmjs.org/is-weakmap/-/is-weakmap-2.0.2.tgz 6809ms (cache miss)
3887 http fetch GET 200 https://registry.npmjs.org/is-stream/-/is-stream-2.0.1.tgz 6810ms (cache miss)
3888 http fetch GET 200 https://registry.npmjs.org/is-root/-/is-root-2.1.0.tgz 6810ms (cache miss)
3889 http fetch GET 200 https://registry.npmjs.org/is-plain-obj/-/is-plain-obj-3.0.0.tgz 6808ms (cache miss)
3890 http fetch GET 200 https://registry.npmjs.org/is-fullwidth-code-point/-/is-fullwidth-code-point-3.0.0.tgz 6808ms (cache miss)
3891 http fetch GET 200 https://registry.npmjs.org/workbox-broadcast-update/-/workbox-broadcast-update-6.6.0.tgz 6922ms (cache miss)
3892 http fetch GET 200 https://registry.npmjs.org/is-generator-fn/-/is-generator-fn-2.1.0.tgz 6810ms (cache miss)
3893 http fetch GET 200 https://registry.npmjs.org/regexp.prototype.flags/-/regexp.prototype.flags-1.5.4.tgz 6939ms (cache miss)
3894 http fetch GET 200 https://registry.npmjs.org/is-glob/-/is-glob-4.0.3.tgz 6878ms (cache miss)
3895 http fetch GET 200 https://registry.npmjs.org/is-finalizationregistry/-/is-finalizationregistry-1.1.1.tgz 6878ms (cache miss)
3896 http fetch GET 200 https://registry.npmjs.org/is-boolean-object/-/is-boolean-object-1.2.2.tgz 6878ms (cache miss)
3897 http fetch GET 200 https://registry.npmjs.org/is-extglob/-/is-extglob-2.1.1.tgz 6879ms (cache miss)
3898 http fetch GET 200 https://registry.npmjs.org/is-docker/-/is-docker-2.2.1.tgz 6878ms (cache miss)
3899 http fetch GET 200 https://registry.npmjs.org/is-number-object/-/is-number-object-1.1.1.tgz 6893ms (cache miss)
3900 http fetch GET 200 https://registry.npmjs.org/is-number/-/is-number-7.0.0.tgz 6894ms (cache miss)
3901 http fetch GET 200 https://registry.npmjs.org/is-data-view/-/is-data-view-1.0.2.tgz 6936ms (cache miss)
3902 http fetch GET 200 https://registry.npmjs.org/is-arrayish/-/is-arrayish-0.2.1.tgz 6936ms (cache miss)
3903 http fetch GET 200 https://registry.npmjs.org/is-binary-path/-/is-binary-path-2.1.0.tgz 6937ms (cache miss)
3904 http fetch GET 200 https://registry.npmjs.org/is-obj/-/is-obj-1.0.1.tgz 6949ms (cache miss)
3905 http fetch GET 200 https://registry.npmjs.org/is-installed-globally/-/is-installed-globally-0.4.0.tgz 6971ms (cache miss)
3906 http fetch GET 200 https://registry.npmjs.org/is-module/-/is-module-1.0.0.tgz 6972ms (cache miss)
3907 http fetch GET 200 https://registry.npmjs.org/is-map/-/is-map-2.0.3.tgz 6972ms (cache miss)
3908 http fetch GET 200 https://registry.npmjs.org/is-shared-array-buffer/-/is-shared-array-buffer-1.0.4.tgz 6973ms (cache miss)
3909 http fetch GET 200 https://registry.npmjs.org/mime-db/-/mime-db-1.52.0.tgz 7024ms (cache miss)
3910 http fetch GET 200 https://registry.npmjs.org/is-async-function/-/is-async-function-2.1.1.tgz 6996ms (cache miss)
3911 http fetch GET 200 https://registry.npmjs.org/inherits/-/inherits-2.0.4.tgz 6998ms (cache miss)
3912 http fetch GET 200 https://registry.npmjs.org/is-array-buffer/-/is-array-buffer-3.0.5.tgz 6999ms (cache miss)
3913 http fetch GET 200 https://registry.npmjs.org/ipaddr.js/-/ipaddr.js-2.2.0.tgz 7000ms (cache miss)
3914 http fetch GET 200 https://registry.npmjs.org/inflight/-/inflight-1.0.6.tgz 6999ms (cache miss)
3915 http fetch GET 200 https://registry.npmjs.org/internmap/-/internmap-2.0.3.tgz 6999ms (cache miss)
3916 http fetch GET 200 https://registry.npmjs.org/imurmurhash/-/imurmurhash-0.1.4.tgz 6999ms (cache miss)
3917 http fetch GET 200 https://registry.npmjs.org/is-core-module/-/is-core-module-2.16.1.tgz 7020ms (cache miss)
3918 http fetch GET 200 https://registry.npmjs.org/ignore/-/ignore-5.3.2.tgz 7066ms (cache miss)
3919 http fetch GET 200 https://registry.npmjs.org/import-local/-/import-local-3.2.0.tgz 7067ms (cache miss)
3920 http fetch GET 200 https://registry.npmjs.org/negotiator/-/negotiator-0.6.4.tgz 7108ms (cache miss)
3921 http fetch GET 200 https://registry.npmjs.org/own-keys/-/own-keys-1.0.1.tgz 7121ms (cache miss)
3922 http fetch GET 200 https://registry.npmjs.org/import-fresh/-/import-fresh-3.3.1.tgz 7100ms (cache miss)
3923 http fetch GET 200 https://registry.npmjs.org/identity-obj-proxy/-/identity-obj-proxy-3.0.0.tgz 7100ms (cache miss)
3924 http fetch GET 200 https://registry.npmjs.org/hyphenate-style-name/-/hyphenate-style-name-1.1.0.tgz 7096ms (cache miss)
3925 http fetch GET 200 https://registry.npmjs.org/ieee754/-/ieee754-1.2.1.tgz 7100ms (cache miss)
3926 http fetch GET 200 https://registry.npmjs.org/https-proxy-agent/-/https-proxy-agent-5.0.1.tgz 7124ms (cache miss)
3927 warn deprecated inflight@1.0.6: This module is not supported, and leaks memory. Do not use it. Check out lru-cache if you want a good and tested way to coalesce async requests by a key value, which is much more comprehensive and powerful.
3928 http fetch GET 200 https://registry.npmjs.org/internal-slot/-/internal-slot-1.1.0.tgz 7134ms (cache miss)
3929 http fetch GET 200 https://registry.npmjs.org/jsbn/-/jsbn-0.1.1.tgz 7160ms (cache miss)
3930 http fetch GET 200 https://registry.npmjs.org/ini/-/ini-1.3.8.tgz 7160ms (cache miss)
3931 http fetch GET 200 https://registry.npmjs.org/indent-string/-/indent-string-4.0.0.tgz 7160ms (cache miss)
3932 http fetch GET 200 https://registry.npmjs.org/http-parser-js/-/http-parser-js-0.5.9.tgz 7187ms (cache miss)
3933 http fetch GET 200 https://registry.npmjs.org/http-proxy-agent/-/http-proxy-agent-4.0.1.tgz 7189ms (cache miss)
3934 http fetch GET 200 https://registry.npmjs.org/hoopy/-/hoopy-0.1.4.tgz 7208ms (cache miss)
3935 http fetch GET 200 https://registry.npmjs.org/http-deceiver/-/http-deceiver-1.2.7.tgz 7209ms (cache miss)
3936 http fetch GET 200 https://registry.npmjs.org/html-escaper/-/html-escaper-2.0.2.tgz 7209ms (cache miss)
3937 http fetch GET 200 https://registry.npmjs.org/icss-utils/-/icss-utils-5.1.0.tgz 7218ms (cache miss)
3938 http fetch GET 200 https://registry.npmjs.org/style-loader/-/style-loader-3.3.4.tgz 7348ms (cache miss)
3939 http fetch GET 200 https://registry.npmjs.org/hasown/-/hasown-2.0.2.tgz 7267ms (cache miss)
3940 http fetch GET 200 https://registry.npmjs.org/has-flag/-/has-flag-4.0.0.tgz 7328ms (cache miss)
3941 http fetch GET 200 https://registry.npmjs.org/has-property-descriptors/-/has-property-descriptors-1.0.2.tgz 7327ms (cache miss)
3942 http fetch GET 200 https://registry.npmjs.org/handle-thing/-/handle-thing-2.0.1.tgz 7327ms (cache miss)
3943 http fetch GET 200 https://registry.npmjs.org/graceful-fs/-/graceful-fs-4.2.11.tgz 7327ms (cache miss)
3944 http fetch GET 200 https://registry.npmjs.org/has-tostringtag/-/has-tostringtag-1.0.2.tgz 7328ms (cache miss)
3945 http fetch GET 200 https://registry.npmjs.org/http-errors/-/http-errors-2.0.0.tgz 7343ms (cache miss)
3946 http fetch GET 200 https://registry.npmjs.org/html-encoding-sniffer/-/html-encoding-sniffer-2.0.1.tgz 7342ms (cache miss)
3947 http fetch GET 200 https://registry.npmjs.org/mime/-/mime-1.6.0.tgz 7384ms (cache miss)
3948 http fetch GET 200 https://registry.npmjs.org/source-map/-/source-map-0.7.4.tgz 7477ms (cache miss)
3949 http fetch GET 200 https://registry.npmjs.org/globals/-/globals-11.12.0.tgz 7381ms (cache miss)
3950 http fetch GET 200 https://registry.npmjs.org/gzip-size/-/gzip-size-6.0.0.tgz 7382ms (cache miss)
3951 http fetch GET 200 https://registry.npmjs.org/global-modules/-/global-modules-2.0.0.tgz 7381ms (cache miss)
3952 http fetch GET 200 https://registry.npmjs.org/gopd/-/gopd-1.2.0.tgz 7382ms (cache miss)
3953 http fetch GET 200 https://registry.npmjs.org/he/-/he-1.2.0.tgz 7396ms (cache miss)
3954 http fetch GET 200 https://registry.npmjs.org/has-symbols/-/has-symbols-1.1.0.tgz 7439ms (cache miss)
3955 http fetch GET 200 https://registry.npmjs.org/glob-to-regexp/-/glob-to-regexp-0.4.1.tgz 7437ms (cache miss)
3956 http fetch GET 200 https://registry.npmjs.org/global-dirs/-/global-dirs-3.0.1.tgz 7437ms (cache miss)
3957 http fetch GET 200 https://registry.npmjs.org/get-symbol-description/-/get-symbol-description-1.1.0.tgz 7438ms (cache miss)
3958 http fetch GET 200 https://registry.npmjs.org/global-prefix/-/global-prefix-3.0.0.tgz 7438ms (cache miss)
3959 http fetch GET 200 https://registry.npmjs.org/get-stream/-/get-stream-6.0.1.tgz 7438ms (cache miss)
3960 http fetch GET 200 https://registry.npmjs.org/functions-have-names/-/functions-have-names-1.2.3.tgz 7483ms (cache miss)
3961 http fetch GET 200 https://registry.npmjs.org/regenerator-transform/-/regenerator-transform-0.15.2.tgz 7624ms (cache miss)
3962 http fetch GET 200 https://registry.npmjs.org/json-schema-traverse/-/json-schema-traverse-0.4.1.tgz 7572ms (cache miss)
3963 http fetch GET 200 https://registry.npmjs.org/harmony-reflect/-/harmony-reflect-1.6.2.tgz 7548ms (cache miss)
3964 http fetch GET 200 https://registry.npmjs.org/getpass/-/getpass-0.1.7.tgz 7545ms (cache miss)
3965 http fetch GET 200 https://registry.npmjs.org/get-package-type/-/get-package-type-0.1.0.tgz 7546ms (cache miss)
3966 http fetch GET 200 https://registry.npmjs.org/fs-monkey/-/fs-monkey-1.0.6.tgz 7544ms (cache miss)
3967 http fetch GET 200 https://registry.npmjs.org/forwarded/-/forwarded-0.2.0.tgz 7544ms (cache miss)
3968 http fetch GET 200 https://registry.npmjs.org/fresh/-/fresh-0.5.2.tgz 7546ms (cache miss)
3969 http fetch GET 200 https://registry.npmjs.org/glob-parent/-/glob-parent-6.0.2.tgz 7616ms (cache miss)
3970 http fetch GET 200 https://registry.npmjs.org/get-caller-file/-/get-caller-file-2.0.5.tgz 7615ms (cache miss)
3971 http fetch GET 200 https://registry.npmjs.org/get-own-enumerable-property-symbols/-/get-own-enumerable-property-symbols-3.0.2.tgz 7615ms (cache miss)
3972 http fetch GET 200 https://registry.npmjs.org/for-each/-/for-each-0.3.5.tgz 7615ms (cache miss)
3973 http fetch GET 200 https://registry.npmjs.org/form-data/-/form-data-3.0.3.tgz 7615ms (cache miss)
3974 http fetch GET 200 https://registry.npmjs.org/jest-runtime/-/jest-runtime-27.5.1.tgz 7652ms (cache miss)
3975 http fetch GET 200 https://registry.npmjs.org/follow-redirects/-/follow-redirects-1.15.9.tgz 7666ms (cache miss)
3976 http fetch GET 200 https://registry.npmjs.org/foreground-child/-/foreground-child-3.3.1.tgz 7667ms (cache miss)
3977 http fetch GET 200 https://registry.npmjs.org/find-up/-/find-up-3.0.0.tgz 7667ms (cache miss)
3978 http fetch GET 200 https://registry.npmjs.org/find-babel-config/-/find-babel-config-2.1.2.tgz 7667ms (cache miss)
3979 http fetch GET 200 https://registry.npmjs.org/flat-cache/-/flat-cache-3.2.0.tgz 7669ms (cache miss)
3980 http fetch GET 200 https://registry.npmjs.org/flatted/-/flatted-3.3.3.tgz 7673ms (cache miss)
3981 http fetch GET 200 https://registry.npmjs.org/filesize/-/filesize-8.0.7.tgz 7716ms (cache miss)
3982 http fetch GET 200 https://registry.npmjs.org/find-cache-dir/-/find-cache-dir-3.3.2.tgz 7725ms (cache miss)
3983 http fetch GET 200 https://registry.npmjs.org/fill-range/-/fill-range-7.1.1.tgz 7726ms (cache miss)
3984 http fetch GET 200 https://registry.npmjs.org/file-loader/-/file-loader-6.2.0.tgz 7727ms (cache miss)
3985 http fetch GET 200 https://registry.npmjs.org/filelist/-/filelist-1.0.4.tgz 7727ms (cache miss)
3986 http fetch GET 200 https://registry.npmjs.org/file-entry-cache/-/file-entry-cache-6.0.1.tgz 7728ms (cache miss)
3987 http fetch GET 200 https://registry.npmjs.org/fs.realpath/-/fs.realpath-1.0.0.tgz 7734ms (cache miss)
3988 http fetch GET 200 https://registry.npmjs.org/forever-agent/-/forever-agent-0.6.1.tgz 7734ms (cache miss)
3989 http fetch GET 200 https://registry.npmjs.org/fb-watchman/-/fb-watchman-2.0.2.tgz 7743ms (cache miss)
3990 http fetch GET 200 https://registry.npmjs.org/fd-slicer/-/fd-slicer-1.1.0.tgz 7745ms (cache miss)
3991 http fetch GET 200 https://registry.npmjs.org/fast-json-stable-stringify/-/fast-json-stable-stringify-2.1.0.tgz 7751ms (cache miss)
3992 http fetch GET 200 https://registry.npmjs.org/fast-levenshtein/-/fast-levenshtein-2.0.6.tgz 7752ms (cache miss)
3993 http fetch GET 200 https://registry.npmjs.org/figures/-/figures-3.2.0.tgz 7755ms (cache miss)
3994 http fetch GET 200 https://registry.npmjs.org/svg-pathdata/-/svg-pathdata-6.0.3.tgz 7894ms (cache miss)
3995 http fetch GET 200 https://registry.npmjs.org/find-root/-/find-root-1.1.0.tgz 7787ms (cache miss)
3996 http fetch GET 200 https://registry.npmjs.org/finalhandler/-/finalhandler-1.3.1.tgz 7788ms (cache miss)
3997 http fetch GET 200 https://registry.npmjs.org/fastq/-/fastq-1.19.1.tgz 7784ms (cache miss)
3998 http fetch GET 200 https://registry.npmjs.org/extsprintf/-/extsprintf-1.3.0.tgz 7785ms (cache miss)
3999 http fetch GET 200 https://registry.npmjs.org/extract-zip/-/extract-zip-2.0.1.tgz 7800ms (cache miss)
4000 http fetch GET 200 https://registry.npmjs.org/schema-utils/-/schema-utils-4.3.0.tgz 7946ms (cache miss)
4001 http fetch GET 200 https://registry.npmjs.org/execa/-/execa-5.1.1.tgz 7847ms (cache miss)
4002 http fetch GET 200 https://registry.npmjs.org/extend/-/extend-3.0.2.tgz 7849ms (cache miss)
4003 http fetch GET 200 https://registry.npmjs.org/executable/-/executable-4.1.1.tgz 7850ms (cache miss)
4004 http fetch GET 200 https://registry.npmjs.org/eventemitter3/-/eventemitter3-4.0.7.tgz 7902ms (cache miss)
4005 http fetch GET 200 https://registry.npmjs.org/estree-walker/-/estree-walker-1.0.1.tgz 7902ms (cache miss)
4006 http fetch GET 200 https://registry.npmjs.org/long/-/long-5.3.1.tgz 7959ms (cache miss)
4007 http fetch GET 200 https://registry.npmjs.org/esrecurse/-/esrecurse-4.3.0.tgz 7921ms (cache miss)
4008 http fetch GET 200 https://registry.npmjs.org/fast-deep-equal/-/fast-deep-equal-3.1.3.tgz 7977ms (cache miss)
4009 http fetch GET 200 https://registry.npmjs.org/eslint-webpack-plugin/-/eslint-webpack-plugin-3.2.0.tgz 7982ms (cache miss)
4010 http fetch GET 200 https://registry.npmjs.org/etag/-/etag-1.8.1.tgz 8023ms (cache miss)
4011 http fetch GET 200 https://registry.npmjs.org/eslint-config-react-app/-/eslint-config-react-app-7.0.1.tgz 8022ms (cache miss)
4012 http fetch GET 200 https://registry.npmjs.org/globby/-/globby-11.1.0.tgz 8079ms (cache miss)
4013 http fetch GET 200 https://registry.npmjs.org/jest-runner/-/jest-runner-27.5.1.tgz 8120ms (cache miss)
4014 http fetch GET 200 https://registry.npmjs.org/escape-html/-/escape-html-1.0.3.tgz 8075ms (cache miss)
4015 http fetch GET 200 https://registry.npmjs.org/eslint-import-resolver-node/-/eslint-import-resolver-node-0.3.9.tgz 8077ms (cache miss)
4016 http fetch GET 200 https://registry.npmjs.org/estraverse/-/estraverse-5.3.0.tgz 8132ms (cache miss)
4017 http fetch GET 200 https://registry.npmjs.org/escape-string-regexp/-/escape-string-regexp-4.0.0.tgz 8130ms (cache miss)
4018 http fetch GET 200 https://registry.npmjs.org/es-object-atoms/-/es-object-atoms-1.1.1.tgz 8130ms (cache miss)
4019 http fetch GET 200 https://registry.npmjs.org/es-set-tostringtag/-/es-set-tostringtag-2.1.0.tgz 8130ms (cache miss)
4020 http fetch GET 200 https://registry.npmjs.org/es-errors/-/es-errors-1.3.0.tgz 8130ms (cache miss)
4021 http fetch GET 200 https://registry.npmjs.org/es-define-property/-/es-define-property-1.0.1.tgz 8131ms (cache miss)
4022 http fetch GET 200 https://registry.npmjs.org/http-signature/-/http-signature-1.4.0.tgz 8165ms (cache miss)
4023 http fetch GET 200 https://registry.npmjs.org/resolve-url-loader/-/resolve-url-loader-4.0.0.tgz 8265ms (cache miss)
4024 http fetch GET 200 https://registry.npmjs.org/error-ex/-/error-ex-1.3.2.tgz 8185ms (cache miss)
4025 http fetch GET 200 https://registry.npmjs.org/no-case/-/no-case-3.0.4.tgz 8291ms (cache miss)
4026 http fetch GET 200 https://registry.npmjs.org/gensync/-/gensync-1.0.0-beta.2.tgz 8245ms (cache miss)
4027 http fetch GET 200 https://registry.npmjs.org/emojis-list/-/emojis-list-3.0.0.tgz 8236ms (cache miss)
4028 http fetch GET 200 https://registry.npmjs.org/encodeurl/-/encodeurl-2.0.0.tgz 8235ms (cache miss)
4029 http fetch GET 200 https://registry.npmjs.org/emittery/-/emittery-0.8.1.tgz 8234ms (cache miss)
4030 http fetch GET 200 https://registry.npmjs.org/ee-first/-/ee-first-1.1.1.tgz 8234ms (cache miss)
4031 http fetch GET 200 https://registry.npmjs.org/performance-now/-/performance-now-2.1.0.tgz 8353ms (cache miss)
4032 http fetch GET 200 https://registry.npmjs.org/es-array-method-boxes-properly/-/es-array-method-boxes-properly-1.0.0.tgz 8372ms (cache miss)
4033 http fetch GET 200 https://registry.npmjs.org/duplexer/-/duplexer-0.1.2.tgz 8367ms (cache miss)
4034 http fetch GET 200 https://registry.npmjs.org/eastasianwidth/-/eastasianwidth-0.2.0.tgz 8368ms (cache miss)
4035 http fetch GET 200 https://registry.npmjs.org/recharts-scale/-/recharts-scale-0.4.5.tgz 8511ms (cache miss)
4036 http fetch GET 200 https://registry.npmjs.org/istanbul-lib-instrument/-/istanbul-lib-instrument-5.2.1.tgz 8484ms (cache miss)
4037 http fetch GET 200 https://registry.npmjs.org/istanbul-lib-source-maps/-/istanbul-lib-source-maps-4.0.1.tgz 8497ms (cache miss)
4038 http fetch GET 200 https://registry.npmjs.org/ecc-jsbn/-/ecc-jsbn-0.1.2.tgz 8448ms (cache miss)
4039 http fetch GET 200 https://registry.npmjs.org/hoist-non-react-statics/-/hoist-non-react-statics-3.3.2.tgz 8483ms (cache miss)
4040 http fetch GET 200 https://registry.npmjs.org/dot-case/-/dot-case-3.0.4.tgz 8453ms (cache miss)
4041 http fetch GET 200 https://registry.npmjs.org/end-of-stream/-/end-of-stream-1.4.4.tgz 8460ms (cache miss)
4042 http fetch GET 200 https://registry.npmjs.org/domelementtype/-/domelementtype-2.3.0.tgz 8519ms (cache miss)
4043 http fetch GET 200 https://registry.npmjs.org/dom-serializer/-/dom-serializer-1.4.1.tgz 8522ms (cache miss)
4044 http fetch GET 200 https://registry.npmjs.org/domexception/-/domexception-2.0.1.tgz 8523ms (cache miss)
4045 http fetch GET 200 https://registry.npmjs.org/dotenv/-/dotenv-10.0.0.tgz 8534ms (cache miss)
4046 http fetch GET 200 https://registry.npmjs.org/didyoumean/-/didyoumean-1.2.2.tgz 8573ms (cache miss)
4047 http fetch GET 200 https://registry.npmjs.org/dom-converter/-/dom-converter-0.2.0.tgz 8575ms (cache miss)
4048 http fetch GET 200 https://registry.npmjs.org/dunder-proto/-/dunder-proto-1.0.1.tgz 8582ms (cache miss)
4049 http fetch GET 200 https://registry.npmjs.org/dlv/-/dlv-1.1.3.tgz 8602ms (cache miss)
4050 http fetch GET 200 https://registry.npmjs.org/is-callable/-/is-callable-1.2.7.tgz 8654ms (cache miss)
4051 http fetch GET 200 https://registry.npmjs.org/detect-newline/-/detect-newline-3.1.0.tgz 8602ms (cache miss)
4052 http fetch GET 200 https://registry.npmjs.org/react-to-print/-/react-to-print-3.1.0.tgz 8753ms (cache miss)
4053 http fetch GET 200 https://registry.npmjs.org/depd/-/depd-2.0.0.tgz 8645ms (cache miss)
4054 http fetch GET 200 https://registry.npmjs.org/delayed-stream/-/delayed-stream-1.0.0.tgz 8645ms (cache miss)
4055 http fetch GET 200 https://registry.npmjs.org/qs/-/qs-6.13.0.tgz 8769ms (cache miss)
4056 http fetch GET 200 https://registry.npmjs.org/define-lazy-prop/-/define-lazy-prop-2.0.0.tgz 8712ms (cache miss)
4057 http fetch GET 200 https://registry.npmjs.org/default-gateway/-/default-gateway-6.0.3.tgz 8712ms (cache miss)
4058 http fetch GET 200 https://registry.npmjs.org/deep-is/-/deep-is-0.1.4.tgz 8712ms (cache miss)
4059 http fetch GET 200 https://registry.npmjs.org/dedent/-/dedent-0.7.0.tgz 8712ms (cache miss)
4060 http fetch GET 200 https://registry.npmjs.org/spdy-transport/-/spdy-transport-3.0.0.tgz 8869ms (cache miss)
4061 http fetch GET 200 https://registry.npmjs.org/detect-node/-/detect-node-2.1.0.tgz 8730ms (cache miss)
4062 http fetch GET 200 https://registry.npmjs.org/destroy/-/destroy-1.2.0.tgz 8759ms (cache miss)
4063 http fetch GET 200 https://registry.npmjs.org/data-view-byte-offset/-/data-view-byte-offset-1.0.1.tgz 8816ms (cache miss)
4064 http fetch GET 200 https://registry.npmjs.org/data-urls/-/data-urls-2.0.0.tgz 8816ms (cache miss)
4065 http fetch GET 200 https://registry.npmjs.org/eventemitter2/-/eventemitter2-6.4.7.tgz 8867ms (cache miss)
4066 http fetch GET 200 https://registry.npmjs.org/is-bigint/-/is-bigint-1.1.0.tgz 8900ms (cache miss)
4067 http fetch GET 200 https://registry.npmjs.org/dir-glob/-/dir-glob-3.0.1.tgz 8862ms (cache miss)
4068 http fetch GET 200 https://registry.npmjs.org/react-app-rewired/-/react-app-rewired-2.2.1.tgz 8990ms (cache miss)
4069 http fetch GET 200 https://registry.npmjs.org/fraction.js/-/fraction.js-4.3.7.tgz 8903ms (cache miss)
4070 http fetch GET 200 https://registry.npmjs.org/damerau-levenshtein/-/damerau-levenshtein-1.0.8.tgz 8875ms (cache miss)
4071 http fetch GET 200 https://registry.npmjs.org/data-view-byte-length/-/data-view-byte-length-1.0.2.tgz 8877ms (cache miss)
4072 http fetch GET 200 https://registry.npmjs.org/data-view-buffer/-/data-view-buffer-1.0.2.tgz 8878ms (cache miss)
4073 http fetch GET 200 https://registry.npmjs.org/esutils/-/esutils-2.0.3.tgz 8949ms (cache miss)
4074 http fetch GET 200 https://registry.npmjs.org/html-minifier-terser/-/html-minifier-terser-6.1.0.tgz 8989ms (cache miss)
4075 http fetch GET 200 https://registry.npmjs.org/undici-types/-/undici-types-6.20.0.tgz 9112ms (cache miss)
4076 http fetch GET 200 https://registry.npmjs.org/d3-path/-/d3-path-3.1.0.tgz 8972ms (cache miss)
4077 http fetch GET 200 https://registry.npmjs.org/d3-format/-/d3-format-3.1.0.tgz 8973ms (cache miss)
4078 http fetch GET 200 https://registry.npmjs.org/d3-time/-/d3-time-3.1.0.tgz 8976ms (cache miss)
4079 http fetch GET 200 https://registry.npmjs.org/magic-string/-/magic-string-0.25.9.tgz 9075ms (cache miss)
4080 http fetch GET 200 https://registry.npmjs.org/dotenv-expand/-/dotenv-expand-5.1.0.tgz 9013ms (cache miss)
4081 http fetch GET 200 https://registry.npmjs.org/d3-timer/-/d3-timer-3.0.1.tgz 9039ms (cache miss)
4082 http fetch GET 200 https://registry.npmjs.org/cssnano-utils/-/cssnano-utils-3.1.0.tgz 9035ms (cache miss)
4083 http fetch GET 200 https://registry.npmjs.org/d3-ease/-/d3-ease-3.0.1.tgz 9039ms (cache miss)
4084 http fetch GET 200 https://registry.npmjs.org/istanbul-lib-report/-/istanbul-lib-report-3.0.1.tgz 9122ms (cache miss)
4085 http fetch GET 200 https://registry.npmjs.org/eslint-plugin-react-hooks/-/eslint-plugin-react-hooks-4.6.2.tgz 9084ms (cache miss)
4086 http fetch GET 200 https://registry.npmjs.org/cssesc/-/cssesc-3.0.0.tgz 9081ms (cache miss)
4087 http fetch GET 200 https://registry.npmjs.org/d3-color/-/d3-color-3.1.0.tgz 9084ms (cache miss)
4088 http fetch GET 200 https://registry.npmjs.org/cssnano-preset-default/-/cssnano-preset-default-5.2.14.tgz 9082ms (cache miss)
4089 http fetch GET 200 https://registry.npmjs.org/css-what/-/css-what-6.1.0.tgz 9092ms (cache miss)
4090 http fetch GET 200 https://registry.npmjs.org/is-date-object/-/is-date-object-1.1.0.tgz 9166ms (cache miss)
4091 http fetch GET 200 https://registry.npmjs.org/object.entries/-/object.entries-1.1.8.tgz 9205ms (cache miss)
4092 http fetch GET 200 https://registry.npmjs.org/get-intrinsic/-/get-intrinsic-1.3.0.tgz 9164ms (cache miss)
4093 http fetch GET 200 https://registry.npmjs.org/css-minimizer-webpack-plugin/-/css-minimizer-webpack-plugin-3.4.1.tgz 9118ms (cache miss)
4094 http fetch GET 200 https://registry.npmjs.org/is-generator-function/-/is-generator-function-1.1.0.tgz 9231ms (cache miss)
4095 http fetch GET 200 https://registry.npmjs.org/escodegen/-/escodegen-2.1.0.tgz 9235ms (cache miss)
4096 http fetch GET 200 https://registry.npmjs.org/cross-spawn/-/cross-spawn-7.0.6.tgz 9205ms (cache miss)
4097 http fetch GET 200 https://registry.npmjs.org/core-util-is/-/core-util-is-1.0.3.tgz 9205ms (cache miss)
4098 http fetch GET 200 https://registry.npmjs.org/has-bigints/-/has-bigints-1.1.0.tgz 9313ms (cache miss)
4099 http fetch GET 200 https://registry.npmjs.org/cookie/-/cookie-1.0.2.tgz 9262ms (cache miss)
4100 http fetch GET 200 https://registry.npmjs.org/css-mediaquery/-/css-mediaquery-0.1.2.tgz 9297ms (cache miss)
4101 http fetch GET 200 https://registry.npmjs.org/connect-history-api-fallback/-/connect-history-api-fallback-2.0.0.tgz 9294ms (cache miss)
4102 http fetch GET 200 https://registry.npmjs.org/content-disposition/-/content-disposition-0.5.4.tgz 9295ms (cache miss)
4103 http fetch GET 200 https://registry.npmjs.org/confusing-browser-globals/-/confusing-browser-globals-1.0.11.tgz 9295ms (cache miss)
4104 http fetch GET 200 https://registry.npmjs.org/concat-map/-/concat-map-0.0.1.tgz 9296ms (cache miss)
4105 http fetch GET 200 https://registry.npmjs.org/compressible/-/compressible-2.0.18.tgz 9297ms (cache miss)
4106 http fetch GET 200 https://registry.npmjs.org/crypto-random-string/-/crypto-random-string-2.0.0.tgz 9331ms (cache miss)
4107 http fetch GET 200 https://registry.npmjs.org/content-type/-/content-type-1.0.5.tgz 9337ms (cache miss)
4108 http fetch GET 200 https://registry.npmjs.org/css-declaration-sorter/-/css-declaration-sorter-6.4.1.tgz 9348ms (cache miss)
4109 http fetch GET 200 https://registry.npmjs.org/reselect/-/reselect-4.1.8.tgz 9494ms (cache miss)
4110 http fetch GET 200 https://registry.npmjs.org/detect-libc/-/detect-libc-1.0.3.tgz 9366ms (cache miss)
4111 http fetch GET 200 https://registry.npmjs.org/compression/-/compression-1.8.0.tgz 9351ms (cache miss)
4112 http fetch GET 200 https://registry.npmjs.org/commondir/-/commondir-1.0.1.tgz 9351ms (cache miss)
4113 http fetch GET 200 https://registry.npmjs.org/colorette/-/colorette-2.0.20.tgz 9348ms (cache miss)
4114 http fetch GET 200 https://registry.npmjs.org/colors/-/colors-1.4.0.tgz 9349ms (cache miss)
4115 http fetch GET 200 https://registry.npmjs.org/combined-stream/-/combined-stream-1.0.8.tgz 9352ms (cache miss)
4116 http fetch GET 200 https://registry.npmjs.org/cookie-signature/-/cookie-signature-1.0.6.tgz 9381ms (cache miss)
4117 http fetch GET 200 https://registry.npmjs.org/co/-/co-4.6.0.tgz 9378ms (cache miss)
4118 http fetch GET 200 https://registry.npmjs.org/clsx/-/clsx-2.1.1.tgz 9379ms (cache miss)
4119 http fetch GET 200 https://registry.npmjs.org/color-name/-/color-name-1.1.4.tgz 9380ms (cache miss)
4120 http fetch GET 200 https://registry.npmjs.org/cli-table3/-/cli-table3-0.6.1.tgz 9380ms (cache miss)
4121 http fetch GET 200 https://registry.npmjs.org/readable-stream/-/readable-stream-3.6.2.tgz 9530ms (cache miss)
4122 http fetch GET 200 https://registry.npmjs.org/ci-info/-/ci-info-3.9.0.tgz 9381ms (cache miss)
4123 http fetch GET 200 https://registry.npmjs.org/collect-v8-coverage/-/collect-v8-coverage-1.0.2.tgz 9383ms (cache miss)
4124 http fetch GET 200 https://registry.npmjs.org/classname/-/classname-0.0.0.tgz 9382ms (cache miss)
4125 http fetch GET 200 https://registry.npmjs.org/cli-truncate/-/cli-truncate-2.1.0.tgz 9384ms (cache miss)
4126 http fetch GET 200 https://registry.npmjs.org/cli-cursor/-/cli-cursor-3.1.0.tgz 9383ms (cache miss)
4127 http fetch GET 200 https://registry.npmjs.org/clean-stack/-/clean-stack-2.2.0.tgz 9384ms (cache miss)
4128 http fetch GET 200 https://registry.npmjs.org/check-types/-/check-types-11.2.3.tgz 9388ms (cache miss)
4129 http fetch GET 200 https://registry.npmjs.org/char-regex/-/char-regex-1.0.2.tgz 9390ms (cache miss)
4130 http fetch GET 200 https://registry.npmjs.org/chalk/-/chalk-4.1.2.tgz 9391ms (cache miss)
4131 http fetch GET 200 https://registry.npmjs.org/error-stack-parser/-/error-stack-parser-2.1.4.tgz 9434ms (cache miss)
4132 http fetch GET 200 https://registry.npmjs.org/chrome-trace-event/-/chrome-trace-event-1.0.4.tgz 9398ms (cache miss)
4133 http fetch GET 200 https://registry.npmjs.org/convert-source-map/-/convert-source-map-2.0.0.tgz 9425ms (cache miss)
4134 http fetch GET 200 https://registry.npmjs.org/caniuse-api/-/caniuse-api-3.0.0.tgz 9417ms (cache miss)
4135 http fetch GET 200 https://registry.npmjs.org/caseless/-/caseless-0.12.0.tgz 9426ms (cache miss)
4136 http fetch GET 200 https://registry.npmjs.org/camelcase/-/camelcase-6.3.0.tgz 9425ms (cache miss)
4137 http fetch GET 200 https://registry.npmjs.org/camelcase-css/-/camelcase-css-2.0.1.tgz 9426ms (cache miss)
4138 http fetch GET 200 https://registry.npmjs.org/case-sensitive-paths-webpack-plugin/-/case-sensitive-paths-webpack-plugin-2.4.0.tgz 9428ms (cache miss)
4139 http fetch GET 200 https://registry.npmjs.org/postcss-calc/-/postcss-calc-8.2.4.tgz 9567ms (cache miss)
4140 http fetch GET 200 https://registry.npmjs.org/call-bound/-/call-bound-1.0.4.tgz 9450ms (cache miss)
4141 http fetch GET 200 https://registry.npmjs.org/callsites/-/callsites-3.1.0.tgz 9450ms (cache miss)
4142 http fetch GET 200 https://registry.npmjs.org/camel-case/-/camel-case-4.1.2.tgz 9450ms (cache miss)
4143 http fetch GET 200 https://registry.npmjs.org/cachedir/-/cachedir-2.4.0.tgz 9451ms (cache miss)
4144 http fetch GET 200 https://registry.npmjs.org/cliui/-/cliui-7.0.4.tgz 9527ms (cache miss)
4145 http fetch GET 200 https://registry.npmjs.org/classnames/-/classnames-2.5.1.tgz 9528ms (cache miss)
4146 http fetch GET 200 https://registry.npmjs.org/buffer-from/-/buffer-from-1.1.2.tgz 9545ms (cache miss)
4147 http fetch GET 200 https://registry.npmjs.org/builtin-modules/-/builtin-modules-3.3.0.tgz 9545ms (cache miss)
4148 http fetch GET 200 https://registry.npmjs.org/buffer-crc32/-/buffer-crc32-0.2.13.tgz 9546ms (cache miss)
4149 http fetch GET 200 https://registry.npmjs.org/bser/-/bser-2.1.1.tgz 9546ms (cache miss)
4150 http fetch GET 200 https://registry.npmjs.org/boolbase/-/boolbase-1.0.0.tgz 9546ms (cache miss)
4151 http fetch GET 200 https://registry.npmjs.org/bytes/-/bytes-3.1.2.tgz 9548ms (cache miss)
4152 http fetch GET 200 https://registry.npmjs.org/brace-expansion/-/brace-expansion-2.0.1.tgz 9547ms (cache miss)
4153 http fetch GET 200 https://registry.npmjs.org/classlist-polyfill/-/classlist-polyfill-1.2.0.tgz 9856ms (cache miss)
4154 http fetch GET 200 https://registry.npmjs.org/browser-process-hrtime/-/browser-process-hrtime-1.0.0.tgz 9855ms (cache miss)
4155 http fetch GET 200 https://registry.npmjs.org/blob-util/-/blob-util-2.0.2.tgz 9855ms (cache miss)
4156 http fetch GET 200 https://registry.npmjs.org/eslint-visitor-keys/-/eslint-visitor-keys-3.4.3.tgz 9909ms (cache miss)
4157 http fetch GET 200 https://registry.npmjs.org/diff-sequences/-/diff-sequences-27.5.1.tgz 9939ms (cache miss)
4158 http fetch GET 200 https://registry.npmjs.org/bcrypt-pbkdf/-/bcrypt-pbkdf-1.0.2.tgz 9906ms (cache miss)
4159 http fetch GET 200 https://registry.npmjs.org/base64-js/-/base64-js-1.5.1.tgz 9906ms (cache miss)
4160 http fetch GET 200 https://registry.npmjs.org/base64-arraybuffer/-/base64-arraybuffer-1.0.2.tgz 9907ms (cache miss)
4161 http fetch GET 200 https://registry.npmjs.org/binary-extensions/-/binary-extensions-2.3.0.tgz 9909ms (cache miss)
4162 http fetch GET 200 https://registry.npmjs.org/batch/-/batch-0.6.1.tgz 9918ms (cache miss)
4163 http fetch GET 200 https://registry.npmjs.org/balanced-match/-/balanced-match-1.0.2.tgz 9918ms (cache miss)
4164 http fetch GET 200 https://registry.npmjs.org/babel-preset-jest/-/babel-preset-jest-27.5.1.tgz 9919ms (cache miss)
4165 http fetch GET 200 https://registry.npmjs.org/es-module-lexer/-/es-module-lexer-1.6.0.tgz 9977ms (cache miss)
4166 http fetch GET 200 https://registry.npmjs.org/babel-plugin-transform-react-remove-prop-types/-/babel-plugin-transform-react-remove-prop-types-0.4.24.tgz 9934ms (cache miss)
4167 http fetch GET 200 https://registry.npmjs.org/babel-preset-current-node-syntax/-/babel-preset-current-node-syntax-1.1.0.tgz 9954ms (cache miss)
4168 http fetch GET 200 https://registry.npmjs.org/babel-plugin-module-resolver/-/babel-plugin-module-resolver-5.0.2.tgz 9994ms (cache miss)
4169 http fetch GET 200 https://registry.npmjs.org/babel-plugin-named-asset-import/-/babel-plugin-named-asset-import-0.3.8.tgz 9994ms (cache miss)
4170 http fetch GET 200 https://registry.npmjs.org/babel-plugin-jest-hoist/-/babel-plugin-jest-hoist-27.5.1.tgz 9993ms (cache miss)
4171 http fetch GET 200 https://registry.npmjs.org/babel-preset-react-app/-/babel-preset-react-app-10.1.0.tgz 9995ms (cache miss)
4172 http fetch GET 200 https://registry.npmjs.org/mini-css-extract-plugin/-/mini-css-extract-plugin-2.9.2.tgz 10114ms (cache miss)
4173 http fetch GET 200 https://registry.npmjs.org/psl/-/psl-1.15.0.tgz 10165ms (cache miss)
4174 http fetch GET 200 https://registry.npmjs.org/debug/-/debug-4.4.0.tgz 10045ms (cache miss)
4175 http fetch GET 200 https://registry.npmjs.org/babel-plugin-macros/-/babel-plugin-macros-3.1.0.tgz 10036ms (cache miss)
4176 http fetch GET 200 https://registry.npmjs.org/babel-jest/-/babel-jest-27.5.1.tgz 10036ms (cache miss)
4177 http fetch GET 200 https://registry.npmjs.org/babel-plugin-polyfill-regenerator/-/babel-plugin-polyfill-regenerator-0.6.3.tgz 10045ms (cache miss)
4178 http fetch GET 200 https://registry.npmjs.org/path-scurry/-/path-scurry-1.11.1.tgz 10181ms (cache miss)
4179 http fetch GET 200 https://registry.npmjs.org/at-least-node/-/at-least-node-1.0.0.tgz 10083ms (cache miss)
4180 http fetch GET 200 https://registry.npmjs.org/aws4/-/aws4-1.13.2.tgz 10083ms (cache miss)
4181 http fetch GET 200 https://registry.npmjs.org/aws-sign2/-/aws-sign2-0.7.0.tgz 10084ms (cache miss)
4182 http fetch GET 200 https://registry.npmjs.org/dashdash/-/dashdash-1.14.1.tgz 10125ms (cache miss)
4183 http fetch GET 200 https://registry.npmjs.org/workbox-background-sync/-/workbox-background-sync-6.6.0.tgz 10310ms (cache miss)
4184 http fetch GET 200 https://registry.npmjs.org/react-scripts/-/react-scripts-5.0.1.tgz 10269ms (cache miss)
4185 http fetch GET 200 https://registry.npmjs.org/human-signals/-/human-signals-2.1.0.tgz 10219ms (cache miss)
4186 http fetch GET 200 https://registry.npmjs.org/astral-regex/-/astral-regex-2.0.0.tgz 10141ms (cache miss)
4187 http fetch GET 200 https://registry.npmjs.org/available-typed-arrays/-/available-typed-arrays-1.0.7.tgz 10141ms (cache miss)
4188 http fetch GET 200 https://registry.npmjs.org/ast-types-flow/-/ast-types-flow-0.0.8.tgz 10141ms (cache miss)
4189 http fetch GET 200 https://registry.npmjs.org/asn1/-/asn1-0.2.6.tgz 10143ms (cache miss)
4190 http fetch GET 200 https://registry.npmjs.org/asap/-/asap-2.0.6.tgz 10143ms (cache miss)
4191 http fetch GET 200 https://registry.npmjs.org/async-function/-/async-function-1.0.0.tgz 10141ms (cache miss)
4192 http fetch GET 200 https://registry.npmjs.org/cssdb/-/cssdb-7.11.2.tgz 10173ms (cache miss)
4193 http fetch GET 200 https://registry.npmjs.org/function-bind/-/function-bind-1.1.2.tgz 10240ms (cache miss)
4194 http fetch GET 200 https://registry.npmjs.org/espree/-/espree-9.6.1.tgz 10253ms (cache miss)
4195 http fetch GET 200 https://registry.npmjs.org/array.prototype.tosorted/-/array.prototype.tosorted-1.1.4.tgz 10212ms (cache miss)
4196 http fetch GET 200 https://registry.npmjs.org/array.prototype.flat/-/array.prototype.flat-1.3.3.tgz 10212ms (cache miss)
4197 http fetch GET 200 https://registry.npmjs.org/array.prototype.flatmap/-/array.prototype.flatmap-1.3.3.tgz 10212ms (cache miss)
4198 http fetch GET 200 https://registry.npmjs.org/array.prototype.findlastindex/-/array.prototype.findlastindex-1.2.5.tgz 10212ms (cache miss)
4199 http fetch GET 200 https://registry.npmjs.org/array.prototype.reduce/-/array.prototype.reduce-1.0.7.tgz 10263ms (cache miss)
4200 http fetch GET 200 https://registry.npmjs.org/array-flatten/-/array-flatten-1.1.1.tgz 10263ms (cache miss)
4201 http fetch GET 200 https://registry.npmjs.org/array-union/-/array-union-2.1.0.tgz 10264ms (cache miss)
4202 http fetch GET 200 https://registry.npmjs.org/assert-plus/-/assert-plus-1.0.0.tgz 10284ms (cache miss)
4203 http fetch GET 200 https://registry.npmjs.org/dns-packet/-/dns-packet-5.6.1.tgz 10351ms (cache miss)
4204 http fetch GET 200 https://registry.npmjs.org/arch/-/arch-2.2.0.tgz 10338ms (cache miss)
4205 http fetch GET 200 https://registry.npmjs.org/anymatch/-/anymatch-3.1.3.tgz 10339ms (cache miss)
4206 http fetch GET 200 https://registry.npmjs.org/ansi-html-community/-/ansi-html-community-0.0.8.tgz 10339ms (cache miss)
4207 http fetch GET 200 https://registry.npmjs.org/any-promise/-/any-promise-1.3.0.tgz 10339ms (cache miss)
4208 http fetch GET 200 https://registry.npmjs.org/ansi-escapes/-/ansi-escapes-4.3.2.tgz 10343ms (cache miss)
4209 http fetch GET 200 https://registry.npmjs.org/esprima/-/esprima-4.0.1.tgz 10414ms (cache miss)
4210 http fetch GET 200 https://registry.npmjs.org/workbox-window/-/workbox-window-6.6.0.tgz 10569ms (cache miss)
4211 http fetch GET 200 https://registry.npmjs.org/define-properties/-/define-properties-1.2.1.tgz 10397ms (cache miss)
4212 http fetch GET 200 https://registry.npmjs.org/array-includes/-/array-includes-3.1.8.tgz 10358ms (cache miss)
4213 http fetch GET 200 https://registry.npmjs.org/customize-cra/-/customize-cra-1.0.0.tgz 10402ms (cache miss)
4214 http fetch GET 200 https://registry.npmjs.org/object.assign/-/object.assign-4.1.7.tgz 10509ms (cache miss)
4215 http fetch GET 200 https://registry.npmjs.org/ansi-regex/-/ansi-regex-5.0.1.tgz 10380ms (cache miss)
4216 warn deprecated domexception@2.0.1: Use your platform's native DOMException instead
4217 http fetch GET 200 https://registry.npmjs.org/domhandler/-/domhandler-4.3.1.tgz 10441ms (cache miss)
4218 http fetch GET 200 https://registry.npmjs.org/html-webpack-plugin/-/html-webpack-plugin-5.6.3.tgz 10480ms (cache miss)
4219 http fetch GET 200 https://registry.npmjs.org/css-select-base-adapter/-/css-select-base-adapter-0.1.1.tgz 10453ms (cache miss)
4220 http fetch GET 200 https://registry.npmjs.org/ansi-colors/-/ansi-colors-4.1.3.tgz 10422ms (cache miss)
4221 http fetch GET 200 https://registry.npmjs.org/aggregate-error/-/aggregate-error-3.1.0.tgz 10453ms (cache miss)
4222 http fetch GET 200 https://registry.npmjs.org/add/-/add-2.0.6.tgz 10463ms (cache miss)
4223 http fetch GET 200 https://registry.npmjs.org/acorn-jsx/-/acorn-jsx-5.3.2.tgz 10464ms (cache miss)
4224 http fetch GET 200 https://registry.npmjs.org/acorn-walk/-/acorn-walk-7.2.0.tgz 10465ms (cache miss)
4225 http fetch GET 200 https://registry.npmjs.org/address/-/address-1.2.2.tgz 10467ms (cache miss)
4226 http fetch GET 200 https://registry.npmjs.org/escalade/-/escalade-3.2.0.tgz 10538ms (cache miss)
4227 http fetch GET 200 https://registry.npmjs.org/accepts/-/accepts-1.3.8.tgz 10505ms (cache miss)
4228 http fetch GET 200 https://registry.npmjs.org/acorn-globals/-/acorn-globals-6.0.0.tgz 10506ms (cache miss)
4229 http fetch GET 200 https://registry.npmjs.org/color-convert/-/color-convert-2.0.1.tgz 10539ms (cache miss)
4230 http fetch GET 200 https://registry.npmjs.org/faye-websocket/-/faye-websocket-0.11.4.tgz 10607ms (cache miss)
4231 http fetch GET 200 https://registry.npmjs.org/ansi-styles/-/ansi-styles-4.3.0.tgz 10547ms (cache miss)
4232 http fetch GET 200 https://registry.npmjs.org/@xtuc/ieee754/-/ieee754-1.2.0.tgz 10554ms (cache miss)
4233 http fetch GET 200 https://registry.npmjs.org/@webassemblyjs/wasm-gen/-/wasm-gen-1.14.1.tgz 10554ms (cache miss)
4234 http fetch GET 200 https://registry.npmjs.org/@webassemblyjs/wasm-opt/-/wasm-opt-1.14.1.tgz 10556ms (cache miss)
4235 http fetch GET 200 https://registry.npmjs.org/@webassemblyjs/wast-printer/-/wast-printer-1.14.1.tgz 10556ms (cache miss)
4236 http fetch GET 200 https://registry.npmjs.org/abab/-/abab-2.0.6.tgz 10557ms (cache miss)
4237 http fetch GET 200 https://registry.npmjs.org/@webassemblyjs/ieee754/-/ieee754-1.13.2.tgz 10556ms (cache miss)
4238 http fetch GET 200 https://registry.npmjs.org/arg/-/arg-5.0.2.tgz 10641ms (cache miss)
4239 http fetch GET 200 https://registry.npmjs.org/es-shim-unscopables/-/es-shim-unscopables-1.1.0.tgz 10707ms (cache miss)
4240 http fetch GET 200 https://registry.npmjs.org/@webassemblyjs/utf8/-/utf8-1.13.2.tgz 10664ms (cache miss)
4241 http fetch GET 200 https://registry.npmjs.org/@webassemblyjs/helper-wasm-section/-/helper-wasm-section-1.14.1.tgz 10665ms (cache miss)
4242 http fetch GET 200 https://registry.npmjs.org/iobuffer/-/iobuffer-5.4.0.tgz 10773ms (cache miss)
4243 http fetch GET 200 https://registry.npmjs.org/@webassemblyjs/helper-numbers/-/helper-numbers-1.13.2.tgz 10666ms (cache miss)
4244 http fetch GET 200 https://registry.npmjs.org/@webassemblyjs/wasm-edit/-/wasm-edit-1.14.1.tgz 10666ms (cache miss)
4245 http fetch GET 200 https://registry.npmjs.org/doctrine/-/doctrine-3.0.0.tgz 10729ms (cache miss)
4246 http fetch GET 200 https://registry.npmjs.org/buffer/-/buffer-5.7.1.tgz 10722ms (cache miss)
4247 http fetch GET 200 https://registry.npmjs.org/@webassemblyjs/floating-point-hex-parser/-/floating-point-hex-parser-1.13.2.tgz 10702ms (cache miss)
4248 http fetch GET 200 https://registry.npmjs.org/@ungap/structured-clone/-/structured-clone-1.3.0.tgz 10703ms (cache miss)
4249 http fetch GET 200 https://registry.npmjs.org/@webassemblyjs/helper-api-error/-/helper-api-error-1.13.2.tgz 10739ms (cache miss)
4250 http fetch GET 200 https://registry.npmjs.org/check-more-types/-/check-more-types-2.24.0.tgz 10780ms (cache miss)
4251 http fetch GET 200 https://registry.npmjs.org/@typescript-eslint/parser/-/parser-5.62.0.tgz 10753ms (cache miss)
4252 http fetch GET 200 https://registry.npmjs.org/@types/yauzl/-/yauzl-2.10.3.tgz 10755ms (cache miss)
4253 http fetch GET 200 https://registry.npmjs.org/@webassemblyjs/helper-buffer/-/helper-buffer-1.14.1.tgz 10761ms (cache miss)
4254 http fetch GET 200 https://registry.npmjs.org/@typescript-eslint/experimental-utils/-/experimental-utils-5.62.0.tgz 10758ms (cache miss)
4255 http fetch GET 200 https://registry.npmjs.org/pretty-format/-/pretty-format-27.5.1.tgz 10947ms (cache miss)
4256 http fetch GET 200 https://registry.npmjs.org/babel-plugin-istanbul/-/babel-plugin-istanbul-6.1.1.tgz 10799ms (cache miss)
4257 http fetch GET 200 https://registry.npmjs.org/@types/sockjs/-/sockjs-0.3.36.tgz 10781ms (cache miss)
4258 http fetch GET 200 https://registry.npmjs.org/@types/stack-utils/-/stack-utils-2.0.3.tgz 10780ms (cache miss)
4259 http fetch GET 200 https://registry.npmjs.org/get-proto/-/get-proto-1.0.1.tgz 10879ms (cache miss)
4260 http fetch GET 200 https://registry.npmjs.org/big.js/-/big.js-5.2.2.tgz 10824ms (cache miss)
4261 http fetch GET 200 https://registry.npmjs.org/react/-/react-19.0.0.tgz 10977ms (cache miss)
4262 http fetch GET 200 https://registry.npmjs.org/has-proto/-/has-proto-1.2.0.tgz 10907ms (cache miss)
4263 http fetch GET 200 https://registry.npmjs.org/@types/serve-static/-/serve-static-1.15.7.tgz 10815ms (cache miss)
4264 http fetch GET 200 https://registry.npmjs.org/@types/trusted-types/-/trusted-types-2.0.7.tgz 10818ms (cache miss)
4265 http fetch GET 200 https://registry.npmjs.org/@types/yargs-parser/-/yargs-parser-21.0.3.tgz 10827ms (cache miss)
4266 http fetch GET 200 https://registry.npmjs.org/@webassemblyjs/leb128/-/leb128-1.13.2.tgz 10833ms (cache miss)
4267 http fetch GET 200 https://registry.npmjs.org/@types/serve-index/-/serve-index-1.9.4.tgz 10839ms (cache miss)
4268 http fetch GET 200 https://registry.npmjs.org/@typescript-eslint/visitor-keys/-/visitor-keys-5.62.0.tgz 10844ms (cache miss)
4269 http fetch GET 200 https://registry.npmjs.org/@types/sinonjs__fake-timers/-/sinonjs__fake-timers-8.1.1.tgz 10840ms (cache miss)
4270 http fetch GET 200 https://registry.npmjs.org/ansi-html/-/ansi-html-0.0.9.tgz 10877ms (cache miss)
4271 http fetch GET 200 https://registry.npmjs.org/@types/retry/-/retry-0.12.0.tgz 10955ms (cache miss)
4272 http fetch GET 200 https://registry.npmjs.org/@types/semver/-/semver-7.5.8.tgz 10956ms (cache miss)
4273 http fetch GET 200 https://registry.npmjs.org/@types/resolve/-/resolve-1.17.1.tgz 10965ms (cache miss)
4274 http fetch GET 200 https://registry.npmjs.org/@types/react-transition-group/-/react-transition-group-4.4.12.tgz 10965ms (cache miss)
4275 http fetch GET 200 https://registry.npmjs.org/@types/send/-/send-0.17.4.tgz 10966ms (cache miss)
4276 http fetch GET 200 https://registry.npmjs.org/@types/prop-types/-/prop-types-15.7.14.tgz 10966ms (cache miss)
4277 http fetch GET 200 https://registry.npmjs.org/@types/ws/-/ws-8.18.0.tgz 10969ms (cache miss)
4278 http fetch GET 200 https://registry.npmjs.org/@types/range-parser/-/range-parser-1.2.7.tgz 10967ms (cache miss)
4279 http fetch GET 200 https://registry.npmjs.org/@types/mime/-/mime-1.3.5.tgz 10965ms (cache miss)
4280 http fetch GET 200 https://registry.npmjs.org/@types/q/-/q-1.5.8.tgz 10967ms (cache miss)
4281 http fetch GET 200 https://registry.npmjs.org/@types/pako/-/pako-2.0.4.tgz 10967ms (cache miss)
4282 http fetch GET 200 https://registry.npmjs.org/@types/json-schema/-/json-schema-7.0.15.tgz 10966ms (cache miss)
4283 http fetch GET 200 https://registry.npmjs.org/@types/istanbul-reports/-/istanbul-reports-3.0.4.tgz 10966ms (cache miss)
4284 http fetch GET 200 https://registry.npmjs.org/@types/http-errors/-/http-errors-2.0.4.tgz 10965ms (cache miss)
4285 http fetch GET 200 https://registry.npmjs.org/@types/parse-json/-/parse-json-4.0.2.tgz 10968ms (cache miss)
4286 http fetch GET 200 https://registry.npmjs.org/@types/sizzle/-/sizzle-2.3.9.tgz 10973ms (cache miss)
4287 http fetch GET 200 https://registry.npmjs.org/@types/json5/-/json5-0.0.29.tgz 10968ms (cache miss)
4288 http fetch GET 200 https://registry.npmjs.org/@types/istanbul-lib-coverage/-/istanbul-lib-coverage-2.0.6.tgz 10966ms (cache miss)
4289 http fetch GET 200 https://registry.npmjs.org/@types/istanbul-lib-report/-/istanbul-lib-report-3.0.3.tgz 10968ms (cache miss)
4290 http fetch GET 200 https://registry.npmjs.org/@types/express/-/express-4.17.21.tgz 10967ms (cache miss)
4291 http fetch GET 200 https://registry.npmjs.org/@types/eslint-scope/-/eslint-scope-3.7.7.tgz 10966ms (cache miss)
4292 http fetch GET 200 https://registry.npmjs.org/@types/estree/-/estree-1.0.6.tgz 10967ms (cache miss)
4293 http fetch GET 200 https://registry.npmjs.org/@types/cookie/-/cookie-0.6.0.tgz 10967ms (cache miss)
4294 http fetch GET 200 https://registry.npmjs.org/@types/qs/-/qs-6.9.18.tgz 10972ms (cache miss)
4295 http fetch GET 200 https://registry.npmjs.org/@types/d3-path/-/d3-path-3.1.1.tgz 10968ms (cache miss)
4296 http fetch GET 200 https://registry.npmjs.org/@types/d3-ease/-/d3-ease-3.0.2.tgz 10968ms (cache miss)
4297 http fetch GET 200 https://registry.npmjs.org/@types/d3-timer/-/d3-timer-3.0.2.tgz 10969ms (cache miss)
4298 http fetch GET 200 https://registry.npmjs.org/@types/connect-history-api-fallback/-/connect-history-api-fallback-1.5.4.tgz 10969ms (cache miss)
4299 http fetch GET 200 https://registry.npmjs.org/@types/d3-array/-/d3-array-3.2.1.tgz 10974ms (cache miss)
4300 http fetch GET 200 https://registry.npmjs.org/@types/d3-color/-/d3-color-3.1.3.tgz 10972ms (cache miss)
4301 http fetch GET 200 https://registry.npmjs.org/@types/body-parser/-/body-parser-1.19.5.tgz 10972ms (cache miss)
4302 http fetch GET 200 https://registry.npmjs.org/@types/babel__traverse/-/babel__traverse-7.20.6.tgz 10978ms (cache miss)
4303 http fetch GET 200 https://registry.npmjs.org/@types/connect/-/connect-3.4.38.tgz 10980ms (cache miss)
4304 http fetch GET 200 https://registry.npmjs.org/ejs/-/ejs-3.1.10.tgz 11061ms (cache miss)
4305 http fetch GET 200 https://registry.npmjs.org/@types/bonjour/-/bonjour-3.5.13.tgz 10991ms (cache miss)
4306 http fetch GET 200 https://registry.npmjs.org/@trysound/sax/-/sax-0.2.0.tgz 10993ms (cache miss)
4307 http fetch GET 200 https://registry.npmjs.org/decimal.js/-/decimal.js-10.5.0.tgz 11061ms (cache miss)
4308 http fetch GET 200 https://registry.npmjs.org/@types/babel__core/-/babel__core-7.20.5.tgz 11002ms (cache miss)
4309 http fetch GET 200 https://registry.npmjs.org/@svgr/plugin-jsx/-/plugin-jsx-5.5.0.tgz 11006ms (cache miss)
4310 http fetch GET 200 https://registry.npmjs.org/@tootallnate/once/-/once-1.1.2.tgz 11009ms (cache miss)
4311 http fetch GET 200 https://registry.npmjs.org/@types/http-proxy/-/http-proxy-1.17.16.tgz 11026ms (cache miss)
4312 http fetch GET 200 https://registry.npmjs.org/@types/graceful-fs/-/graceful-fs-4.1.9.tgz 11037ms (cache miss)
4313 http fetch GET 200 https://registry.npmjs.org/@types/html-minifier-terser/-/html-minifier-terser-6.1.0.tgz 11040ms (cache miss)
4314 http fetch GET 200 https://registry.npmjs.org/@types/babel__generator/-/babel__generator-7.6.8.tgz 11050ms (cache miss)
4315 http fetch GET 200 https://registry.npmjs.org/@svgr/plugin-svgo/-/plugin-svgo-5.5.0.tgz 11058ms (cache miss)
4316 http fetch GET 200 https://registry.npmjs.org/@svgr/webpack/-/webpack-5.5.0.tgz 11062ms (cache miss)
4317 http fetch GET 200 https://registry.npmjs.org/@svgr/hast-util-to-babel-ast/-/hast-util-to-babel-ast-5.5.0.tgz 11066ms (cache miss)
4318 http fetch GET 200 https://registry.npmjs.org/@svgr/babel-plugin-transform-react-native-svg/-/babel-plugin-transform-react-native-svg-5.4.0.tgz 11067ms (cache miss)
4319 http fetch GET 200 https://registry.npmjs.org/@svgr/babel-plugin-transform-svg-component/-/babel-plugin-transform-svg-component-5.5.0.tgz 11090ms (cache miss)
4320 http fetch GET 200 https://registry.npmjs.org/@svgr/babel-plugin-remove-jsx-empty-expression/-/babel-plugin-remove-jsx-empty-expression-5.0.1.tgz 11110ms (cache miss)
4321 http fetch GET 200 https://registry.npmjs.org/@svgr/core/-/core-5.5.0.tgz 11111ms (cache miss)
4322 http fetch GET 200 https://registry.npmjs.org/@types/prettier/-/prettier-2.7.3.tgz 11123ms (cache miss)
4323 http fetch GET 200 https://registry.npmjs.org/@types/raf/-/raf-3.4.3.tgz 11126ms (cache miss)
4324 http fetch GET 200 https://registry.npmjs.org/@types/d3-time/-/d3-time-3.0.4.tgz 11122ms (cache miss)
4325 http fetch GET 200 https://registry.npmjs.org/@types/babel__template/-/babel__template-7.4.4.tgz 11121ms (cache miss)
4326 http fetch GET 200 https://registry.npmjs.org/@types/d3-interpolate/-/d3-interpolate-3.0.4.tgz 11122ms (cache miss)
4327 http fetch GET 200 https://registry.npmjs.org/@svgr/babel-plugin-svg-dynamic-title/-/babel-plugin-svg-dynamic-title-5.4.0.tgz 11121ms (cache miss)
4328 http fetch GET 200 https://registry.npmjs.org/@svgr/babel-plugin-add-jsx-attribute/-/babel-plugin-add-jsx-attribute-5.4.0.tgz 11127ms (cache miss)
4329 http fetch GET 200 https://registry.npmjs.org/@svgr/babel-plugin-replace-jsx-attribute-value/-/babel-plugin-replace-jsx-attribute-value-5.0.1.tgz 11147ms (cache miss)
4330 http fetch GET 200 https://registry.npmjs.org/@svgr/babel-plugin-remove-jsx-attribute/-/babel-plugin-remove-jsx-attribute-5.4.0.tgz 11148ms (cache miss)
4331 http fetch GET 200 https://registry.npmjs.org/@svgr/babel-plugin-svg-em-dimensions/-/babel-plugin-svg-em-dimensions-5.4.0.tgz 11156ms (cache miss)
4332 http fetch GET 200 https://registry.npmjs.org/yargs/-/yargs-16.2.0.tgz 11406ms (cache miss)
4333 http fetch GET 200 https://registry.npmjs.org/@rtsao/scc/-/scc-1.1.0.tgz 11158ms (cache miss)
4334 http fetch GET 200 https://registry.npmjs.org/cssnano/-/cssnano-5.1.15.tgz 11234ms (cache miss)
4335 http fetch GET 200 https://registry.npmjs.org/@sinonjs/commons/-/commons-1.8.6.tgz 11179ms (cache miss)
4336 http fetch GET 200 https://registry.npmjs.org/@rollup/plugin-replace/-/plugin-replace-2.4.2.tgz 11179ms (cache miss)
4337 http fetch GET 200 https://registry.npmjs.org/cjs-module-lexer/-/cjs-module-lexer-1.4.3.tgz 11232ms (cache miss)
4338 http fetch GET 200 https://registry.npmjs.org/define-data-property/-/define-data-property-1.1.4.tgz 11263ms (cache miss)
4339 http fetch GET 200 https://registry.npmjs.org/@rollup/plugin-babel/-/plugin-babel-5.3.1.tgz 11195ms (cache miss)
4340 http fetch GET 200 https://registry.npmjs.org/@protobufjs/inquire/-/inquire-1.1.0.tgz 11201ms (cache miss)
4341 http fetch GET 200 https://registry.npmjs.org/@svgr/babel-preset/-/babel-preset-5.5.0.tgz 11207ms (cache miss)
4342 http fetch GET 200 https://registry.npmjs.org/@protobufjs/utf8/-/utf8-1.1.0.tgz 11204ms (cache miss)
4343 http fetch GET 200 https://registry.npmjs.org/@protobufjs/path/-/path-1.1.2.tgz 11215ms (cache miss)
4344 http fetch GET 200 https://registry.npmjs.org/@protobufjs/pool/-/pool-1.1.0.tgz 11216ms (cache miss)
4345 http fetch GET 200 https://registry.npmjs.org/deepmerge/-/deepmerge-4.3.1.tgz 11306ms (cache miss)
4346 http fetch GET 200 https://registry.npmjs.org/@protobufjs/codegen/-/codegen-2.0.4.tgz 11233ms (cache miss)
4347 http fetch GET 200 https://registry.npmjs.org/@protobufjs/float/-/float-1.0.2.tgz 11234ms (cache miss)
4348 http fetch GET 200 https://registry.npmjs.org/@protobufjs/fetch/-/fetch-1.1.0.tgz 11247ms (cache miss)
4349 http fetch GET 200 https://registry.npmjs.org/@nodelib/fs.stat/-/fs.stat-2.0.5.tgz 11258ms (cache miss)
4350 http fetch GET 200 https://registry.npmjs.org/chokidar/-/chokidar-3.6.0.tgz 11317ms (cache miss)
4351 http fetch GET 200 https://registry.npmjs.org/@nodelib/fs.scandir/-/fs.scandir-2.1.5.tgz 11277ms (cache miss)
4352 http fetch GET 200 https://registry.npmjs.org/@protobufjs/base64/-/base64-1.1.2.tgz 11286ms (cache miss)
4353 http fetch GET 200 https://registry.npmjs.org/type-fest/-/type-fest-0.21.3.tgz 11535ms (cache miss)
4354 http fetch GET 200 https://registry.npmjs.org/globalthis/-/globalthis-1.0.4.tgz 11423ms (cache miss)
4355 http fetch GET 200 https://registry.npmjs.org/@nicolo-ribaudo/eslint-scope-5-internals/-/eslint-scope-5-internals-5.1.1-v1.tgz 11305ms (cache miss)
4356 http fetch GET 200 https://registry.npmjs.org/@nodelib/fs.walk/-/fs.walk-1.2.8.tgz 11322ms (cache miss)
4357 http fetch GET 200 https://registry.npmjs.org/@mui/types/-/types-7.2.24.tgz 11339ms (cache miss)
4358 http fetch GET 200 https://registry.npmjs.org/@protobufjs/eventemitter/-/eventemitter-1.1.0.tgz 11349ms (cache miss)
4359 http fetch GET 200 https://registry.npmjs.org/@types/express-serve-static-core/-/express-serve-static-core-5.0.6.tgz 11363ms (cache miss)
4360 http fetch GET 200 https://registry.npmjs.org/node-addon-api/-/node-addon-api-7.1.1.tgz 11527ms (cache miss)
4361 http fetch GET 200 https://registry.npmjs.org/@jridgewell/set-array/-/set-array-1.2.1.tgz 11352ms (cache miss)
4362 http fetch GET 200 https://registry.npmjs.org/@types/d3-shape/-/d3-shape-3.1.7.tgz 11391ms (cache miss)
4363 http fetch GET 200 https://registry.npmjs.org/@types/d3-scale/-/d3-scale-4.0.9.tgz 11392ms (cache miss)
4364 http fetch GET 200 https://registry.npmjs.org/@protobufjs/aspromise/-/aspromise-1.1.2.tgz 11378ms (cache miss)
4365 http fetch GET 200 https://registry.npmjs.org/eslint-scope/-/eslint-scope-7.2.2.tgz 11481ms (cache miss)
4366 http fetch GET 200 https://registry.npmjs.org/workbox-strategies/-/workbox-strategies-6.6.0.tgz 11649ms (cache miss)
4367 http fetch GET 200 https://registry.npmjs.org/@webassemblyjs/helper-wasm-bytecode/-/helper-wasm-bytecode-1.13.2.tgz 11427ms (cache miss)
4368 http fetch GET 200 https://registry.npmjs.org/@jridgewell/resolve-uri/-/resolve-uri-3.1.2.tgz 11400ms (cache miss)
4369 http fetch GET 200 https://registry.npmjs.org/@jest/types/-/types-27.5.1.tgz 11400ms (cache miss)
4370 http fetch GET 200 https://registry.npmjs.org/@types/node-forge/-/node-forge-1.3.11.tgz 11430ms (cache miss)
4371 http fetch GET 200 https://registry.npmjs.org/electron-to-chromium/-/electron-to-chromium-1.5.112.tgz 11511ms (cache miss)
4372 http fetch GET 200 https://registry.npmjs.org/@jridgewell/gen-mapping/-/gen-mapping-0.3.8.tgz 11420ms (cache miss)
4373 http fetch GET 200 https://registry.npmjs.org/@jest/test-result/-/test-result-27.5.1.tgz 11435ms (cache miss)
4374 http fetch GET 200 https://registry.npmjs.org/@leichtgewicht/ip-codec/-/ip-codec-2.0.5.tgz 11451ms (cache miss)
4375 http fetch GET 200 https://registry.npmjs.org/@jest/test-sequencer/-/test-sequencer-27.5.1.tgz 11451ms (cache miss)
4376 http fetch GET 200 https://registry.npmjs.org/@jest/environment/-/environment-27.5.1.tgz 11467ms (cache miss)
4377 http fetch GET 200 https://registry.npmjs.org/@jest/source-map/-/source-map-27.5.1.tgz 11468ms (cache miss)
4378 http fetch GET 200 https://registry.npmjs.org/minimist/-/minimist-1.2.8.tgz 11653ms (cache miss)
4379 http fetch GET 200 https://registry.npmjs.org/@mui/core-downloads-tracker/-/core-downloads-tracker-6.4.8.tgz 11494ms (cache miss)
4380 http fetch GET 200 https://registry.npmjs.org/@jest/schemas/-/schemas-28.1.3.tgz 11506ms (cache miss)
4381 http fetch GET 200 https://registry.npmjs.org/@jest/globals/-/globals-27.5.1.tgz 11508ms (cache miss)
4382 http fetch GET 200 https://registry.npmjs.org/immutable/-/immutable-5.0.3.tgz 11661ms (cache miss)
4383 http fetch GET 200 https://registry.npmjs.org/decimal.js-light/-/decimal.js-light-2.5.1.tgz 11612ms (cache miss)
4384 http fetch GET 200 https://registry.npmjs.org/detect-port-alt/-/detect-port-alt-1.1.6.tgz 11621ms (cache miss)
4385 warn deprecated abab@2.0.6: Use your platform's native atob() and btoa() methods instead
4386 http fetch GET 200 https://registry.npmjs.org/@istanbuljs/load-nyc-config/-/load-nyc-config-1.1.0.tgz 11525ms (cache miss)
4387 http fetch GET 200 https://registry.npmjs.org/@istanbuljs/schema/-/schema-0.1.3.tgz 11526ms (cache miss)
4388 http fetch GET 200 https://registry.npmjs.org/@types/yargs/-/yargs-16.0.9.tgz 11575ms (cache miss)
4389 http fetch GET 200 https://registry.npmjs.org/@humanwhocodes/object-schema/-/object-schema-2.0.3.tgz 11542ms (cache miss)
4390 http fetch GET 200 https://registry.npmjs.org/@isaacs/cliui/-/cliui-8.0.2.tgz 11543ms (cache miss)
4391 http fetch GET 200 https://registry.npmjs.org/braces/-/braces-3.0.3.tgz 11702ms (cache miss)
4392 http fetch GET 200 https://registry.npmjs.org/json5/-/json5-2.2.3.tgz 11809ms (cache miss)
4393 http fetch GET 200 https://registry.npmjs.org/@humanwhocodes/module-importer/-/module-importer-1.0.1.tgz 11653ms (cache miss)
4394 http fetch GET 200 https://registry.npmjs.org/@jest/console/-/console-27.5.1.tgz 11654ms (cache miss)
4395 http fetch GET 200 https://registry.npmjs.org/webpack-dev-server/-/webpack-dev-server-4.15.2.tgz 11963ms (cache miss)
4396 http fetch GET 200 https://registry.npmjs.org/babel-loader/-/babel-loader-8.4.1.tgz 11760ms (cache miss)
4397 http fetch GET 200 https://registry.npmjs.org/@jest/fake-timers/-/fake-timers-27.5.1.tgz 11710ms (cache miss)
4398 http fetch GET 200 https://registry.npmjs.org/@floating-ui/react-dom/-/react-dom-2.1.2.tgz 11722ms (cache miss)
4399 http fetch GET 200 https://registry.npmjs.org/@firebase/storage-types/-/storage-types-0.8.3.tgz 11724ms (cache miss)
4400 http fetch GET 200 https://registry.npmjs.org/@sinonjs/fake-timers/-/fake-timers-8.1.0.tgz 11758ms (cache miss)
4401 http fetch GET 200 https://registry.npmjs.org/emoji-regex/-/emoji-regex-9.2.2.tgz 11844ms (cache miss)
4402 http fetch GET 200 https://registry.npmjs.org/babel-plugin-polyfill-corejs2/-/babel-plugin-polyfill-corejs2-0.4.12.tgz 11806ms (cache miss)
4403 http fetch GET 200 https://registry.npmjs.org/http-proxy/-/http-proxy-1.18.1.tgz 11888ms (cache miss)
4404 http fetch GET 200 https://registry.npmjs.org/@floating-ui/utils/-/utils-0.2.9.tgz 11765ms (cache miss)
4405 http fetch GET 200 https://registry.npmjs.org/@firebase/storage-compat/-/storage-compat-0.3.17.tgz 11765ms (cache miss)
4406 http fetch GET 200 https://registry.npmjs.org/@firebase/messaging-interop-types/-/messaging-interop-types-0.2.3.tgz 11763ms (cache miss)
4407 http fetch GET 200 https://registry.npmjs.org/@firebase/performance-types/-/performance-types-0.2.3.tgz 11764ms (cache miss)
4408 http fetch GET 200 https://registry.npmjs.org/@humanwhocodes/config-array/-/config-array-0.13.0.tgz 11771ms (cache miss)
4409 http fetch GET 200 https://registry.npmjs.org/@firebase/installations-types/-/installations-types-0.5.3.tgz 11766ms (cache miss)
4410 http fetch GET 200 https://registry.npmjs.org/@firebase/remote-config-compat/-/remote-config-compat-0.2.13.tgz 11786ms (cache miss)
4411 http fetch GET 200 https://registry.npmjs.org/nanoid/-/nanoid-3.3.8.tgz 11978ms (cache miss)
4412 http fetch GET 200 https://registry.npmjs.org/@firebase/remote-config-types/-/remote-config-types-0.4.0.tgz 11792ms (cache miss)
4413 http fetch GET 200 https://registry.npmjs.org/@firebase/firestore-types/-/firestore-types-3.0.3.tgz 11828ms (cache miss)
4414 http fetch GET 200 https://registry.npmjs.org/@firebase/performance-compat/-/performance-compat-0.2.14.tgz 11845ms (cache miss)
4415 http fetch GET 200 https://registry.npmjs.org/call-bind/-/call-bind-1.0.8.tgz 11943ms (cache miss)
4416 http fetch GET 200 https://registry.npmjs.org/@fortawesome/react-fontawesome/-/react-fontawesome-0.2.2.tgz 11878ms (cache miss)
4417 http fetch GET 200 https://registry.npmjs.org/nth-check/-/nth-check-2.1.1.tgz 12078ms (cache miss)
4418 warn deprecated @humanwhocodes/config-array@0.13.0: Use @eslint/config-array instead
4419 http fetch GET 200 https://registry.npmjs.org/@firebase/installations-compat/-/installations-compat-0.2.13.tgz 11893ms (cache miss)
4420 http fetch GET 200 https://registry.npmjs.org/@firebase/logger/-/logger-0.4.4.tgz 11892ms (cache miss)
4421 http fetch GET 200 https://registry.npmjs.org/browserslist/-/browserslist-4.24.4.tgz 11996ms (cache miss)
4422 http fetch GET 200 https://registry.npmjs.org/function.prototype.name/-/function.prototype.name-1.1.8.tgz 12072ms (cache miss)
4423 http fetch GET 200 https://registry.npmjs.org/idb/-/idb-7.1.1.tgz 12100ms (cache miss)
4424 http fetch GET 200 https://registry.npmjs.org/@firebase/functions-compat/-/functions-compat-0.3.20.tgz 11952ms (cache miss)
4425 http fetch GET 200 https://registry.npmjs.org/@firebase/database-types/-/database-types-1.0.9.tgz 11965ms (cache miss)
4426 http fetch GET 200 https://registry.npmjs.org/jest-cli/-/jest-cli-27.5.1.tgz 12136ms (cache miss)
4427 http fetch GET 200 https://registry.npmjs.org/@firebase/functions-types/-/functions-types-0.6.3.tgz 11968ms (cache miss)
4428 http fetch GET 200 https://registry.npmjs.org/body-parser/-/body-parser-1.20.3.tgz 12064ms (cache miss)
4429 http fetch GET 200 https://registry.npmjs.org/@firebase/auth-interop-types/-/auth-interop-types-0.2.4.tgz 11995ms (cache miss)
4430 http fetch GET 200 https://registry.npmjs.org/sshpk/-/sshpk-1.18.0.tgz 12257ms (cache miss)
4431 http fetch GET 200 https://registry.npmjs.org/jest-diff/-/jest-diff-27.5.1.tgz 12189ms (cache miss)
4432 http fetch GET 200 https://registry.npmjs.org/jest-snapshot/-/jest-snapshot-27.5.1.tgz 12194ms (cache miss)
4433 http fetch GET 200 https://registry.npmjs.org/html-entities/-/html-entities-2.5.2.tgz 12172ms (cache miss)
4434 http fetch GET 200 https://registry.npmjs.org/array-buffer-byte-length/-/array-buffer-byte-length-1.0.2.tgz 12094ms (cache miss)
4435 http fetch GET 200 https://registry.npmjs.org/agent-base/-/agent-base-6.0.2.tgz 12120ms (cache miss)
4436 http fetch GET 200 https://registry.npmjs.org/@fortawesome/fontawesome-common-types/-/fontawesome-common-types-6.7.2.tgz 12105ms (cache miss)
4437 http fetch GET 200 https://registry.npmjs.org/express/-/express-4.21.2.tgz 12289ms (cache miss)
4438 http fetch GET 200 https://registry.npmjs.org/@firebase/messaging-compat/-/messaging-compat-0.2.17.tgz 12184ms (cache miss)
4439 http fetch GET 200 https://registry.npmjs.org/@firebase/app-types/-/app-types-0.9.3.tgz 12402ms (cache miss)
4440 http fetch GET 200 https://registry.npmjs.org/yaml/-/yaml-1.10.2.tgz 12700ms (cache miss)
4441 http fetch GET 200 https://registry.npmjs.org/@eslint/js/-/js-8.57.1.tgz 12430ms (cache miss)
4442 http fetch GET 200 https://registry.npmjs.org/@firebase/app-check-types/-/app-check-types-0.5.3.tgz 12464ms (cache miss)
4443 http fetch GET 200 https://registry.npmjs.org/@firebase/analytics-types/-/analytics-types-0.8.3.tgz 12472ms (cache miss)
4444 http fetch GET 200 https://registry.npmjs.org/@firebase/app-check-interop-types/-/app-check-interop-types-0.3.3.tgz 12477ms (cache miss)
4445 http fetch GET 200 https://registry.npmjs.org/@webassemblyjs/wasm-parser/-/wasm-parser-1.14.1.tgz 12547ms (cache miss)
4446 http fetch GET 200 https://registry.npmjs.org/@firebase/auth-types/-/auth-types-0.13.0.tgz 12491ms (cache miss)
4447 http fetch GET 200 https://registry.npmjs.org/css-blank-pseudo/-/css-blank-pseudo-3.0.3.tgz 12586ms (cache miss)
4448 http fetch GET 200 https://registry.npmjs.org/@xtuc/long/-/long-4.2.2.tgz 12552ms (cache miss)
4449 http fetch GET 200 https://registry.npmjs.org/@rollup/pluginutils/-/pluginutils-3.1.0.tgz 12534ms (cache miss)
4450 http fetch GET 200 https://registry.npmjs.org/css-has-pseudo/-/css-has-pseudo-3.0.4.tgz 12608ms (cache miss)
4451 http fetch GET 200 https://registry.npmjs.org/postcss-ordered-values/-/postcss-ordered-values-5.1.3.tgz 12750ms (cache miss)
4452 http fetch GET 200 https://registry.npmjs.org/jackspeak/-/jackspeak-3.4.3.tgz 12719ms (cache miss)
4453 http fetch GET 200 https://registry.npmjs.org/uri-js/-/uri-js-4.4.1.tgz 12823ms (cache miss)
4454 http fetch GET 200 https://registry.npmjs.org/@emotion/weak-memoize/-/weak-memoize-0.4.0.tgz 12551ms (cache miss)
4455 http fetch GET 200 https://registry.npmjs.org/@emotion/use-insertion-effect-with-fallbacks/-/use-insertion-effect-with-fallbacks-1.2.0.tgz 12550ms (cache miss)
4456 http fetch GET 200 https://registry.npmjs.org/react-smooth/-/react-smooth-4.0.4.tgz 12809ms (cache miss)
4457 http fetch GET 200 https://registry.npmjs.org/@emotion/unitless/-/unitless-0.10.0.tgz 12593ms (cache miss)
4458 http fetch GET 200 https://registry.npmjs.org/react-dev-utils/-/react-dev-utils-12.0.1.tgz 12863ms (cache miss)
4459 http fetch GET 200 https://registry.npmjs.org/commander/-/commander-8.3.0.tgz 12742ms (cache miss)
4460 http fetch GET 200 https://registry.npmjs.org/@rollup/plugin-node-resolve/-/plugin-node-resolve-11.2.1.tgz 12690ms (cache miss)
4461 http fetch GET 200 https://registry.npmjs.org/@emotion/hash/-/hash-0.9.2.tgz 12657ms (cache miss)
4462 http fetch GET 200 https://registry.npmjs.org/@emotion/memoize/-/memoize-0.9.0.tgz 12658ms (cache miss)
4463 http fetch GET 200 https://registry.npmjs.org/hpack.js/-/hpack.js-2.1.6.tgz 12826ms (cache miss)
4464 http fetch GET 200 https://registry.npmjs.org/@csstools/postcss-trigonometric-functions/-/postcss-trigonometric-functions-1.0.2.tgz 12671ms (cache miss)
4465 http fetch GET 200 https://registry.npmjs.org/entities/-/entities-2.2.0.tgz 12803ms (cache miss)
4466 http fetch GET 200 https://registry.npmjs.org/@csstools/postcss-unset-value/-/postcss-unset-value-1.0.2.tgz 12683ms (cache miss)
4467 http fetch GET 200 https://registry.npmjs.org/css-prefers-color-scheme/-/css-prefers-color-scheme-6.0.3.tgz 12787ms (cache miss)
4468 http fetch GET 200 https://registry.npmjs.org/@firebase/app-check-compat/-/app-check-compat-0.3.19.tgz 12689ms (cache miss)
4469 http fetch GET 200 https://registry.npmjs.org/coa/-/coa-2.0.2.tgz 12801ms (cache miss)
4470 warn deprecated @humanwhocodes/object-schema@2.0.3: Use @eslint/object-schema instead
4471 http fetch GET 200 https://registry.npmjs.org/@csstools/postcss-text-decoration-shorthand/-/postcss-text-decoration-shorthand-1.0.0.tgz 12734ms (cache miss)
4472 http fetch GET 200 https://registry.npmjs.org/@csstools/postcss-progressive-custom-properties/-/postcss-progressive-custom-properties-1.3.0.tgz 12741ms (cache miss)
4473 http fetch GET 200 https://registry.npmjs.org/@csstools/selector-specificity/-/selector-specificity-2.2.0.tgz 12743ms (cache miss)
4474 http fetch GET 200 https://registry.npmjs.org/@csstools/postcss-normalize-display-values/-/postcss-normalize-display-values-1.0.1.tgz 12742ms (cache miss)
4475 http fetch GET 200 https://registry.npmjs.org/@csstools/postcss-stepped-value-functions/-/postcss-stepped-value-functions-1.0.1.tgz 12750ms (cache miss)
4476 http fetch GET 200 https://registry.npmjs.org/@csstools/postcss-ic-unit/-/postcss-ic-unit-1.0.1.tgz 12759ms (cache miss)
4477 http fetch GET 200 https://registry.npmjs.org/@csstools/postcss-is-pseudo-class/-/postcss-is-pseudo-class-2.0.7.tgz 12760ms (cache miss)
4478 http fetch GET 200 https://registry.npmjs.org/workbox-routing/-/workbox-routing-6.6.0.tgz 13062ms (cache miss)
4479 http fetch GET 200 https://registry.npmjs.org/htmlparser2/-/htmlparser2-6.1.0.tgz 12957ms (cache miss)
4480 http fetch GET 200 https://registry.npmjs.org/@emotion/is-prop-valid/-/is-prop-valid-1.3.1.tgz 12807ms (cache miss)
4481 http fetch GET 200 https://registry.npmjs.org/@csstools/postcss-oklab-function/-/postcss-oklab-function-1.1.1.tgz 12805ms (cache miss)
4482 http fetch GET 200 https://registry.npmjs.org/@firebase/analytics-compat/-/analytics-compat-0.2.18.tgz 12821ms (cache miss)
4483 http fetch GET 200 https://registry.npmjs.org/@csstools/postcss-color-function/-/postcss-color-function-1.1.1.tgz 12820ms (cache miss)
4484 http fetch GET 200 https://registry.npmjs.org/@csstools/normalize.css/-/normalize.css-12.1.1.tgz 12827ms (cache miss)
4485 http fetch GET 200 https://registry.npmjs.org/@csstools/postcss-nested-calc/-/postcss-nested-calc-1.0.0.tgz 12830ms (cache miss)
4486 http fetch GET 200 https://registry.npmjs.org/@csstools/postcss-font-format-keywords/-/postcss-font-format-keywords-1.0.1.tgz 12847ms (cache miss)
4487 http fetch GET 200 https://registry.npmjs.org/@csstools/postcss-cascade-layers/-/postcss-cascade-layers-1.1.1.tgz 12854ms (cache miss)
4488 http fetch GET 200 https://registry.npmjs.org/jest-worker/-/jest-worker-27.5.1.tgz 13053ms (cache miss)
4489 http fetch GET 200 https://registry.npmjs.org/exit/-/exit-0.1.2.tgz 13021ms (cache miss)
4490 http fetch GET 200 https://registry.npmjs.org/@cypress/xvfb/-/xvfb-1.2.4.tgz 12895ms (cache miss)
4491 http fetch GET 200 https://registry.npmjs.org/css-loader/-/css-loader-6.11.0.tgz 12999ms (cache miss)
4492 http fetch GET 200 https://registry.npmjs.org/@babel/preset-react/-/preset-react-7.26.3.tgz 12903ms (cache miss)
4493 http fetch GET 200 https://registry.npmjs.org/@babel/preset-modules/-/preset-modules-0.1.6-no-external-plugins.tgz 12904ms (cache miss)
4494 http fetch GET 200 https://registry.npmjs.org/@babel/plugin-transform-unicode-escapes/-/plugin-transform-unicode-escapes-7.25.9.tgz 12926ms (cache miss)
4495 http fetch GET 200 https://registry.npmjs.org/lru-cache/-/lru-cache-10.4.3.tgz 13202ms (cache miss)
4496 http fetch GET 200 https://registry.npmjs.org/jest-circus/-/jest-circus-27.5.1.tgz 13188ms (cache miss)
4497 http fetch GET 200 https://registry.npmjs.org/arraybuffer.prototype.slice/-/arraybuffer.prototype.slice-1.0.4.tgz 13103ms (cache miss)
4498 http fetch GET 200 https://registry.npmjs.org/@babel/plugin-transform-typeof-symbol/-/plugin-transform-typeof-symbol-7.26.7.tgz 13032ms (cache miss)
4499 http fetch GET 200 https://registry.npmjs.org/@babel/plugin-transform-unicode-sets-regex/-/plugin-transform-unicode-sets-regex-7.25.9.tgz 13032ms (cache miss)
4500 http fetch GET 200 https://registry.npmjs.org/@babel/plugin-transform-react-display-name/-/plugin-transform-react-display-name-7.25.9.tgz 13030ms (cache miss)
4501 http fetch GET 200 https://registry.npmjs.org/@babel/plugin-transform-spread/-/plugin-transform-spread-7.25.9.tgz 13033ms (cache miss)
4502 http fetch GET 200 https://registry.npmjs.org/@babel/plugin-transform-reserved-words/-/plugin-transform-reserved-words-7.25.9.tgz 13032ms (cache miss)
4503 http fetch GET 200 https://registry.npmjs.org/@babel/plugin-transform-regenerator/-/plugin-transform-regenerator-7.25.9.tgz 13031ms (cache miss)
4504 http fetch GET 200 https://registry.npmjs.org/@babel/plugin-transform-private-methods/-/plugin-transform-private-methods-7.25.9.tgz 13031ms (cache miss)
4505 http fetch GET 200 https://registry.npmjs.org/@babel/plugin-transform-shorthand-properties/-/plugin-transform-shorthand-properties-7.25.9.tgz 13034ms (cache miss)
4506 http fetch GET 200 https://registry.npmjs.org/@babel/plugin-transform-regexp-modifiers/-/plugin-transform-regexp-modifiers-7.26.0.tgz 13046ms (cache miss)
4507 http fetch GET 200 https://registry.npmjs.org/@babel/plugin-transform-object-super/-/plugin-transform-object-super-7.25.9.tgz 13058ms (cache miss)
4508 http fetch GET 200 https://registry.npmjs.org/@babel/preset-typescript/-/preset-typescript-7.26.0.tgz 13069ms (cache miss)
4509 http fetch GET 200 https://registry.npmjs.org/@babel/plugin-transform-private-property-in-object/-/plugin-transform-private-property-in-object-7.25.9.tgz 13081ms (cache miss)
4510 http fetch GET 200 https://registry.npmjs.org/@babel/plugin-transform-react-constant-elements/-/plugin-transform-react-constant-elements-7.25.9.tgz 13080ms (cache miss)
4511 http fetch GET 200 https://registry.npmjs.org/@babel/plugin-transform-unicode-regex/-/plugin-transform-unicode-regex-7.25.9.tgz 13135ms (cache miss)
4512 http fetch GET 200 https://registry.npmjs.org/@babel/plugin-transform-property-literals/-/plugin-transform-property-literals-7.25.9.tgz 13148ms (cache miss)
4513 http fetch GET 200 https://registry.npmjs.org/@babel/plugin-transform-unicode-property-regex/-/plugin-transform-unicode-property-regex-7.25.9.tgz 13153ms (cache miss)
4514 http fetch GET 200 https://registry.npmjs.org/@babel/plugin-transform-optional-catch-binding/-/plugin-transform-optional-catch-binding-7.25.9.tgz 13150ms (cache miss)
4515 http fetch GET 200 https://registry.npmjs.org/@babel/plugin-transform-nullish-coalescing-operator/-/plugin-transform-nullish-coalescing-operator-7.26.6.tgz 13162ms (cache miss)
4516 http fetch GET 200 https://registry.npmjs.org/@babel/plugin-transform-sticky-regex/-/plugin-transform-sticky-regex-7.25.9.tgz 13176ms (cache miss)
4517 http fetch GET 200 https://registry.npmjs.org/@babel/plugin-transform-new-target/-/plugin-transform-new-target-7.25.9.tgz 13172ms (cache miss)
4518 http fetch GET 200 https://registry.npmjs.org/ajv-formats/-/ajv-formats-2.1.1.tgz 13264ms (cache miss)
4519 http fetch GET 200 https://registry.npmjs.org/@babel/plugin-transform-numeric-separator/-/plugin-transform-numeric-separator-7.25.9.tgz 13221ms (cache miss)
4520 http fetch GET 200 https://registry.npmjs.org/@babel/plugin-transform-literals/-/plugin-transform-literals-7.25.9.tgz 13238ms (cache miss)
4521 http fetch GET 200 https://registry.npmjs.org/@babel/plugin-transform-json-strings/-/plugin-transform-json-strings-7.25.9.tgz 13249ms (cache miss)
4522 http fetch GET 200 https://registry.npmjs.org/@babel/plugin-transform-modules-amd/-/plugin-transform-modules-amd-7.25.9.tgz 13249ms (cache miss)
4523 http fetch GET 200 https://registry.npmjs.org/@jridgewell/sourcemap-codec/-/sourcemap-codec-1.5.0.tgz 13291ms (cache miss)
4524 http fetch GET 200 https://registry.npmjs.org/@babel/plugin-transform-template-literals/-/plugin-transform-template-literals-7.26.8.tgz 13261ms (cache miss)
4525 http fetch GET 200 https://registry.npmjs.org/@babel/plugin-transform-named-capturing-groups-regex/-/plugin-transform-named-capturing-groups-regex-7.25.9.tgz 13281ms (cache miss)
4526 http fetch GET 200 https://registry.npmjs.org/@jridgewell/source-map/-/source-map-0.3.6.tgz 13329ms (cache miss)
4527 http fetch GET 200 https://registry.npmjs.org/postcss-selector-parser/-/postcss-selector-parser-6.1.2.tgz 13541ms (cache miss)
4528 http fetch GET 200 https://registry.npmjs.org/@babel/plugin-transform-react-pure-annotations/-/plugin-transform-react-pure-annotations-7.25.9.tgz 13305ms (cache miss)
4529 http fetch GET 200 https://registry.npmjs.org/mdn-data/-/mdn-data-2.0.4.tgz 13510ms (cache miss)
4530 http fetch GET 200 https://registry.npmjs.org/@babel/plugin-transform-for-of/-/plugin-transform-for-of-7.26.9.tgz 13301ms (cache miss)
4531 http fetch GET 200 https://registry.npmjs.org/@babel/plugin-transform-react-jsx-development/-/plugin-transform-react-jsx-development-7.25.9.tgz 13342ms (cache miss)
4532 http fetch GET 200 https://registry.npmjs.org/@babel/plugin-transform-exponentiation-operator/-/plugin-transform-exponentiation-operator-7.26.3.tgz 13331ms (cache miss)
4533 http fetch GET 200 https://registry.npmjs.org/es-to-primitive/-/es-to-primitive-1.3.0.tgz 13510ms (cache miss)
4534 http fetch GET 200 https://registry.npmjs.org/@babel/plugin-transform-duplicate-named-capturing-groups-regex/-/plugin-transform-duplicate-named-capturing-groups-regex-7.25.9.tgz 13354ms (cache miss)
4535 http fetch GET 200 https://registry.npmjs.org/@babel/plugin-transform-export-namespace-from/-/plugin-transform-export-namespace-from-7.25.9.tgz 13363ms (cache miss)
4536 http fetch GET 200 https://registry.npmjs.org/@babel/plugin-transform-logical-assignment-operators/-/plugin-transform-logical-assignment-operators-7.25.9.tgz 13377ms (cache miss)
4537 http fetch GET 200 https://registry.npmjs.org/@babel/plugin-transform-member-expression-literals/-/plugin-transform-member-expression-literals-7.25.9.tgz 13377ms (cache miss)
4538 http fetch GET 200 https://registry.npmjs.org/@babel/plugin-transform-dotall-regex/-/plugin-transform-dotall-regex-7.25.9.tgz 13403ms (cache miss)
4539 http fetch GET 200 https://registry.npmjs.org/array.prototype.findlast/-/array.prototype.findlast-1.2.5.tgz 13503ms (cache miss)
4540 http fetch GET 200 https://registry.npmjs.org/react-transition-group/-/react-transition-group-4.4.5.tgz 13695ms (cache miss)
4541 http fetch GET 200 https://registry.npmjs.org/@babel/plugin-transform-optional-chaining/-/plugin-transform-optional-chaining-7.25.9.tgz 13451ms (cache miss)
4542 http fetch GET 200 https://registry.npmjs.org/babel-plugin-polyfill-corejs3/-/babel-plugin-polyfill-corejs3-0.11.1.tgz 13553ms (cache miss)
4543 http fetch GET 200 https://registry.npmjs.org/object-inspect/-/object-inspect-1.13.4.tgz 13686ms (cache miss)
4544 http fetch GET 200 https://registry.npmjs.org/@babel/plugin-transform-class-static-block/-/plugin-transform-class-static-block-7.26.0.tgz 13454ms (cache miss)
4545 http fetch GET 200 https://registry.npmjs.org/cra-template/-/cra-template-1.2.0.tgz 13602ms (cache miss)
4546 http fetch GET 200 https://registry.npmjs.org/parse5/-/parse5-6.0.1.tgz 13718ms (cache miss)
4547 http fetch GET 200 https://registry.npmjs.org/@babel/plugin-transform-class-properties/-/plugin-transform-class-properties-7.25.9.tgz 13480ms (cache miss)
4548 http fetch GET 200 https://registry.npmjs.org/@babel/plugin-transform-flow-strip-types/-/plugin-transform-flow-strip-types-7.26.5.tgz 13485ms (cache miss)
4549 http fetch GET 200 https://registry.npmjs.org/@babel/plugin-transform-dynamic-import/-/plugin-transform-dynamic-import-7.25.9.tgz 13485ms (cache miss)
4550 http fetch GET 200 https://registry.npmjs.org/@babel/plugin-syntax-unicode-sets-regex/-/plugin-syntax-unicode-sets-regex-7.18.6.tgz 13500ms (cache miss)
4551 http fetch GET 200 https://registry.npmjs.org/@jest/transform/-/transform-27.5.1.tgz 13573ms (cache miss)
4552 http fetch GET 200 https://registry.npmjs.org/@babel/plugin-transform-duplicate-keys/-/plugin-transform-duplicate-keys-7.25.9.tgz 13698ms (cache miss)
4553 http fetch GET 200 https://registry.npmjs.org/@babel/plugin-syntax-typescript/-/plugin-syntax-typescript-7.25.9.tgz 13701ms (cache miss)
4554 http fetch GET 200 https://registry.npmjs.org/@babel/plugin-syntax-private-property-in-object/-/plugin-syntax-private-property-in-object-7.14.5.tgz 13716ms (cache miss)
4555 http fetch GET 200 https://registry.npmjs.org/@babel/plugin-syntax-object-rest-spread/-/plugin-syntax-object-rest-spread-7.8.3.tgz 13728ms (cache miss)
4556 http fetch GET 200 https://registry.npmjs.org/@babel/plugin-syntax-optional-catch-binding/-/plugin-syntax-optional-catch-binding-7.8.3.tgz 13748ms (cache miss)
4557 http fetch GET 200 https://registry.npmjs.org/@babel/plugin-transform-modules-umd/-/plugin-transform-modules-umd-7.25.9.tgz 13769ms (cache miss)
4558 http fetch GET 200 https://registry.npmjs.org/@babel/plugin-transform-async-generator-functions/-/plugin-transform-async-generator-functions-7.26.8.tgz 13759ms (cache miss)
4559 http fetch GET 200 https://registry.npmjs.org/@babel/plugin-syntax-logical-assignment-operators/-/plugin-syntax-logical-assignment-operators-7.10.4.tgz 13792ms (cache miss)
4560 http fetch GET 200 https://registry.npmjs.org/@babel/plugin-syntax-optional-chaining/-/plugin-syntax-optional-chaining-7.8.3.tgz 13800ms (cache miss)
4561 http fetch GET 200 https://registry.npmjs.org/@babel/plugin-syntax-top-level-await/-/plugin-syntax-top-level-await-7.14.5.tgz 13801ms (cache miss)
4562 http fetch GET 200 https://registry.npmjs.org/@babel/plugin-transform-async-to-generator/-/plugin-transform-async-to-generator-7.25.9.tgz 13811ms (cache miss)
4563 http fetch GET 200 https://registry.npmjs.org/@parcel/watcher-win32-x64/-/watcher-win32-x64-2.5.1.tgz 13872ms (cache miss)
4564 http fetch GET 200 https://registry.npmjs.org/@babel/plugin-syntax-import-meta/-/plugin-syntax-import-meta-7.10.4.tgz 13813ms (cache miss)
4565 http fetch GET 200 https://registry.npmjs.org/@babel/plugin-syntax-nullish-coalescing-operator/-/plugin-syntax-nullish-coalescing-operator-7.8.3.tgz 13815ms (cache miss)
4566 http fetch GET 200 https://registry.npmjs.org/@babel/plugin-transform-modules-systemjs/-/plugin-transform-modules-systemjs-7.25.9.tgz 13868ms (cache miss)
4567 http fetch GET 200 https://registry.npmjs.org/@babel/plugin-transform-block-scoped-functions/-/plugin-transform-block-scoped-functions-7.26.5.tgz 13857ms (cache miss)
4568 http fetch GET 200 https://registry.npmjs.org/@babel/plugin-syntax-numeric-separator/-/plugin-syntax-numeric-separator-7.10.4.tgz 13860ms (cache miss)
4569 http fetch GET 200 https://registry.npmjs.org/call-bind-apply-helpers/-/call-bind-apply-helpers-1.0.2.tgz 13979ms (cache miss)
4570 http fetch GET 200 https://registry.npmjs.org/asynckit/-/asynckit-0.4.0.tgz 13972ms (cache miss)
4571 http fetch GET 200 https://registry.npmjs.org/@grpc/proto-loader/-/proto-loader-0.7.13.tgz 13917ms (cache miss)
4572 http fetch GET 200 https://registry.npmjs.org/@babel/plugin-transform-arrow-functions/-/plugin-transform-arrow-functions-7.25.9.tgz 13880ms (cache miss)
4573 http fetch GET 200 https://registry.npmjs.org/@babel/plugin-syntax-json-strings/-/plugin-syntax-json-strings-7.8.3.tgz 13875ms (cache miss)
4574 http fetch GET 200 https://registry.npmjs.org/expect/-/expect-27.5.1.tgz 14050ms (cache miss)
4575 http fetch GET 200 https://registry.npmjs.org/@babel/plugin-syntax-async-generators/-/plugin-syntax-async-generators-7.8.4.tgz 13888ms (cache miss)
4576 http fetch GET 200 https://registry.npmjs.org/@babel/plugin-syntax-class-static-block/-/plugin-syntax-class-static-block-7.14.5.tgz 13890ms (cache miss)
4577 http fetch GET 200 https://registry.npmjs.org/@babel/plugin-syntax-class-properties/-/plugin-syntax-class-properties-7.12.13.tgz 13915ms (cache miss)
4578 http fetch GET 200 https://registry.npmjs.org/@babel/plugin-syntax-flow/-/plugin-syntax-flow-7.26.0.tgz 13920ms (cache miss)
4579 http fetch GET 200 https://registry.npmjs.org/@babel/plugin-syntax-bigint/-/plugin-syntax-bigint-7.8.3.tgz 13921ms (cache miss)
4580 http fetch GET 200 https://registry.npmjs.org/@babel/plugin-proposal-private-methods/-/plugin-proposal-private-methods-7.18.6.tgz 13929ms (cache miss)
4581 http fetch GET 200 https://registry.npmjs.org/memfs/-/memfs-3.5.3.tgz 14161ms (cache miss)
4582 http fetch GET 200 https://registry.npmjs.org/@babel/plugin-proposal-numeric-separator/-/plugin-proposal-numeric-separator-7.18.6.tgz 13938ms (cache miss)
4583 http fetch GET 200 https://registry.npmjs.org/@babel/plugin-proposal-class-properties/-/plugin-proposal-class-properties-7.18.6.tgz 13978ms (cache miss)
4584 http fetch GET 200 https://registry.npmjs.org/@babel/plugin-transform-function-name/-/plugin-transform-function-name-7.25.9.tgz 14001ms (cache miss)
4585 http fetch GET 200 https://registry.npmjs.org/@babel/plugin-proposal-nullish-coalescing-operator/-/plugin-proposal-nullish-coalescing-operator-7.18.6.tgz 13984ms (cache miss)
4586 http fetch GET 200 https://registry.npmjs.org/@babel/plugin-bugfix-safari-id-destructuring-collision-in-function-expression/-/plugin-bugfix-safari-id-destructuring-collision-in-function-expression-7.25.9.tgz 13994ms (cache miss)
4587 http fetch GET 200 https://registry.npmjs.org/@types/eslint/-/eslint-8.56.12.tgz 14115ms (cache miss)
4588 http fetch GET 200 https://registry.npmjs.org/@babel/plugin-syntax-import-attributes/-/plugin-syntax-import-attributes-7.26.0.tgz 14042ms (cache miss)
4589 http fetch GET 200 https://registry.npmjs.org/@babel/plugin-transform-destructuring/-/plugin-transform-destructuring-7.25.9.tgz 14052ms (cache miss)
4590 http fetch GET 200 https://registry.npmjs.org/@babel/plugin-transform-computed-properties/-/plugin-transform-computed-properties-7.25.9.tgz 14053ms (cache miss)
4591 http fetch GET 200 https://registry.npmjs.org/@babel/plugin-syntax-decorators/-/plugin-syntax-decorators-7.25.9.tgz 14050ms (cache miss)
4592 http fetch GET 200 https://registry.npmjs.org/@babel/plugin-syntax-jsx/-/plugin-syntax-jsx-7.25.9.tgz 14060ms (cache miss)
4593 http fetch GET 200 https://registry.npmjs.org/fast-uri/-/fast-uri-3.0.6.tgz 14236ms (cache miss)
4594 http fetch GET 200 https://registry.npmjs.org/@babel/plugin-syntax-import-assertions/-/plugin-syntax-import-assertions-7.26.0.tgz 14093ms (cache miss)
4595 http fetch GET 200 https://registry.npmjs.org/@floating-ui/core/-/core-1.6.9.tgz 14141ms (cache miss)
4596 http fetch GET 200 https://registry.npmjs.org/@babel/helper-validator-identifier/-/helper-validator-identifier-7.25.9.tgz 14100ms (cache miss)
4597 http fetch GET 200 https://registry.npmjs.org/@floating-ui/dom/-/dom-1.6.13.tgz 14155ms (cache miss)
4598 warn deprecated @babel/plugin-proposal-private-methods@7.18.6: This proposal has been merged to the ECMAScript standard and thus this plugin is no longer maintained. Please use @babel/plugin-transform-private-methods instead.
4599 http fetch GET 200 https://registry.npmjs.org/@babel/plugin-proposal-private-property-in-object/-/plugin-proposal-private-property-in-object-7.21.0-placeholder-for-preset-env.2.tgz 14115ms (cache miss)
4600 warn deprecated @babel/plugin-proposal-numeric-separator@7.18.6: This proposal has been merged to the ECMAScript standard and thus this plugin is no longer maintained. Please use @babel/plugin-transform-numeric-separator instead.
4601 warn deprecated @babel/plugin-proposal-class-properties@7.18.6: This proposal has been merged to the ECMAScript standard and thus this plugin is no longer maintained. Please use @babel/plugin-transform-class-properties instead.
4602 http fetch GET 200 https://registry.npmjs.org/@babel/helper-skip-transparent-expression-wrappers/-/helper-skip-transparent-expression-wrappers-7.25.9.tgz 14169ms (cache miss)
4603 warn deprecated @babel/plugin-proposal-nullish-coalescing-operator@7.18.6: This proposal has been merged to the ECMAScript standard and thus this plugin is no longer maintained. Please use @babel/plugin-transform-nullish-coalescing-operator instead.
4604 http fetch GET 200 https://registry.npmjs.org/csstype/-/csstype-3.2.3.tgz 14325ms (cache miss)
4605 http fetch GET 200 https://registry.npmjs.org/@babel/helper-remap-async-to-generator/-/helper-remap-async-to-generator-7.25.9.tgz 14191ms (cache miss)
4606 http fetch GET 200 https://registry.npmjs.org/acorn/-/acorn-8.14.1.tgz 14300ms (cache miss)
4607 http fetch GET 200 https://registry.npmjs.org/@babel/plugin-bugfix-safari-class-field-initializer-scope/-/plugin-bugfix-safari-class-field-initializer-scope-7.25.9.tgz 14227ms (cache miss)
4608 http fetch GET 200 https://registry.npmjs.org/graphemer/-/graphemer-1.4.0.tgz 14435ms (cache miss)
4609 http fetch GET 200 https://registry.npmjs.org/cssom/-/cssom-0.4.4.tgz 14393ms (cache miss)
4610 http fetch GET 200 https://registry.npmjs.org/@babel/helper-wrap-function/-/helper-wrap-function-7.25.9.tgz 14301ms (cache miss)
4611 http fetch GET 200 https://registry.npmjs.org/@babel/helper-validator-option/-/helper-validator-option-7.25.9.tgz 14304ms (cache miss)
4612 http fetch GET 200 https://registry.npmjs.org/fflate/-/fflate-0.8.2.tgz 14492ms (cache miss)
4613 http fetch GET 200 https://registry.npmjs.org/@fortawesome/fontawesome-svg-core/-/fontawesome-svg-core-6.7.2.tgz 14365ms (cache miss)
4614 http fetch GET 200 https://registry.npmjs.org/@babel/plugin-bugfix-firefox-class-in-computed-class-key/-/plugin-bugfix-firefox-class-in-computed-class-key-7.25.9.tgz 14313ms (cache miss)
4615 http fetch GET 200 https://registry.npmjs.org/@babel/plugin-transform-object-rest-spread/-/plugin-transform-object-rest-spread-7.25.9.tgz 14343ms (cache miss)
4616 http fetch GET 200 https://registry.npmjs.org/@babel/helper-member-expression-to-functions/-/helper-member-expression-to-functions-7.25.9.tgz 14313ms (cache miss)
4617 http fetch GET 200 https://registry.npmjs.org/http-proxy-middleware/-/http-proxy-middleware-2.0.7.tgz 14570ms (cache miss)
4618 http fetch GET 200 https://registry.npmjs.org/@babel/plugin-proposal-optional-chaining/-/plugin-proposal-optional-chaining-7.21.0.tgz 14373ms (cache miss)
4619 http fetch GET 200 https://registry.npmjs.org/@babel/helper-plugin-utils/-/helper-plugin-utils-7.26.5.tgz 14390ms (cache miss)
4620 http fetch GET 200 https://registry.npmjs.org/domutils/-/domutils-2.8.0.tgz 14599ms (cache miss)
4621 http fetch GET 200 https://registry.npmjs.org/@pkgjs/parseargs/-/parseargs-0.11.0.tgz 14514ms (cache miss)
4622 http fetch GET 200 https://registry.npmjs.org/@eslint-community/eslint-utils/-/eslint-utils-4.4.1.tgz 14490ms (cache miss)
4623 http fetch GET 200 https://registry.npmjs.org/@ampproject/remapping/-/remapping-2.3.0.tgz 14444ms (cache miss)
4624 http fetch GET 200 https://registry.npmjs.org/@babel/compat-data/-/compat-data-7.26.8.tgz 14454ms (cache miss)
4625 http fetch GET 200 https://registry.npmjs.org/jest-config/-/jest-config-27.5.1.tgz 14719ms (cache miss)
4626 http fetch GET 200 https://registry.npmjs.org/dompurify/-/dompurify-3.3.3.tgz 14666ms (cache miss)
4627 http fetch GET 200 https://registry.npmjs.org/@babel/helper-module-imports/-/helper-module-imports-7.25.9.tgz 14499ms (cache miss)
4628 http fetch GET 200 https://registry.npmjs.org/@csstools/postcss-hwb-function/-/postcss-hwb-function-1.0.2.tgz 14548ms (cache miss)
4629 http fetch GET 200 https://registry.npmjs.org/esquery/-/esquery-1.6.0.tgz 14691ms (cache miss)
4630 http fetch GET 200 https://registry.npmjs.org/@babel/helper-optimise-call-expression/-/helper-optimise-call-expression-7.25.9.tgz 14511ms (cache miss)
4631 http fetch GET 200 https://registry.npmjs.org/@alloc/quick-lru/-/quick-lru-5.2.0.tgz 14511ms (cache miss)
4632 http fetch GET 200 https://registry.npmjs.org/@babel/helper-create-regexp-features-plugin/-/helper-create-regexp-features-plugin-7.26.3.tgz 14548ms (cache miss)
4633 warn deprecated @babel/plugin-proposal-optional-chaining@7.21.0: This proposal has been merged to the ECMAScript standard and thus this plugin is no longer maintained. Please use @babel/plugin-transform-optional-chaining instead.
4634 http fetch GET 200 https://registry.npmjs.org/webpack-sources/-/webpack-sources-1.4.3.tgz 14553ms (cache miss)
4635 http fetch GET 200 https://registry.npmjs.org/@babel/plugin-transform-react-jsx/-/plugin-transform-react-jsx-7.25.9.tgz 14593ms (cache miss)
4636 http fetch GET 200 https://registry.npmjs.org/@babel/code-frame/-/code-frame-7.26.2.tgz 14556ms (cache miss)
4637 http fetch GET 200 https://registry.npmjs.org/webidl-conversions/-/webidl-conversions-4.0.2.tgz 14560ms (cache miss)
4638 http fetch GET 200 https://registry.npmjs.org/@babel/plugin-proposal-decorators/-/plugin-proposal-decorators-7.25.9.tgz 14578ms (cache miss)
4639 http fetch GET 200 https://registry.npmjs.org/json-schema-traverse/-/json-schema-traverse-1.0.0.tgz 14568ms (cache miss)
4640 http fetch GET 200 https://registry.npmjs.org/@babel/helper-annotate-as-pure/-/helper-annotate-as-pure-7.25.9.tgz 14571ms (cache miss)
4641 http fetch GET 200 https://registry.npmjs.org/@babel/plugin-bugfix-v8-static-class-fields-redefine-readonly/-/plugin-bugfix-v8-static-class-fields-redefine-readonly-7.25.9.tgz 14580ms (cache miss)
4642 http fetch GET 200 https://registry.npmjs.org/estraverse/-/estraverse-4.3.0.tgz 14570ms (cache miss)
4643 http fetch GET 200 https://registry.npmjs.org/brace-expansion/-/brace-expansion-1.1.11.tgz 14602ms (cache miss)
4644 http fetch GET 200 https://registry.npmjs.org/glob/-/glob-7.2.3.tgz 14603ms (cache miss)
4645 http fetch GET 200 https://registry.npmjs.org/universalify/-/universalify-0.2.0.tgz 14601ms (cache miss)
4646 http fetch GET 200 https://registry.npmjs.org/strip-bom/-/strip-bom-3.0.0.tgz 14603ms (cache miss)
4647 http fetch GET 200 https://registry.npmjs.org/lilconfig/-/lilconfig-3.1.3.tgz 14606ms (cache miss)
4648 http fetch GET 200 https://registry.npmjs.org/core-util-is/-/core-util-is-1.0.2.tgz 14608ms (cache miss)
4649 http fetch GET 200 https://registry.npmjs.org/jsonpath/-/jsonpath-1.1.1.tgz 14853ms (cache miss)
4650 http fetch GET 200 https://registry.npmjs.org/domutils/-/domutils-1.7.0.tgz 14612ms (cache miss)
4651 http fetch GET 200 https://registry.npmjs.org/nth-check/-/nth-check-1.0.2.tgz 14612ms (cache miss)
4652 http fetch GET 200 https://registry.npmjs.org/has-flag/-/has-flag-3.0.0.tgz 14613ms (cache miss)
4653 http fetch GET 200 https://registry.npmjs.org/@jridgewell/trace-mapping/-/trace-mapping-0.3.25.tgz 14733ms (cache miss)
4654 http fetch GET 200 https://registry.npmjs.org/escape-string-regexp/-/escape-string-regexp-1.0.5.tgz 14653ms (cache miss)
4655 http fetch GET 200 https://registry.npmjs.org/domelementtype/-/domelementtype-1.3.1.tgz 14654ms (cache miss)
4656 http fetch GET 200 https://registry.npmjs.org/minimatch/-/minimatch-3.1.2.tgz 14681ms (cache miss)
4657 http fetch GET 200 https://registry.npmjs.org/convert-source-map/-/convert-source-map-1.9.0.tgz 14711ms (cache miss)
4658 http fetch GET 200 https://registry.npmjs.org/color-name/-/color-name-1.1.3.tgz 14706ms (cache miss)
4659 http fetch GET 200 https://registry.npmjs.org/color-convert/-/color-convert-1.9.3.tgz 14708ms (cache miss)
4660 http fetch GET 200 https://registry.npmjs.org/@babel/helper-string-parser/-/helper-string-parser-7.25.9.tgz 14724ms (cache miss)
4661 http fetch GET 200 https://registry.npmjs.org/supports-color/-/supports-color-5.5.0.tgz 14713ms (cache miss)
4662 http fetch GET 200 https://registry.npmjs.org/css-select/-/css-select-2.1.0.tgz 14715ms (cache miss)
4663 http fetch GET 200 https://registry.npmjs.org/emoji-regex/-/emoji-regex-8.0.0.tgz 14735ms (cache miss)
4664 http fetch GET 200 https://registry.npmjs.org/optionator/-/optionator-0.8.3.tgz 14736ms (cache miss)
4665 http fetch GET 200 https://registry.npmjs.org/ansi-styles/-/ansi-styles-3.2.1.tgz 14737ms (cache miss)
4666 http fetch GET 200 https://registry.npmjs.org/@babel/helper-replace-supers/-/helper-replace-supers-7.26.5.tgz 14767ms (cache miss)
4667 http fetch GET 200 https://registry.npmjs.org/estraverse/-/estraverse-4.3.0.tgz 14769ms (cache miss)
4668 http fetch GET 200 https://registry.npmjs.org/type-check/-/type-check-0.3.2.tgz 14773ms (cache miss)
4669 http fetch GET 200 https://registry.npmjs.org/escape-string-regexp/-/escape-string-regexp-2.0.0.tgz 14773ms (cache miss)
4670 http fetch GET 200 https://registry.npmjs.org/glob/-/glob-7.2.3.tgz 14789ms (cache miss)
4671 http fetch GET 200 https://registry.npmjs.org/brace-expansion/-/brace-expansion-1.1.11.tgz 14788ms (cache miss)
4672 http fetch GET 200 https://registry.npmjs.org/@babel/plugin-bugfix-v8-spread-parameters-in-optional-chaining/-/plugin-bugfix-v8-spread-parameters-in-optional-chaining-7.25.9.tgz 14837ms (cache miss)
4673 http fetch GET 200 https://registry.npmjs.org/setprototypeof/-/setprototypeof-1.1.0.tgz 14819ms (cache miss)
4674 http fetch GET 200 https://registry.npmjs.org/inherits/-/inherits-2.0.3.tgz 14819ms (cache miss)
4675 http fetch GET 200 https://registry.npmjs.org/ms/-/ms-2.0.0.tgz 14820ms (cache miss)
4676 http fetch GET 200 https://registry.npmjs.org/minimatch/-/minimatch-3.1.2.tgz 14853ms (cache miss)
4677 http fetch GET 200 https://registry.npmjs.org/minimatch/-/minimatch-3.1.2.tgz 14845ms (cache miss)
4678 http fetch GET 200 https://registry.npmjs.org/minimatch/-/minimatch-3.1.2.tgz 14845ms (cache miss)
4679 http fetch GET 200 https://registry.npmjs.org/http-errors/-/http-errors-1.6.3.tgz 14848ms (cache miss)
4680 http fetch GET 200 https://registry.npmjs.org/emoji-regex/-/emoji-regex-8.0.0.tgz 15060ms (cache miss)
4681 http fetch GET 200 https://registry.npmjs.org/jest-worker/-/jest-worker-26.6.2.tgz 15060ms (cache miss)
4682 http fetch GET 200 https://registry.npmjs.org/@eslint-community/regexpp/-/regexpp-4.12.1.tgz 15158ms (cache miss)
4683 http fetch GET 200 https://registry.npmjs.org/encodeurl/-/encodeurl-1.0.2.tgz 15123ms (cache miss)
4684 http fetch GET 200 https://registry.npmjs.org/brace-expansion/-/brace-expansion-1.1.11.tgz 15121ms (cache miss)
4685 http fetch GET 200 https://registry.npmjs.org/brace-expansion/-/brace-expansion-1.1.11.tgz 15120ms (cache miss)
4686 http fetch GET 200 https://registry.npmjs.org/jsesc/-/jsesc-3.0.2.tgz 15121ms (cache miss)
4687 http fetch GET 200 https://registry.npmjs.org/readdirp/-/readdirp-4.1.2.tgz 15123ms (cache miss)
4688 http fetch GET 200 https://registry.npmjs.org/serialize-javascript/-/serialize-javascript-4.0.0.tgz 15124ms (cache miss)
4689 http fetch GET 200 https://registry.npmjs.org/react-is/-/react-is-18.3.1.tgz 15125ms (cache miss)
4690 http fetch GET 200 https://registry.npmjs.org/dom-serializer/-/dom-serializer-0.2.2.tgz 15184ms (cache miss)
4691 http fetch GET 200 https://registry.npmjs.org/@babel/plugin-transform-parameters/-/plugin-transform-parameters-7.25.9.tgz 15252ms (cache miss)
4692 http fetch GET 200 https://registry.npmjs.org/ms/-/ms-2.0.0.tgz 15210ms (cache miss)
4693 http fetch GET 200 https://registry.npmjs.org/picocolors/-/picocolors-0.2.1.tgz 15208ms (cache miss)
4694 http fetch GET 200 https://registry.npmjs.org/convert-source-map/-/convert-source-map-1.9.0.tgz 15209ms (cache miss)
4695 http fetch GET 200 https://registry.npmjs.org/p-limit/-/p-limit-3.1.0.tgz 15208ms (cache miss)
4696 http fetch GET 200 https://registry.npmjs.org/path-exists/-/path-exists-4.0.0.tgz 15209ms (cache miss)
4697 http fetch GET 200 https://registry.npmjs.org/p-locate/-/p-locate-5.0.0.tgz 15215ms (cache miss)
4698 http fetch GET 200 https://registry.npmjs.org/@types/react/-/react-19.2.14.tgz 15341ms (cache miss)
4699 http fetch GET 200 https://registry.npmjs.org/events/-/events-3.3.0.tgz 15464ms (cache miss)
4700 http fetch GET 200 https://registry.npmjs.org/ipaddr.js/-/ipaddr.js-1.9.1.tgz 15266ms (cache miss)
4701 http fetch GET 200 https://registry.npmjs.org/react-is/-/react-is-17.0.2.tgz 15264ms (cache miss)
4702 http fetch GET 200 https://registry.npmjs.org/locate-path/-/locate-path-6.0.0.tgz 15266ms (cache miss)
4703 http fetch GET 200 https://registry.npmjs.org/find-up/-/find-up-5.0.0.tgz 15266ms (cache miss)
4704 http fetch GET 200 https://registry.npmjs.org/@tippyjs/react/-/react-4.2.6.tgz 15403ms (cache miss)
4705 http fetch GET 200 https://registry.npmjs.org/ansi-styles/-/ansi-styles-5.2.0.tgz 15307ms (cache miss)
4706 http fetch GET 200 https://registry.npmjs.org/commander/-/commander-2.20.3.tgz 15346ms (cache miss)
4707 http fetch GET 200 https://registry.npmjs.org/@babel/plugin-transform-modules-commonjs/-/plugin-transform-modules-commonjs-7.26.3.tgz 15386ms (cache miss)
4708 http fetch GET 200 https://registry.npmjs.org/react-is/-/react-is-18.3.1.tgz 15375ms (cache miss)
4709 http fetch GET 200 https://registry.npmjs.org/lilconfig/-/lilconfig-3.1.3.tgz 15386ms (cache miss)
4710 http fetch GET 200 https://registry.npmjs.org/slice-ansi/-/slice-ansi-4.0.0.tgz 15386ms (cache miss)
4711 http fetch GET 200 https://registry.npmjs.org/@babel/plugin-transform-classes/-/plugin-transform-classes-7.25.9.tgz 15457ms (cache miss)
4712 http fetch GET 200 https://registry.npmjs.org/language-subtag-registry/-/language-subtag-registry-0.3.23.tgz 15696ms (cache miss)
4713 http fetch GET 200 https://registry.npmjs.org/@emotion/serialize/-/serialize-1.3.3.tgz 15539ms (cache miss)
4714 warn deprecated glob@7.2.3: Glob versions prior to v9 are no longer supported
4715 http fetch GET 200 https://registry.npmjs.org/path-exists/-/path-exists-4.0.0.tgz 15480ms (cache miss)
4716 http fetch GET 200 https://registry.npmjs.org/wrap-ansi/-/wrap-ansi-6.2.0.tgz 15486ms (cache miss)
4717 http fetch GET 200 https://registry.npmjs.org/supports-color/-/supports-color-8.1.1.tgz 15486ms (cache miss)
4718 http fetch GET 200 https://registry.npmjs.org/find-up/-/find-up-4.1.0.tgz 15487ms (cache miss)
4719 http fetch GET 200 https://registry.npmjs.org/string-length/-/string-length-5.0.1.tgz 15492ms (cache miss)
4720 http fetch GET 200 https://registry.npmjs.org/ansi-regex/-/ansi-regex-6.1.0.tgz 15492ms (cache miss)
4721 warn deprecated glob@7.2.3: Glob versions prior to v9 are no longer supported
4722 http fetch GET 200 https://registry.npmjs.org/locate-path/-/locate-path-5.0.0.tgz 15596ms (cache miss)
4723 http fetch GET 200 https://registry.npmjs.org/slash/-/slash-3.0.0.tgz 15592ms (cache miss)
4724 http fetch GET 200 https://registry.npmjs.org/slash/-/slash-3.0.0.tgz 15593ms (cache miss)
4725 http fetch GET 200 https://registry.npmjs.org/strip-ansi/-/strip-ansi-7.1.0.tgz 15595ms (cache miss)
4726 http fetch GET 200 https://registry.npmjs.org/slash/-/slash-4.0.0.tgz 15595ms (cache miss)
4727 http fetch GET 200 https://registry.npmjs.org/char-regex/-/char-regex-2.0.2.tgz 15597ms (cache miss)
4728 http fetch GET 200 https://registry.npmjs.org/core-js-compat/-/core-js-compat-3.41.0.tgz 15805ms (cache miss)
4729 http fetch GET 200 https://registry.npmjs.org/statuses/-/statuses-1.5.0.tgz 15653ms (cache miss)
4730 http fetch GET 200 https://registry.npmjs.org/ansi-styles/-/ansi-styles-5.2.0.tgz 15638ms (cache miss)
4731 http fetch GET 200 https://registry.npmjs.org/strip-ansi/-/strip-ansi-6.0.1.tgz 15642ms (cache miss)
4732 http fetch GET 200 https://registry.npmjs.org/string-length/-/string-length-4.0.2.tgz 15641ms (cache miss)
4733 http fetch GET 200 https://registry.npmjs.org/jest-util/-/jest-util-28.1.3.tgz 15642ms (cache miss)
4734 http fetch GET 200 https://registry.npmjs.org/jest-watcher/-/jest-watcher-28.1.3.tgz 15643ms (cache miss)
4735 http fetch GET 200 https://registry.npmjs.org/p-locate/-/p-locate-4.1.0.tgz 15646ms (cache miss)
4736 http fetch GET 200 https://registry.npmjs.org/@emotion/sheet/-/sheet-1.4.0.tgz 15762ms (cache miss)
4737 http fetch GET 200 https://registry.npmjs.org/jest-regex-util/-/jest-regex-util-28.0.2.tgz 15704ms (cache miss)
4738 http fetch GET 200 https://registry.npmjs.org/emittery/-/emittery-0.10.2.tgz 15704ms (cache miss)
4739 http fetch GET 200 https://registry.npmjs.org/jest-message-util/-/jest-message-util-28.1.3.tgz 15707ms (cache miss)
4740 http fetch GET 200 https://registry.npmjs.org/chalk/-/chalk-2.4.2.tgz 15770ms (cache miss)
4741 http fetch GET 200 https://registry.npmjs.org/minimatch/-/minimatch-3.1.2.tgz 15750ms (cache miss)
4742 http fetch GET 200 https://registry.npmjs.org/jest-haste-map/-/jest-haste-map-27.5.1.tgz 16034ms (cache miss)
4743 http fetch GET 200 https://registry.npmjs.org/@jest/console/-/console-28.1.3.tgz 15803ms (cache miss)
4744 http fetch GET 200 https://registry.npmjs.org/brace-expansion/-/brace-expansion-1.1.11.tgz 15806ms (cache miss)
4745 http fetch GET 200 https://registry.npmjs.org/brace-expansion/-/brace-expansion-1.1.11.tgz 15806ms (cache miss)
4746 http fetch GET 200 https://registry.npmjs.org/brace-expansion/-/brace-expansion-1.1.11.tgz 15807ms (cache miss)
4747 http fetch GET 200 https://registry.npmjs.org/glob/-/glob-7.2.3.tgz 15807ms (cache miss)
4748 http fetch GET 200 https://registry.npmjs.org/eslint-module-utils/-/eslint-module-utils-2.12.0.tgz 16063ms (cache miss)
4749 http fetch GET 200 https://registry.npmjs.org/@babel/plugin-transform-typescript/-/plugin-transform-typescript-7.26.8.tgz 15937ms (cache miss)
4750 http fetch GET 200 https://registry.npmjs.org/minimatch/-/minimatch-3.1.2.tgz 15903ms (cache miss)
4751 http fetch GET 200 https://registry.npmjs.org/minimatch/-/minimatch-3.1.2.tgz 15904ms (cache miss)
4752 http fetch GET 200 https://registry.npmjs.org/commander/-/commander-4.1.1.tgz 15926ms (cache miss)
4753 http fetch GET 200 https://registry.npmjs.org/glob/-/glob-7.2.3.tgz 15923ms (cache miss)
4754 http fetch GET 200 https://registry.npmjs.org/which/-/which-1.3.1.tgz 15921ms (cache miss)
4755 http fetch GET 200 https://registry.npmjs.org/string_decoder/-/string_decoder-1.1.1.tgz 15923ms (cache miss)
4756 http fetch GET 200 https://registry.npmjs.org/resolve-from/-/resolve-from-4.0.0.tgz 15923ms (cache miss)
4757 http fetch GET 200 https://registry.npmjs.org/make-dir/-/make-dir-4.0.0.tgz 15923ms (cache miss)
4758 http fetch GET 200 https://registry.npmjs.org/fs-extra/-/fs-extra-10.1.0.tgz 16188ms (cache miss)
4759 http fetch GET 200 https://registry.npmjs.org/isarray/-/isarray-1.0.0.tgz 15973ms (cache miss)
4760 http fetch GET 200 https://registry.npmjs.org/ini/-/ini-2.0.0.tgz 15972ms (cache miss)
4761 http fetch GET 200 https://registry.npmjs.org/@jest/test-result/-/test-result-28.1.3.tgz 15978ms (cache miss)
4762 http fetch GET 200 https://registry.npmjs.org/css-line-break/-/css-line-break-2.1.0.tgz 16157ms (cache miss)
4763 http fetch GET 200 https://registry.npmjs.org/@babel/plugin-transform-block-scoping/-/plugin-transform-block-scoping-7.25.9.tgz 16030ms (cache miss)
4764 http fetch GET 200 https://registry.npmjs.org/ms/-/ms-2.0.0.tgz 16018ms (cache miss)
4765 http fetch GET 200 https://registry.npmjs.org/ms/-/ms-2.0.0.tgz 16017ms (cache miss)
4766 http fetch GET 200 https://registry.npmjs.org/ms/-/ms-2.0.0.tgz 16014ms (cache miss)
4767 warn deprecated glob@7.2.3: Glob versions prior to v9 are no longer supported
4768 http fetch GET 200 https://registry.npmjs.org/escodegen/-/escodegen-1.14.3.tgz 16043ms (cache miss)
4769 http fetch GET 200 https://registry.npmjs.org/safe-buffer/-/safe-buffer-5.1.2.tgz 16022ms (cache miss)
4770 http fetch GET 200 https://registry.npmjs.org/brace-expansion/-/brace-expansion-1.1.11.tgz 16024ms (cache miss)
4771 http fetch GET 200 https://registry.npmjs.org/brace-expansion/-/brace-expansion-1.1.11.tgz 16023ms (cache miss)
4772 http fetch GET 200 https://registry.npmjs.org/brace-expansion/-/brace-expansion-1.1.11.tgz 16026ms (cache miss)
4773 http fetch GET 200 https://registry.npmjs.org/brace-expansion/-/brace-expansion-1.1.11.tgz 16023ms (cache miss)
4774 http fetch GET 200 https://registry.npmjs.org/escape-string-regexp/-/escape-string-regexp-1.0.5.tgz 16027ms (cache miss)
4775 http fetch GET 200 https://registry.npmjs.org/supports-color/-/supports-color-8.1.1.tgz 16027ms (cache miss)
4776 http fetch GET 200 https://registry.npmjs.org/glob-parent/-/glob-parent-5.1.2.tgz 16029ms (cache miss)
4777 http fetch GET 200 https://registry.npmjs.org/minimatch/-/minimatch-5.1.6.tgz 16030ms (cache miss)
4778 http fetch GET 200 https://registry.npmjs.org/get-stream/-/get-stream-5.2.0.tgz 16030ms (cache miss)
4779 http fetch GET 200 https://registry.npmjs.org/path-exists/-/path-exists-4.0.0.tgz 16027ms (cache miss)
4780 http fetch GET 200 https://registry.npmjs.org/cookie/-/cookie-0.7.1.tgz 16030ms (cache miss)
4781 http fetch GET 200 https://registry.npmjs.org/p-locate/-/p-locate-5.0.0.tgz 16032ms (cache miss)
4782 http fetch GET 200 https://registry.npmjs.org/p-limit/-/p-limit-3.1.0.tgz 16033ms (cache miss)
4783 http fetch GET 200 https://registry.npmjs.org/brace-expansion/-/brace-expansion-1.1.11.tgz 16053ms (cache miss)
4784 http fetch GET 200 https://registry.npmjs.org/locate-path/-/locate-path-6.0.0.tgz 16056ms (cache miss)
4785 http fetch GET 200 https://registry.npmjs.org/find-up/-/find-up-5.0.0.tgz 16072ms (cache miss)
4786 http fetch GET 200 https://registry.npmjs.org/minimatch/-/minimatch-3.1.2.tgz 16077ms (cache miss)
4787 http fetch GET 200 https://registry.npmjs.org/minimatch/-/minimatch-3.1.2.tgz 16074ms (cache miss)
4788 http fetch GET 200 https://registry.npmjs.org/minimatch/-/minimatch-3.1.2.tgz 16075ms (cache miss)
4789 http fetch GET 200 https://registry.npmjs.org/minimatch/-/minimatch-3.1.2.tgz 16076ms (cache miss)
4790 http fetch GET 200 https://registry.npmjs.org/globals/-/globals-13.24.0.tgz 16085ms (cache miss)
4791 http fetch GET 200 https://registry.npmjs.org/d3-scale/-/d3-scale-4.0.2.tgz 16314ms (cache miss)
4792 http fetch GET 200 https://registry.npmjs.org/proxy-from-env/-/proxy-from-env-1.0.0.tgz 16124ms (cache miss)
4793 http fetch GET 200 https://registry.npmjs.org/cssom/-/cssom-0.3.8.tgz 16126ms (cache miss)
4794 http fetch GET 200 https://registry.npmjs.org/@cypress/request/-/request-3.0.8.tgz 16212ms (cache miss)
4795 http fetch GET 200 https://registry.npmjs.org/levn/-/levn-0.3.0.tgz 16159ms (cache miss)
4796 http fetch GET 200 https://registry.npmjs.org/minimatch/-/minimatch-3.1.2.tgz 16141ms (cache miss)
4797 http fetch GET 200 https://registry.npmjs.org/webidl-conversions/-/webidl-conversions-5.0.0.tgz 16145ms (cache miss)
4798 http fetch GET 200 https://registry.npmjs.org/execa/-/execa-4.1.0.tgz 16177ms (cache miss)
4799 http fetch GET 200 https://registry.npmjs.org/ms/-/ms-2.0.0.tgz 16207ms (cache miss)
4800 http fetch GET 200 https://registry.npmjs.org/ms/-/ms-2.0.0.tgz 16209ms (cache miss)
4801 http fetch GET 200 https://registry.npmjs.org/escape-string-regexp/-/escape-string-regexp-1.0.5.tgz 16208ms (cache miss)
4802 http fetch GET 200 https://registry.npmjs.org/supports-color/-/supports-color-5.5.0.tgz 16210ms (cache miss)
4803 http fetch GET 200 https://registry.npmjs.org/has-flag/-/has-flag-3.0.0.tgz 16210ms (cache miss)
4804 http fetch GET 200 https://registry.npmjs.org/color-name/-/color-name-1.1.3.tgz 16210ms (cache miss)
4805 http fetch GET 200 https://registry.npmjs.org/semver/-/semver-6.3.1.tgz 16247ms (cache miss)
4806 http fetch GET 200 https://registry.npmjs.org/get-stream/-/get-stream-5.2.0.tgz 16232ms (cache miss)
4807 http fetch GET 200 https://registry.npmjs.org/glob-parent/-/glob-parent-5.1.2.tgz 16230ms (cache miss)
4808 http fetch GET 200 https://registry.npmjs.org/chalk/-/chalk-2.4.2.tgz 16246ms (cache miss)
4809 http fetch GET 200 https://registry.npmjs.org/uuid/-/uuid-13.0.0.tgz 16619ms (cache miss)
4810 http fetch GET 200 https://registry.npmjs.org/d3-interpolate/-/d3-interpolate-3.0.1.tgz 16463ms (cache miss)
4811 http fetch GET 200 https://registry.npmjs.org/ansi-styles/-/ansi-styles-3.2.1.tgz 16271ms (cache miss)
4812 http fetch GET 200 https://registry.npmjs.org/form-data/-/form-data-4.0.2.tgz 16290ms (cache miss)
4813 http fetch GET 200 https://registry.npmjs.org/estraverse/-/estraverse-4.3.0.tgz 16312ms (cache miss)
4814 http fetch GET 200 https://registry.npmjs.org/estraverse/-/estraverse-4.3.0.tgz 16310ms (cache miss)
4815 http fetch GET 200 https://registry.npmjs.org/@babel/plugin-proposal-private-property-in-object/-/plugin-proposal-private-property-in-object-7.21.11.tgz 16314ms (cache miss)
4816 http fetch GET 200 https://registry.npmjs.org/supports-color/-/supports-color-8.1.1.tgz 16339ms (cache miss)
4817 http fetch GET 200 https://registry.npmjs.org/json-schema-traverse/-/json-schema-traverse-1.0.0.tgz 16334ms (cache miss)
4818 http fetch GET 200 https://registry.npmjs.org/negotiator/-/negotiator-0.6.3.tgz 16335ms (cache miss)
4819 http fetch GET 200 https://registry.npmjs.org/prelude-ls/-/prelude-ls-1.1.2.tgz 16388ms (cache miss)
4820 http fetch GET 200 https://registry.npmjs.org/@types/estree/-/estree-0.0.39.tgz 16374ms (cache miss)
4821 http fetch GET 200 https://registry.npmjs.org/@types/express-serve-static-core/-/express-serve-static-core-4.19.6.tgz 16374ms (cache miss)
4822 http fetch GET 200 https://registry.npmjs.org/convert-source-map/-/convert-source-map-1.9.0.tgz 16374ms (cache miss)
4823 http fetch GET 200 https://registry.npmjs.org/react-is/-/react-is-19.0.0.tgz 16375ms (cache miss)
4824 http fetch GET 200 https://registry.npmjs.org/glob/-/glob-7.2.3.tgz 16416ms (cache miss)
4825 http fetch GET 200 https://registry.npmjs.org/brace-expansion/-/brace-expansion-1.1.11.tgz 16417ms (cache miss)
4826 http fetch GET 200 https://registry.npmjs.org/p-locate/-/p-locate-4.1.0.tgz 16417ms (cache miss)
4827 http fetch GET 200 https://registry.npmjs.org/path-exists/-/path-exists-4.0.0.tgz 16419ms (cache miss)
4828 http fetch GET 200 https://registry.npmjs.org/brace-expansion/-/brace-expansion-1.1.11.tgz 16414ms (cache miss)
4829 http fetch GET 200 https://registry.npmjs.org/iconv-lite/-/iconv-lite-0.6.3.tgz 16684ms (cache miss)
4830 http fetch GET 200 https://registry.npmjs.org/locate-path/-/locate-path-5.0.0.tgz 16459ms (cache miss)
4831 http fetch GET 200 https://registry.npmjs.org/strip-ansi/-/strip-ansi-7.1.0.tgz 16459ms (cache miss)
4832 http fetch GET 200 https://registry.npmjs.org/find-up/-/find-up-4.1.0.tgz 16461ms (cache miss)
4833 http fetch GET 200 https://registry.npmjs.org/camelcase/-/camelcase-5.3.1.tgz 16461ms (cache miss)
4834 http fetch GET 200 https://registry.npmjs.org/string-width/-/string-width-5.1.2.tgz 16461ms (cache miss)
4835 http fetch GET 200 https://registry.npmjs.org/wrap-ansi/-/wrap-ansi-8.1.0.tgz 16461ms (cache miss)
4836 http fetch GET 200 https://registry.npmjs.org/minimatch/-/minimatch-3.1.2.tgz 16459ms (cache miss)
4837 http fetch GET 200 https://registry.npmjs.org/minimatch/-/minimatch-3.1.2.tgz 16465ms (cache miss)
4838 warn deprecated glob@7.2.3: Glob versions prior to v9 are no longer supported
4839 http fetch GET 200 https://registry.npmjs.org/ansi-styles/-/ansi-styles-6.2.1.tgz 16670ms (cache miss)
4840 http fetch GET 200 https://registry.npmjs.org/semver/-/semver-6.3.1.tgz 16701ms (cache miss)
4841 warn deprecated glob@7.2.3: Glob versions prior to v9 are no longer supported
4842 http fetch GET 200 https://registry.npmjs.org/glob/-/glob-7.2.3.tgz 16717ms (cache miss)
4843 http fetch GET 200 https://registry.npmjs.org/cliui/-/cliui-8.0.1.tgz 16701ms (cache miss)
4844 http fetch GET 200 https://registry.npmjs.org/ansi-regex/-/ansi-regex-6.1.0.tgz 16702ms (cache miss)
4845 http fetch GET 200 https://registry.npmjs.org/globals/-/globals-13.24.0.tgz 16701ms (cache miss)
4846 http fetch GET 200 https://registry.npmjs.org/react-is/-/react-is-19.0.0.tgz 16723ms (cache miss)
4847 http fetch GET 200 https://registry.npmjs.org/argparse/-/argparse-1.0.10.tgz 16887ms (cache miss)
4848 http fetch GET 200 https://registry.npmjs.org/js-yaml/-/js-yaml-3.14.1.tgz 17008ms (cache miss)
4849 http fetch GET 200 https://registry.npmjs.org/convert-source-map/-/convert-source-map-1.9.0.tgz 16736ms (cache miss)
4850 http fetch GET 200 https://registry.npmjs.org/depd/-/depd-1.1.2.tgz 16775ms (cache miss)
4851 http fetch GET 200 https://registry.npmjs.org/minimatch/-/minimatch-3.1.2.tgz 16751ms (cache miss)
4852 http fetch GET 200 https://registry.npmjs.org/@emotion/utils/-/utils-1.4.2.tgz 16857ms (cache miss)
4853 http fetch GET 200 https://registry.npmjs.org/tr46/-/tr46-1.0.1.tgz 16813ms (cache miss)
4854 http fetch GET 200 https://registry.npmjs.org/lru-cache/-/lru-cache-5.1.1.tgz 16766ms (cache miss)
4855 http fetch GET 200 https://registry.npmjs.org/brace-expansion/-/brace-expansion-1.1.11.tgz 16774ms (cache miss)
4856 http fetch GET 200 https://registry.npmjs.org/semver/-/semver-6.3.1.tgz 16802ms (cache miss)
4857 http fetch GET 200 https://registry.npmjs.org/semver/-/semver-6.3.1.tgz 16800ms (cache miss)
4858 warn deprecated glob@7.2.3: Glob versions prior to v9 are no longer supported
4859 warn deprecated @babel/plugin-proposal-private-property-in-object@7.21.11: This proposal has been merged to the ECMAScript standard and thus this plugin is no longer maintained. Please use @babel/plugin-transform-private-property-in-object instead.
4860 http fetch GET 200 https://registry.npmjs.org/eslint-visitor-keys/-/eslint-visitor-keys-2.1.0.tgz 16801ms (cache miss)
4861 http fetch GET 200 https://registry.npmjs.org/whatwg-url/-/whatwg-url-7.1.0.tgz 16867ms (cache miss)
4862 http fetch GET 200 https://registry.npmjs.org/css-what/-/css-what-3.4.2.tgz 16889ms (cache miss)
4863 http fetch GET 200 https://registry.npmjs.org/brace-expansion 16551ms (cache miss)
4864 silly packumentCache corgi:https://registry.npmjs.org/brace-expansion set size:undefined disposed:false
4865 http fetch GET 200 https://registry.npmjs.org/eslint-scope/-/eslint-scope-5.1.1.tgz 16975ms (cache miss)
4866 http fetch GET 200 https://registry.npmjs.org/commander/-/commander-7.2.0.tgz 16957ms (cache miss)
4867 http fetch GET 200 https://registry.npmjs.org/@tootallnate%2fonce 16575ms (cache miss)
4868 silly packumentCache corgi:https://registry.npmjs.org/@tootallnate%2fonce set size:undefined disposed:false
4869 http fetch GET 200 https://registry.npmjs.org/ci-info/-/ci-info-4.2.0.tgz 16948ms (cache miss)
4870 http fetch GET 200 https://registry.npmjs.org/json5/-/json5-1.0.2.tgz 16987ms (cache miss)
4871 http fetch GET 200 https://registry.npmjs.org/commander/-/commander-6.2.1.tgz 16973ms (cache miss)
4872 http fetch GET 200 https://registry.npmjs.org/nth-check 16613ms (cache miss)
4873 silly packumentCache corgi:https://registry.npmjs.org/nth-check set size:undefined disposed:false
4874 http fetch GET 200 https://registry.npmjs.org/@babel/template/-/template-7.26.9.tgz 17074ms (cache miss)
4875 http fetch GET 200 https://registry.npmjs.org/form-data 16633ms (cache miss)
4876 silly packumentCache corgi:https://registry.npmjs.org/form-data set size:undefined disposed:false
4877 http fetch GET 200 https://registry.npmjs.org/color-convert/-/color-convert-1.9.3.tgz 17023ms (cache miss)
4878 http fetch GET 200 https://registry.npmjs.org/semver/-/semver-6.3.1.tgz 17038ms (cache miss)
4879 http fetch GET 200 https://registry.npmjs.org/jsonpath 16672ms (cache miss)
4880 silly packumentCache corgi:https://registry.npmjs.org/jsonpath set size:undefined disposed:false
4881 http fetch GET 200 https://registry.npmjs.org/on-headers 16675ms (cache miss)
4882 silly packumentCache corgi:https://registry.npmjs.org/on-headers set size:undefined disposed:false
4883 http fetch GET 200 https://registry.npmjs.org/js-yaml 16690ms (cache miss)
4884 silly packumentCache corgi:https://registry.npmjs.org/js-yaml set size:undefined disposed:false
4885 http fetch GET 200 https://registry.npmjs.org/uuid 16703ms (cache miss)
4886 silly packumentCache corgi:https://registry.npmjs.org/uuid set size:undefined disposed:false
4887 http fetch GET 200 https://registry.npmjs.org/tslib/-/tslib-1.14.1.tgz 17121ms (cache miss)
4888 http fetch GET 200 https://registry.npmjs.org/flatted 16740ms (cache miss)
4889 silly packumentCache corgi:https://registry.npmjs.org/flatted set size:undefined disposed:false
4890 http fetch GET 200 https://registry.npmjs.org/jspdf 16742ms (cache miss)
4891 silly packumentCache corgi:https://registry.npmjs.org/jspdf set size:undefined disposed:false
4892 http fetch GET 200 https://registry.npmjs.org/@types/yargs/-/yargs-17.0.33.tgz 17129ms (cache miss)
4893 http fetch GET 200 https://registry.npmjs.org/@firebase/webchannel-wrapper/-/webchannel-wrapper-1.0.3.tgz 17220ms (cache miss)
4894 http fetch GET 200 https://registry.npmjs.org/jiti/-/jiti-1.21.7.tgz 17394ms (cache miss)
4895 http fetch GET 200 https://registry.npmjs.org/tmp 16760ms (cache miss)
4896 silly packumentCache corgi:https://registry.npmjs.org/tmp set size:undefined disposed:false
4897 http fetch GET 200 https://registry.npmjs.org/@babel/plugin-transform-runtime/-/plugin-transform-runtime-7.26.9.tgz 17217ms (cache miss)
4898 http fetch GET 200 https://registry.npmjs.org/picomatch 16770ms (cache miss)
4899 silly packumentCache corgi:https://registry.npmjs.org/picomatch set size:undefined disposed:false
4900 http fetch GET 200 https://registry.npmjs.org/path-to-regexp 16773ms (cache miss)
4901 silly packumentCache corgi:https://registry.npmjs.org/path-to-regexp set size:undefined disposed:false
4902 http fetch GET 200 https://registry.npmjs.org/lodash 16776ms (cache miss)
4903 silly packumentCache corgi:https://registry.npmjs.org/lodash set size:undefined disposed:false
4904 http fetch GET 200 https://registry.npmjs.org/glob/-/glob-7.2.3.tgz 17156ms (cache miss)
4905 http fetch GET 200 https://registry.npmjs.org/follow-redirects 16821ms (cache miss)
4906 silly packumentCache corgi:https://registry.npmjs.org/follow-redirects set size:undefined disposed:false
4907 http fetch GET 200 https://registry.npmjs.org/serialize-javascript 16853ms (cache miss)
4908 silly packumentCache corgi:https://registry.npmjs.org/serialize-javascript set size:undefined disposed:false
4909 http fetch GET 200 https://registry.npmjs.org/debug/-/debug-3.2.7.tgz 17235ms (cache miss)
4910 http fetch GET 200 https://registry.npmjs.org/debug/-/debug-3.2.7.tgz 17237ms (cache miss)
4911 http fetch GET 200 https://registry.npmjs.org/debug/-/debug-3.2.7.tgz 17236ms (cache miss)
4912 http fetch GET 200 https://registry.npmjs.org/jake/-/jake-10.9.2.tgz 17505ms (cache miss)
4913 warn deprecated glob@7.2.3: Glob versions prior to v9 are no longer supported
4914 http fetch GET 200 https://registry.npmjs.org/qs 16881ms (cache miss)
4915 silly packumentCache corgi:https://registry.npmjs.org/qs set size:undefined disposed:false
4916 http fetch GET 200 https://registry.npmjs.org/underscore 16897ms (cache miss)
4917 silly packumentCache corgi:https://registry.npmjs.org/underscore set size:undefined disposed:false
4918 http fetch GET 200 https://registry.npmjs.org/@jest/types/-/types-28.1.3.tgz 17287ms (cache miss)
4919 http fetch GET 200 https://registry.npmjs.org/json-schema-traverse/-/json-schema-traverse-1.0.0.tgz 17304ms (cache miss)
4920 http fetch GET 200 https://registry.npmjs.org/immutable 16915ms (cache miss)
4921 silly packumentCache corgi:https://registry.npmjs.org/immutable set size:undefined disposed:false
4922 http fetch GET 200 https://registry.npmjs.org/node-forge 16919ms (cache miss)
4923 silly packumentCache corgi:https://registry.npmjs.org/node-forge set size:undefined disposed:false
4924 http fetch GET 200 https://registry.npmjs.org/argparse/-/argparse-2.0.1.tgz 17316ms (cache miss)
4925 http fetch GET 200 https://registry.npmjs.org/semver/-/semver-6.3.1.tgz 17332ms (cache miss)
4926 http fetch GET 200 https://registry.npmjs.org/semver/-/semver-6.3.1.tgz 17333ms (cache miss)
4927 http fetch GET 200 https://registry.npmjs.org/semver/-/semver-6.3.1.tgz 17334ms (cache miss)
4928 http fetch GET 200 https://registry.npmjs.org/http-proxy-middleware 16986ms (cache miss)
4929 silly packumentCache corgi:https://registry.npmjs.org/http-proxy-middleware set size:undefined disposed:false
4930 http fetch GET 200 https://registry.npmjs.org/doctrine/-/doctrine-2.1.0.tgz 17376ms (cache miss)
4931 http fetch GET 200 https://registry.npmjs.org/minimatch 17011ms (cache miss)
4932 silly packumentCache corgi:https://registry.npmjs.org/minimatch set size:undefined disposed:false
4933 http fetch GET 200 https://registry.npmjs.org/semver/-/semver-6.3.1.tgz 17416ms (cache miss)
4934 http fetch GET 200 https://registry.npmjs.org/semver/-/semver-6.3.1.tgz 17418ms (cache miss)
4935 http fetch GET 200 https://registry.npmjs.org/semver/-/semver-6.3.1.tgz 17418ms (cache miss)
4936 http fetch GET 200 https://registry.npmjs.org/semver/-/semver-6.3.1.tgz 17420ms (cache miss)
4937 http fetch GET 200 https://registry.npmjs.org/doctrine/-/doctrine-2.1.0.tgz 17450ms (cache miss)
4938 http fetch GET 200 https://registry.npmjs.org/svgo 17097ms (cache miss)
4939 silly packumentCache corgi:https://registry.npmjs.org/svgo set size:undefined disposed:false
4940 http fetch GET 200 https://registry.npmjs.org/chokidar/-/chokidar-4.0.3.tgz 17505ms (cache miss)
4941 http fetch GET 200 https://registry.npmjs.org/glob 17121ms (cache miss)
4942 silly packumentCache corgi:https://registry.npmjs.org/glob set size:undefined disposed:false
4943 http fetch GET 200 https://registry.npmjs.org/@firebase/component/-/component-0.6.13.tgz 17591ms (cache miss)
4944 http fetch GET 200 https://registry.npmjs.org/adjust-sourcemap-loader/-/adjust-sourcemap-loader-4.0.0.tgz 17653ms (cache miss)
4945 http fetch GET 200 https://registry.npmjs.org/ajv-keywords/-/ajv-keywords-3.5.2.tgz 17660ms (cache miss)
4946 http fetch GET 200 https://registry.npmjs.org/loader-utils/-/loader-utils-3.3.1.tgz 17535ms (cache miss)
4947 http fetch GET 200 https://registry.npmjs.org/yaml 17147ms (cache miss)
4948 silly packumentCache corgi:https://registry.npmjs.org/yaml set size:undefined disposed:false
4949 http fetch GET 200 https://registry.npmjs.org/form-data/-/form-data-4.0.3.tgz 17527ms (cache miss)
4950 http fetch GET 200 https://registry.npmjs.org/@typescript-eslint/types/-/types-5.62.0.tgz 17689ms (cache miss)
4951 http fetch GET 200 https://registry.npmjs.org/@babel%2fhelpers 17189ms (cache miss)
4952 silly packumentCache corgi:https://registry.npmjs.org/@babel%2fhelpers set size:undefined disposed:false
4953 http fetch GET 200 https://registry.npmjs.org/@mui/styled-engine/-/styled-engine-6.4.8.tgz 17682ms (cache miss)
4954 http fetch GET 200 https://registry.npmjs.org/getos/-/getos-3.2.1.tgz 17808ms (cache miss)
4955 http fetch GET 200 https://registry.npmjs.org/@babel/helper-compilation-targets/-/helper-compilation-targets-7.26.5.tgz 17612ms (cache miss)
4956 http fetch GET 200 https://registry.npmjs.org/webpack-sources/-/webpack-sources-2.3.1.tgz 17610ms (cache miss)
4957 http fetch GET 200 https://registry.npmjs.org/dompurify 17250ms (cache miss)
4958 silly packumentCache corgi:https://registry.npmjs.org/dompurify set size:undefined disposed:false
4959 http fetch GET 200 https://registry.npmjs.org/argparse/-/argparse-2.0.1.tgz 17682ms (cache miss)
4960 http fetch GET 200 https://registry.npmjs.org/debug/-/debug-3.2.7.tgz 17686ms (cache miss)
4961 http fetch GET 200 https://registry.npmjs.org/axios 17329ms (cache miss)
4962 silly packumentCache corgi:https://registry.npmjs.org/axios set size:undefined disposed:false
4963 http fetch GET 200 https://registry.npmjs.org/protobufjs 17343ms (cache miss)
4964 silly packumentCache corgi:https://registry.npmjs.org/protobufjs set size:undefined disposed:false
4965 http fetch GET 200 https://registry.npmjs.org/@babel/helper-module-transforms/-/helper-module-transforms-7.26.0.tgz 17830ms (cache miss)
4966 http fetch GET 200 https://registry.npmjs.org/human-signals/-/human-signals-1.1.1.tgz 17822ms (cache miss)
4967 http fetch GET 200 https://registry.npmjs.org/debug/-/debug-2.6.9.tgz 17872ms (cache miss)
4968 http fetch GET 200 https://registry.npmjs.org/@floating-ui/react/-/react-0.27.5.tgz 17981ms (cache miss)
4969 http fetch GET 200 https://registry.npmjs.org/postcss/-/postcss-8.5.3.tgz 18192ms (cache miss)
4970 http fetch GET 200 https://registry.npmjs.org/css-select/-/css-select-4.3.0.tgz 18106ms (cache miss)
4971 http fetch GET 200 https://registry.npmjs.org/minipass/-/minipass-7.1.2.tgz 17949ms (cache miss)
4972 http fetch GET 200 https://registry.npmjs.org/debug/-/debug-2.6.9.tgz 17966ms (cache miss)
4973 http fetch GET 200 https://registry.npmjs.org/@emotion/babel-plugin/-/babel-plugin-11.13.5.tgz 18062ms (cache miss)
4974 http fetch GET 200 https://registry.npmjs.org/eslint-scope/-/eslint-scope-5.1.1.tgz 18003ms (cache miss)
4975 http fetch GET 200 https://registry.npmjs.org/eslint-scope/-/eslint-scope-5.1.1.tgz 18003ms (cache miss)
4976 http fetch GET 200 https://registry.npmjs.org/postcss 17647ms (cache miss)
4977 silly packumentCache corgi:https://registry.npmjs.org/postcss set size:undefined disposed:false
4978 http fetch GET 200 https://registry.npmjs.org/schema-utils/-/schema-utils-3.3.0.tgz 18073ms (cache miss)
4979 http fetch GET 200 https://registry.npmjs.org/ws/-/ws-8.18.1.tgz 18305ms (cache miss)
4980 http fetch GET 200 https://registry.npmjs.org/ajv 17934ms (cache miss)
4981 silly packumentCache corgi:https://registry.npmjs.org/ajv set size:undefined disposed:false
4982 http fetch GET 200 https://registry.npmjs.org/yargs-parser/-/yargs-parser-21.1.1.tgz 18317ms (cache miss)
4983 http fetch GET 200 https://registry.npmjs.org/webpack-dev-server 17963ms (cache miss)
4984 silly packumentCache corgi:https://registry.npmjs.org/webpack-dev-server set size:undefined disposed:false
4985 http fetch GET 200 https://registry.npmjs.org/@jest/reporters/-/reporters-27.5.1.tgz 18473ms (cache miss)
4986 http fetch GET 200 https://registry.npmjs.org/pretty-format/-/pretty-format-28.1.3.tgz 18399ms (cache miss)
4987 http fetch GET 200 https://registry.npmjs.org/minipass/-/minipass-7.1.2.tgz 18404ms (cache miss)
4988 http fetch GET 200 https://registry.npmjs.org/cosmiconfig/-/cosmiconfig-7.1.0.tgz 18614ms (cache miss)
4989 http fetch GET 200 https://registry.npmjs.org/bonjour-service/-/bonjour-service-1.3.0.tgz 18635ms (cache miss)
4990 http fetch GET 200 https://registry.npmjs.org/@mui/private-theming/-/private-theming-6.4.8.tgz 18583ms (cache miss)
4991 http fetch GET 200 https://registry.npmjs.org/debug/-/debug-2.6.9.tgz 18515ms (cache miss)
4992 http fetch GET 200 https://registry.npmjs.org/debug/-/debug-2.6.9.tgz 18518ms (cache miss)
4993 http fetch GET 200 https://registry.npmjs.org/d3-time-format/-/d3-time-format-4.1.0.tgz 18715ms (cache miss)
4994 http fetch GET 200 https://registry.npmjs.org/debug/-/debug-2.6.9.tgz 18537ms (cache miss)
4995 http fetch GET 200 https://registry.npmjs.org/@firebase/functions/-/functions-0.12.3.tgz 18645ms (cache miss)
4996 http fetch GET 200 https://registry.npmjs.org/jest-worker/-/jest-worker-28.1.3.tgz 18568ms (cache miss)
4997 http fetch GET 200 https://registry.npmjs.org/debug/-/debug-2.6.9.tgz 18569ms (cache miss)
4998 http fetch GET 200 https://registry.npmjs.org/@babel/helper-create-class-features-plugin/-/helper-create-class-features-plugin-7.26.9.tgz 18619ms (cache miss)
4999 http fetch GET 200 https://registry.npmjs.org/source-map/-/source-map-0.8.0-beta.0.tgz 18633ms (cache miss)
5000 http fetch GET 200 https://registry.npmjs.org/debug/-/debug-2.6.9.tgz 18591ms (cache miss)
5001 http fetch GET 200 https://registry.npmjs.org/@babel/helper-define-polyfill-provider/-/helper-define-polyfill-provider-0.6.3.tgz 18685ms (cache miss)
5002 http fetch GET 200 https://registry.npmjs.org/tapable/-/tapable-1.1.3.tgz 18683ms (cache miss)
5003 http fetch GET 200 https://registry.npmjs.org/@apideck/better-ajv-errors/-/better-ajv-errors-0.3.6.tgz 18738ms (cache miss)
5004 http fetch GET 200 https://registry.npmjs.org/colord/-/colord-2.9.3.tgz 18885ms (cache miss)
5005 http fetch GET 200 https://registry.npmjs.org/tsconfig-paths/-/tsconfig-paths-3.15.0.tgz 19067ms (cache miss)
5006 http fetch GET 200 https://registry.npmjs.org/eslint-plugin-testing-library/-/eslint-plugin-testing-library-5.11.1.tgz 18957ms (cache miss)
5007 http fetch GET 200 https://registry.npmjs.org/svgo/-/svgo-1.3.2.tgz 19096ms (cache miss)
5008 http fetch GET 200 https://registry.npmjs.org/jest-jasmine2/-/jest-jasmine2-27.5.1.tgz 19025ms (cache miss)
5009 http fetch GET 200 https://registry.npmjs.org/schema-utils/-/schema-utils-2.7.0.tgz 18784ms (cache miss)
5010 http fetch GET 200 https://registry.npmjs.org/enquirer/-/enquirer-2.4.1.tgz 19005ms (cache miss)
5011 http fetch GET 200 https://registry.npmjs.org/bfj/-/bfj-7.1.0.tgz 18969ms (cache miss)
5012 warn deprecated svgo@1.3.2: This SVGO version is no longer supported. Upgrade to v2.x.x.
5013 http fetch GET 200 https://registry.npmjs.org/tippy.js/-/tippy.js-6.3.7.tgz 19179ms (cache miss)
5014 http fetch GET 200 https://registry.npmjs.org/pako/-/pako-2.1.0.tgz 19133ms (cache miss)
5015 http fetch GET 200 https://registry.npmjs.org/schema-utils/-/schema-utils-3.3.0.tgz 18841ms (cache miss)
5016 http fetch GET 200 https://registry.npmjs.org/renderkid/-/renderkid-3.0.0.tgz 19170ms (cache miss)
5017 http fetch GET 200 https://registry.npmjs.org/terser/-/terser-5.39.0.tgz 19205ms (cache miss)
5018 http fetch GET 200 https://registry.npmjs.org/schema-utils/-/schema-utils-2.7.1.tgz 18877ms (cache miss)
5019 http fetch GET 200 https://registry.npmjs.org/istanbul-reports/-/istanbul-reports-3.1.7.tgz 19190ms (cache miss)
5020 http fetch GET 200 https://registry.npmjs.org/aos/-/aos-2.3.4.tgz 19081ms (cache miss)
5021 http fetch GET 200 https://registry.npmjs.org/enhanced-resolve/-/enhanced-resolve-5.18.1.tgz 19146ms (cache miss)
5022 http fetch GET 200 https://registry.npmjs.org/babel-plugin-polyfill-corejs3/-/babel-plugin-polyfill-corejs3-0.10.6.tgz 18933ms (cache miss)
5023 http fetch GET 200 https://registry.npmjs.org/@webassemblyjs/ast/-/ast-1.14.1.tgz 19115ms (cache miss)
5024 http fetch GET 200 https://registry.npmjs.org/minimatch/-/minimatch-8.0.4.tgz 19337ms (cache miss)
5025 http fetch GET 200 https://registry.npmjs.org/tldts/-/tldts-6.1.86.tgz 19448ms (cache miss)
5026 http fetch GET 200 https://registry.npmjs.org/esprima/-/esprima-1.2.2.tgz 19150ms (cache miss)
5027 http fetch GET 200 https://registry.npmjs.org/tldts-core/-/tldts-core-6.1.86.tgz 19526ms (cache miss)
5028 http fetch GET 200 https://registry.npmjs.org/tsutils/-/tsutils-3.21.0.tgz 19532ms (cache miss)
5029 http fetch GET 200 https://registry.npmjs.org/type-fest/-/type-fest-0.16.0.tgz 19233ms (cache miss)
5030 http fetch GET 200 https://registry.npmjs.org/readable-stream/-/readable-stream-2.3.8.tgz 19288ms (cache miss)
5031 http fetch GET 200 https://registry.npmjs.org/@eslint/eslintrc/-/eslintrc-2.1.4.tgz 19380ms (cache miss)
5032 http fetch GET 200 https://registry.npmjs.org/qs/-/qs-6.14.0.tgz 19354ms (cache miss)
5033 http fetch GET 200 https://registry.npmjs.org/iconv-lite/-/iconv-lite-0.4.24.tgz 19453ms (cache miss)
5034 http fetch GET 200 https://registry.npmjs.org/react-datepicker/-/react-datepicker-8.2.1.tgz 19783ms (cache miss)
5035 http fetch GET 200 https://registry.npmjs.org/prompts/-/prompts-2.4.2.tgz 19815ms (cache miss)
5036 http fetch GET 200 https://registry.npmjs.org/fast-glob/-/fast-glob-3.3.3.tgz 19745ms (cache miss)
5037 http fetch GET 200 https://registry.npmjs.org/@parcel/watcher/-/watcher-2.5.1.tgz 19664ms (cache miss)
5038 http fetch GET 200 https://registry.npmjs.org/source-map/-/source-map-0.6.1.tgz 19604ms (cache miss)
5039 http fetch GET 200 https://registry.npmjs.org/@emotion/cache/-/cache-11.14.0.tgz 19663ms (cache miss)
5040 http fetch GET 200 https://registry.npmjs.org/iconv-lite/-/iconv-lite-0.4.24.tgz 19604ms (cache miss)
5041 http fetch GET 200 https://registry.npmjs.org/@firebase/app-compat/-/app-compat-0.2.51.tgz 19675ms (cache miss)
5042 http fetch GET 200 https://registry.npmjs.org/mdn-data/-/mdn-data-2.0.14.tgz 19601ms (cache miss)
5043 http fetch GET 200 https://registry.npmjs.org/source-map/-/source-map-0.6.1.tgz 19666ms (cache miss)
5044 http fetch GET 200 https://registry.npmjs.org/source-map/-/source-map-0.6.1.tgz 19661ms (cache miss)
5045 http fetch GET 200 https://registry.npmjs.org/source-map/-/source-map-0.6.1.tgz 19658ms (cache miss)
5046 http fetch GET 200 https://registry.npmjs.org/signal-exit/-/signal-exit-4.1.0.tgz 19650ms (cache miss)
5047 http fetch GET 200 https://registry.npmjs.org/react-router 19289ms (cache miss)
5048 silly packumentCache corgi:https://registry.npmjs.org/react-router set size:undefined disposed:false
5049 http fetch GET 200 https://registry.npmjs.org/source-map/-/source-map-0.6.1.tgz 19958ms (cache miss)
5050 http fetch GET 200 https://registry.npmjs.org/bluebird/-/bluebird-3.7.2.tgz 20115ms (cache miss)
5051 http fetch GET 200 https://registry.npmjs.org/@sinclair/typebox/-/typebox-0.24.51.tgz 20094ms (cache miss)
5052 http fetch GET 200 https://registry.npmjs.org/csso/-/csso-4.2.0.tgz 20169ms (cache miss)
5053 http fetch GET 200 https://registry.npmjs.org/mdn-data/-/mdn-data-2.0.14.tgz 20046ms (cache miss)
5054 http fetch GET 200 https://registry.npmjs.org/source-map/-/source-map-0.6.1.tgz 20070ms (cache miss)
5055 http fetch GET 200 https://registry.npmjs.org/source-map/-/source-map-0.6.1.tgz 20063ms (cache miss)
5056 http fetch GET 200 https://registry.npmjs.org/listr2/-/listr2-3.14.0.tgz 20404ms (cache miss)
5057 http fetch GET 200 https://registry.npmjs.org/@babel/parser/-/parser-7.26.9.tgz 20237ms (cache miss)
5058 http fetch GET 200 https://registry.npmjs.org/iconv-lite/-/iconv-lite-0.4.24.tgz 20199ms (cache miss)
5059 http fetch GET 200 https://registry.npmjs.org/acorn/-/acorn-7.4.1.tgz 20202ms (cache miss)
5060 http fetch GET 200 https://registry.npmjs.org/@firebase/remote-config/-/remote-config-0.6.0.tgz 20311ms (cache miss)
5061 http fetch GET 200 https://registry.npmjs.org/postcss/-/postcss-7.0.39.tgz 20239ms (cache miss)
5062 http fetch GET 200 https://registry.npmjs.org/source-map/-/source-map-0.6.1.tgz 20228ms (cache miss)
5063 http fetch GET 200 https://registry.npmjs.org/source-map/-/source-map-0.6.1.tgz 20228ms (cache miss)
5064 http fetch GET 200 https://registry.npmjs.org/source-map/-/source-map-0.6.1.tgz 20232ms (cache miss)
5065 http fetch GET 200 https://registry.npmjs.org/@babel/preset-env/-/preset-env-7.26.9.tgz 20339ms (cache miss)
5066 http fetch GET 200 https://registry.npmjs.org/fs-extra/-/fs-extra-9.1.0.tgz 20344ms (cache miss)
5067 http fetch GET 200 https://registry.npmjs.org/source-map/-/source-map-0.5.7.tgz 20303ms (cache miss)
5068 http fetch GET 200 https://registry.npmjs.org/source-map/-/source-map-0.6.1.tgz 20326ms (cache miss)
5069 http fetch GET 200 https://registry.npmjs.org/source-map/-/source-map-0.6.1.tgz 20321ms (cache miss)
5070 http fetch GET 200 https://registry.npmjs.org/source-map/-/source-map-0.6.1.tgz 20322ms (cache miss)
5071 http fetch GET 200 https://registry.npmjs.org/react-router/-/react-router-7.2.0.tgz 20659ms (cache miss)
5072 http fetch GET 200 https://registry.npmjs.org/@firebase/analytics/-/analytics-0.10.12.tgz 20472ms (cache miss)
5073 http fetch GET 200 https://registry.npmjs.org/source-map/-/source-map-0.6.1.tgz 20399ms (cache miss)
5074 http fetch GET 200 https://registry.npmjs.org/source-map/-/source-map-0.6.1.tgz 20396ms (cache miss)
5075 http fetch GET 200 https://registry.npmjs.org/@firebase/app/-/app-0.11.2.tgz 20496ms (cache miss)
5076 http fetch GET 200 https://registry.npmjs.org/@babel/eslint-parser/-/eslint-parser-7.26.8.tgz 20465ms (cache miss)
5077 http fetch GET 200 https://registry.npmjs.org/glob/-/glob-9.3.5.tgz 21023ms (cache miss)
5078 http fetch GET 200 https://registry.npmjs.org/postcss-selector-parser/-/postcss-selector-parser-7.1.0.tgz 20818ms (cache miss)
5079 http fetch GET 200 https://registry.npmjs.org/postcss-selector-parser/-/postcss-selector-parser-7.1.0.tgz 20823ms (cache miss)
5080 http fetch GET 200 https://registry.npmjs.org/fs-extra/-/fs-extra-9.1.0.tgz 20913ms (cache miss)
5081 http fetch GET 200 https://registry.npmjs.org/js-yaml/-/js-yaml-4.1.0.tgz 20935ms (cache miss)
5082 http fetch GET 200 https://registry.npmjs.org/d3-array/-/d3-array-3.2.4.tgz 21132ms (cache miss)
5083 http fetch GET 200 https://registry.npmjs.org/fs-extra/-/fs-extra-9.1.0.tgz 20947ms (cache miss)
5084 http fetch GET 200 https://registry.npmjs.org/fast-equals/-/fast-equals-5.2.2.tgz 21179ms (cache miss)
5085 http fetch GET 200 https://registry.npmjs.org/workbox-precaching/-/workbox-precaching-6.6.0.tgz 21329ms (cache miss)
5086 http fetch GET 200 https://registry.npmjs.org/webpack 20605ms (cache miss)
5087 silly packumentCache corgi:https://registry.npmjs.org/webpack set size:undefined disposed:false
5088 http fetch GET 200 https://registry.npmjs.org/d3-shape/-/d3-shape-3.2.0.tgz 21240ms (cache miss)
5089 http fetch GET 200 https://registry.npmjs.org/motion-dom/-/motion-dom-12.6.3.tgz 21341ms (cache miss)
5090 http fetch GET 200 https://registry.npmjs.org/js-yaml/-/js-yaml-4.1.0.tgz 21110ms (cache miss)
5091 http fetch GET 200 https://registry.npmjs.org/type-fest/-/type-fest-0.20.2.tgz 21135ms (cache miss)
5092 http fetch GET 200 https://registry.npmjs.org/serve-index/-/serve-index-1.9.1.tgz 21527ms (cache miss)
5093 http fetch GET 200 https://registry.npmjs.org/cosmiconfig/-/cosmiconfig-6.0.0.tgz 21196ms (cache miss)
5094 http fetch GET 200 https://registry.npmjs.org/@firebase/performance/-/performance-0.7.1.tgz 21300ms (cache miss)
5095 http fetch GET 200 https://registry.npmjs.org/type-fest/-/type-fest-0.20.2.tgz 21226ms (cache miss)
5096 http fetch GET 200 https://registry.npmjs.org/axe-core/-/axe-core-4.10.3.tgz 21472ms (cache miss)
5097 http fetch GET 200 https://registry.npmjs.org/tough-cookie/-/tough-cookie-5.1.2.tgz 21317ms (cache miss)
5098 http fetch GET 200 https://registry.npmjs.org/@bcoe/v8-coverage/-/v8-coverage-0.2.3.tgz 21421ms (cache miss)
5099 http fetch GET 200 https://registry.npmjs.org/@babel/generator/-/generator-7.26.9.tgz 21387ms (cache miss)
5100 http fetch GET 200 https://registry.npmjs.org/@pmmmwh/react-refresh-webpack-plugin/-/react-refresh-webpack-plugin-0.5.15.tgz 21468ms (cache miss)
5101 http fetch GET 200 https://registry.npmjs.org/node-forge/-/node-forge-1.3.1.tgz 21745ms (cache miss)
5102 http fetch GET 200 https://registry.npmjs.org/semver/-/semver-7.7.1.tgz 21522ms (cache miss)
5103 http fetch GET 200 https://registry.npmjs.org/rollup 21127ms (cache miss)
5104 silly packumentCache corgi:https://registry.npmjs.org/rollup set size:undefined disposed:false
5105 http fetch GET 200 https://registry.npmjs.org/semver/-/semver-7.7.1.tgz 21584ms (cache miss)
5106 http fetch GET 200 https://registry.npmjs.org/semver/-/semver-7.7.1.tgz 21630ms (cache miss)
5107 http fetch GET 200 https://registry.npmjs.org/semver/-/semver-7.7.1.tgz 21642ms (cache miss)
5108 http fetch GET 200 https://registry.npmjs.org/semver/-/semver-7.7.1.tgz 21732ms (cache miss)
5109 http fetch GET 200 https://registry.npmjs.org/immer/-/immer-9.0.21.tgz 21991ms (cache miss)
5110 http fetch GET 200 https://registry.npmjs.org/semver/-/semver-7.7.2.tgz 21751ms (cache miss)
5111 http fetch GET 200 https://registry.npmjs.org/fast-png/-/fast-png-6.4.0.tgz 21988ms (cache miss)
5112 silly packumentCache corgi:https://registry.npmjs.org/@babel%2fcore cache-miss
5113 http fetch GET 200 https://registry.npmjs.org/semver/-/semver-7.7.1.tgz 21791ms (cache miss)
5114 http fetch GET 200 https://registry.npmjs.org/semver/-/semver-7.7.1.tgz 21792ms (cache miss)
5115 http fetch GET 200 https://registry.npmjs.org/minimatch/-/minimatch-9.0.5.tgz 21836ms (cache miss)
5116 http fetch GET 200 https://registry.npmjs.org/semver/-/semver-7.7.1.tgz 21807ms (cache miss)
5117 http fetch GET 200 https://registry.npmjs.org/semver/-/semver-7.7.1.tgz 21810ms (cache miss)
5118 http fetch GET 200 https://registry.npmjs.org/@typescript-eslint/type-utils/-/type-utils-5.62.0.tgz 22003ms (cache miss)
5119 http fetch GET 200 https://registry.npmjs.org/workbox-build/-/workbox-build-6.6.0.tgz 22302ms (cache miss)
5120 http fetch GET 200 https://registry.npmjs.org/@firebase/app-check/-/app-check-0.8.12.tgz 22087ms (cache miss)
5121 http fetch GET 200 https://registry.npmjs.org/eslint-plugin-flowtype/-/eslint-plugin-flowtype-8.0.3.tgz 22261ms (cache miss)
5122 http fetch GET 200 https://registry.npmjs.org/@babel/traverse/-/traverse-7.26.9.tgz 22146ms (cache miss)
5123 http fetch GET 200 https://registry.npmjs.org/@firebase/data-connect/-/data-connect-0.3.1.tgz 22193ms (cache miss)
5124 http fetch GET 200 https://registry.npmjs.org/autoprefixer/-/autoprefixer-10.4.20.tgz 22299ms (cache miss)
5125 http fetch GET 200 https://registry.npmjs.org/@firebase/installations/-/installations-0.6.13.tgz 22508ms (cache miss)
5126 http fetch GET 200 https://registry.npmjs.org/uuid/-/uuid-8.3.2.tgz 22524ms (cache miss)
5127 http fetch GET 200 https://registry.npmjs.org/workbox-core/-/workbox-core-6.6.0.tgz 22887ms (cache miss)
5128 http fetch GET 200 https://registry.npmjs.org/@babel%2fcore 825ms (cache miss)
5129 silly packumentCache corgi:https://registry.npmjs.org/@babel%2fcore set size:undefined disposed:false
5130 http fetch GET 200 https://registry.npmjs.org/resolve/-/resolve-1.22.10.tgz 23072ms (cache miss)
5131 http fetch GET 200 https://registry.npmjs.org/glob/-/glob-10.4.5.tgz 22771ms (cache miss)
5132 http fetch GET 200 https://registry.npmjs.org/cssstyle/-/cssstyle-2.3.0.tgz 23015ms (cache miss)
5133 http fetch GET 200 https://registry.npmjs.org/yargs/-/yargs-17.7.2.tgz 22832ms (cache miss)
5134 http fetch GET 200 https://registry.npmjs.org/@firebase/auth-compat/-/auth-compat-0.5.19.tgz 22936ms (cache miss)
5135 http fetch GET 200 https://registry.npmjs.org/@emotion/styled/-/styled-11.14.0.tgz 22938ms (cache miss)
5136 silly packumentCache corgi:https://registry.npmjs.org/@cypress%2frequest cache-miss
5137 http fetch GET 200 https://registry.npmjs.org/jsx-ast-utils/-/jsx-ast-utils-3.3.5.tgz 23163ms (cache miss)
5138 http fetch GET 200 https://registry.npmjs.org/uuid/-/uuid-8.3.2.tgz 22901ms (cache miss)
5139 http fetch GET 200 https://registry.npmjs.org/@rushstack/eslint-patch/-/eslint-patch-1.10.5.tgz 23063ms (cache miss)
5140 http fetch GET 200 https://registry.npmjs.org/@jest/core/-/core-27.5.1.tgz 23051ms (cache miss)
5141 http fetch GET 200 https://registry.npmjs.org/eslint-plugin-jest/-/eslint-plugin-jest-25.7.0.tgz 23187ms (cache miss)
5142 http fetch GET 200 https://registry.npmjs.org/rollup/-/rollup-2.79.2.tgz 23348ms (cache miss)
5143 http fetch GET 200 https://registry.npmjs.org/sass/-/sass-1.85.1.tgz 23380ms (cache miss)
5144 http fetch GET 200 https://registry.npmjs.org/@cypress%2frequest 289ms (cache miss)
5145 silly packumentCache corgi:https://registry.npmjs.org/@cypress%2frequest set size:undefined disposed:false
5146 http fetch GET 200 https://registry.npmjs.org/protobufjs/-/protobufjs-7.4.0.tgz 23542ms (cache miss)
5147 http fetch GET 200 https://registry.npmjs.org/@firebase/firestore-compat/-/firestore-compat-0.3.44.tgz 23343ms (cache miss)
5148 http fetch GET 200 https://registry.npmjs.org/neo-async/-/neo-async-2.6.2.tgz 23559ms (cache miss)
5149 silly packumentCache corgi:https://registry.npmjs.org/jsdom cache-miss
5150 http fetch GET 200 https://registry.npmjs.org/web-vitals/-/web-vitals-4.2.4.tgz 24006ms (cache miss)
5151 http fetch GET 200 https://registry.npmjs.org/@types/node/-/node-22.13.9.tgz 23779ms (cache miss)
5152 http fetch GET 200 https://registry.npmjs.org/ajv/-/ajv-6.12.6.tgz 23809ms (cache miss)
5153 http fetch GET 200 https://registry.npmjs.org/@firebase/vertexai/-/vertexai-1.1.0.tgz 23785ms (cache miss)
5154 http fetch GET 200 https://registry.npmjs.org/@firebase/database-compat/-/database-compat-2.0.4.tgz 23896ms (cache miss)
5155 http fetch GET 200 https://registry.npmjs.org/@firebase/util/-/util-1.11.0.tgz 23983ms (cache miss)
5156 http fetch GET 200 https://registry.npmjs.org/svgo/-/svgo-2.8.0.tgz 23943ms (cache miss)
5157 http fetch GET 200 https://registry.npmjs.org/jsdom 369ms (cache miss)
5158 silly packumentCache corgi:https://registry.npmjs.org/jsdom set size:undefined disposed:false
5159 http fetch GET 200 https://registry.npmjs.org/@mui/x-internals/-/x-internals-7.28.0.tgz 24150ms (cache miss)
5160 silly packumentCache corgi:https://registry.npmjs.org/body-parser cache-miss
5161 silly packumentCache corgi:https://registry.npmjs.org/express cache-miss
5162 http fetch GET 200 https://registry.npmjs.org/react-dom/-/react-dom-19.0.0.tgz 24411ms (cache miss)
5163 http fetch GET 200 https://registry.npmjs.org/common-tags/-/common-tags-1.8.2.tgz 24394ms (cache miss)
5164 http fetch GET 200 https://registry.npmjs.org/axios/-/axios-1.8.4.tgz 24384ms (cache miss)
5165 http fetch GET 200 https://registry.npmjs.org/body-parser 223ms (cache miss)
5166 silly packumentCache corgi:https://registry.npmjs.org/body-parser set size:undefined disposed:false
5167 http fetch GET 200 https://registry.npmjs.org/@firebase/messaging/-/messaging-0.12.17.tgz 24413ms (cache miss)
5168 http fetch GET 200 https://registry.npmjs.org/axobject-query/-/axobject-query-4.1.0.tgz 24572ms (cache miss)
5169 http fetch GET 200 https://registry.npmjs.org/@surma/rollup-plugin-off-main-thread/-/rollup-plugin-off-main-thread-2.2.3.tgz 24557ms (cache miss)
5170 http fetch GET 200 https://registry.npmjs.org/express 376ms (cache miss)
5171 silly packumentCache corgi:https://registry.npmjs.org/express set size:undefined disposed:false
5172 http fetch GET 200 https://registry.npmjs.org/es-iterator-helpers/-/es-iterator-helpers-1.2.1.tgz 24723ms (cache miss)
5173 http fetch GET 200 https://registry.npmjs.org/clean-css/-/clean-css-5.3.3.tgz 24684ms (cache miss)
5174 silly packumentCache corgi:https://registry.npmjs.org/sockjs cache-miss
5175 http fetch GET 200 https://registry.npmjs.org/resolve/-/resolve-2.0.0-next.5.tgz 24685ms (cache miss)
5176 http fetch GET 200 https://registry.npmjs.org/@firebase/storage/-/storage-0.13.7.tgz 24841ms (cache miss)
5177 http fetch GET 200 https://registry.npmjs.org/sockjs 204ms (cache miss)
5178 silly packumentCache corgi:https://registry.npmjs.org/sockjs set size:undefined disposed:false
5179 http fetch GET 200 https://registry.npmjs.org/eslint-plugin-import/-/eslint-plugin-import-2.31.0.tgz 25085ms (cache miss)
5180 http fetch GET 200 https://registry.npmjs.org/async/-/async-3.2.6.tgz 25034ms (cache miss)
5181 http fetch GET 200 https://registry.npmjs.org/css-tree/-/css-tree-1.0.0-alpha.37.tgz 25119ms (cache miss)
5182 silly packumentCache corgi:https://registry.npmjs.org/@istanbuljs%2fload-nyc-config cache-miss
5183 http fetch GET 200 https://registry.npmjs.org/@babel/core/-/core-7.26.9.tgz 25161ms (cache miss)
5184 http fetch GET 200 https://registry.npmjs.org/aria-query/-/aria-query-5.3.2.tgz 25382ms (cache miss)
5185 http fetch GET 200 https://registry.npmjs.org/@istanbuljs%2fload-nyc-config 185ms (cache miss)
5186 silly packumentCache corgi:https://registry.npmjs.org/@istanbuljs%2fload-nyc-config set size:undefined disposed:false
5187 silly packumentCache corgi:https://registry.npmjs.org/@eslint%2feslintrc cache-miss
5188 silly packumentCache corgi:https://registry.npmjs.org/eslint cache-miss
5189 http fetch GET 200 https://registry.npmjs.org/css-tree/-/css-tree-1.1.3.tgz 25465ms (cache miss)
5190 http fetch GET 200 https://registry.npmjs.org/@emotion/react/-/react-11.14.0.tgz 25568ms (cache miss)
5191 http fetch GET 200 https://registry.npmjs.org/css-tree/-/css-tree-1.1.3.tgz 25514ms (cache miss)
5192 http fetch GET 200 https://registry.npmjs.org/@eslint%2feslintrc 199ms (cache miss)
5193 silly packumentCache corgi:https://registry.npmjs.org/@eslint%2feslintrc set size:undefined disposed:false
5194 http fetch GET 200 https://registry.npmjs.org/@typescript-eslint/typescript-estree/-/typescript-estree-5.62.0.tgz 25752ms (cache miss)
5195 http fetch GET 200 https://registry.npmjs.org/ajv-keywords/-/ajv-keywords-5.1.0.tgz 25634ms (cache miss)
5196 http fetch GET 200 https://registry.npmjs.org/sucrase/-/sucrase-3.35.0.tgz 26276ms (cache miss)
5197 http fetch GET 200 https://registry.npmjs.org/canvg/-/canvg-3.0.11.tgz 26131ms (cache miss)
5198 http fetch GET 200 https://registry.npmjs.org/eslint 705ms (cache miss)
5199 silly packumentCache corgi:https://registry.npmjs.org/eslint set size:undefined disposed:false
5200 silly packumentCache corgi:https://registry.npmjs.org/@humanwhocodes%2fconfig-array cache-miss
5201 silly packumentCache corgi:https://registry.npmjs.org/eslint-plugin-import cache-miss
5202 silly packumentCache corgi:https://registry.npmjs.org/eslint-plugin-jsx-a11y cache-miss
5203 silly packumentCache corgi:https://registry.npmjs.org/eslint-plugin-react cache-miss
5204 silly packumentCache corgi:https://registry.npmjs.org/fork-ts-checker-webpack-plugin cache-miss
5205 silly packumentCache corgi:https://registry.npmjs.org/jake cache-miss
5206 silly packumentCache corgi:https://registry.npmjs.org/recursive-readdir cache-miss
5207 silly packumentCache corgi:https://registry.npmjs.org/test-exclude cache-miss
5208 http fetch GET 200 https://registry.npmjs.org/test-exclude 235ms (cache miss)
5209 silly packumentCache corgi:https://registry.npmjs.org/test-exclude set size:undefined disposed:false
5210 http fetch GET 200 https://registry.npmjs.org/@humanwhocodes%2fconfig-array 245ms (cache miss)
5211 silly packumentCache corgi:https://registry.npmjs.org/@humanwhocodes%2fconfig-array set size:undefined disposed:false
5212 http fetch GET 200 https://registry.npmjs.org/eslint-plugin-jsx-a11y 264ms (cache miss)
5213 silly packumentCache corgi:https://registry.npmjs.org/eslint-plugin-jsx-a11y set size:undefined disposed:false
5214 http fetch GET 200 https://registry.npmjs.org/jake 298ms (cache miss)
5215 silly packumentCache corgi:https://registry.npmjs.org/jake set size:undefined disposed:false
5216 http fetch GET 200 https://registry.npmjs.org/eslint-plugin-import 332ms (cache miss)
5217 silly packumentCache corgi:https://registry.npmjs.org/eslint-plugin-import set size:undefined disposed:false
5218 http fetch GET 200 https://registry.npmjs.org/eslint-plugin-react 384ms (cache miss)
5219 silly packumentCache corgi:https://registry.npmjs.org/eslint-plugin-react set size:undefined disposed:false
5220 http fetch GET 200 https://registry.npmjs.org/recursive-readdir 402ms (cache miss)
5221 silly packumentCache corgi:https://registry.npmjs.org/recursive-readdir set size:undefined disposed:false
5222 http fetch GET 200 https://registry.npmjs.org/fork-ts-checker-webpack-plugin 490ms (cache miss)
5223 silly packumentCache corgi:https://registry.npmjs.org/fork-ts-checker-webpack-plugin set size:undefined disposed:false
5224 silly packumentCache corgi:https://registry.npmjs.org/filelist cache-miss
5225 http fetch GET 200 https://registry.npmjs.org/filelist 155ms (cache miss)
5226 silly packumentCache corgi:https://registry.npmjs.org/filelist set size:undefined disposed:false
5227 http fetch GET 200 https://registry.npmjs.org/fork-ts-checker-webpack-plugin/-/fork-ts-checker-webpack-plugin-6.5.3.tgz 27290ms (cache miss)
5228 silly packumentCache corgi:https://registry.npmjs.org/sucrase cache-miss
5229 http fetch GET 200 https://registry.npmjs.org/@typescript-eslint/utils/-/utils-5.62.0.tgz 27289ms (cache miss)
5230 http fetch GET 200 https://registry.npmjs.org/eslint-plugin-jsx-a11y/-/eslint-plugin-jsx-a11y-6.10.2.tgz 27381ms (cache miss)
5231 http fetch GET 200 https://registry.npmjs.org/@babel/types/-/types-7.26.9.tgz 27306ms (cache miss)
5232 http fetch GET 200 https://registry.npmjs.org/sucrase 170ms (cache miss)
5233 silly packumentCache corgi:https://registry.npmjs.org/sucrase set size:undefined disposed:false
5234 silly packumentCache corgi:https://registry.npmjs.org/http-proxy-agent cache-miss
5235 http fetch GET 200 https://registry.npmjs.org/http-proxy-agent 148ms (cache miss)
5236 silly packumentCache corgi:https://registry.npmjs.org/http-proxy-agent set size:undefined disposed:false
5237 http fetch GET 200 https://registry.npmjs.org/@babel/runtime/-/runtime-7.29.2.tgz 27614ms (cache miss)
5238 silly packumentCache corgi:https://registry.npmjs.org/ajv-keywords cache-miss
5239 silly packumentCache corgi:https://registry.npmjs.org/schema-utils cache-miss
5240 http fetch GET 200 https://registry.npmjs.org/@babel/helpers/-/helpers-7.26.9.tgz 27722ms (cache miss)
5241 http fetch GET 200 https://registry.npmjs.org/ajv-keywords 215ms (cache miss)
5242 silly packumentCache corgi:https://registry.npmjs.org/ajv-keywords set size:undefined disposed:false
5243 http fetch GET 200 https://registry.npmjs.org/schema-utils 241ms (cache miss)
5244 silly packumentCache corgi:https://registry.npmjs.org/schema-utils set size:undefined disposed:false
5245 silly packumentCache corgi:https://registry.npmjs.org/ajv-formats cache-miss
5246 silly packumentCache corgi:https://registry.npmjs.org/workbox-build cache-miss
5247 silly packumentCache corgi:https://registry.npmjs.org/@apideck%2fbetter-ajv-errors cache-miss
5248 http fetch GET 200 https://registry.npmjs.org/victory-vendor/-/victory-vendor-36.9.2.tgz 28411ms (cache miss)
5249 http fetch GET 200 https://registry.npmjs.org/yaml/-/yaml-2.7.0.tgz 28103ms (cache miss)
5250 http fetch GET 200 https://registry.npmjs.org/ajv-formats 185ms (cache miss)
5251 silly packumentCache corgi:https://registry.npmjs.org/ajv-formats set size:undefined disposed:false
5252 http fetch GET 200 https://registry.npmjs.org/@apideck%2fbetter-ajv-errors 211ms (cache miss)
5253 silly packumentCache corgi:https://registry.npmjs.org/@apideck%2fbetter-ajv-errors set size:undefined disposed:false
5254 http fetch GET 200 https://registry.npmjs.org/workbox-build 244ms (cache miss)
5255 silly packumentCache corgi:https://registry.npmjs.org/workbox-build set size:undefined disposed:false
5256 http fetch GET 200 https://registry.npmjs.org/dom-helpers/-/dom-helpers-5.2.1.tgz 28435ms (cache miss)
5257 silly packumentCache corgi:https://registry.npmjs.org/flat-cache cache-miss
5258 http fetch GET 200 https://registry.npmjs.org/flat-cache 142ms (cache miss)
5259 silly packumentCache corgi:https://registry.npmjs.org/flat-cache set size:undefined disposed:false
5260 silly packumentCache corgi:https://registry.npmjs.org/http-proxy cache-miss
5261 http fetch GET 200 https://registry.npmjs.org/@popperjs/core/-/core-2.11.8.tgz 28661ms (cache miss)
5262 http fetch GET 200 https://registry.npmjs.org/http-proxy 439ms (cache miss)
5263 silly packumentCache corgi:https://registry.npmjs.org/http-proxy set size:undefined disposed:false
5264 http fetch GET 200 https://registry.npmjs.org/tailwindcss/-/tailwindcss-3.4.17.tgz 29352ms (cache miss)
5265 silly packumentCache corgi:https://registry.npmjs.org/sass cache-miss
5266 http fetch GET 200 https://registry.npmjs.org/sass 277ms (cache miss)
5267 silly packumentCache corgi:https://registry.npmjs.org/sass set size:undefined disposed:false
5268 silly packumentCache corgi:https://registry.npmjs.org/bfj cache-miss
5269 http fetch GET 200 https://registry.npmjs.org/bfj 128ms (cache miss)
5270 silly packumentCache corgi:https://registry.npmjs.org/bfj set size:undefined disposed:false
5271 silly packumentCache corgi:https://registry.npmjs.org/cypress cache-miss
5272 silly packumentCache corgi:https://registry.npmjs.org/eslint-plugin-flowtype cache-miss
5273 silly packumentCache corgi:https://registry.npmjs.org/html-webpack-plugin cache-miss
5274 silly packumentCache corgi:https://registry.npmjs.org/pretty-error cache-miss
5275 silly packumentCache corgi:https://registry.npmjs.org/recharts cache-miss
5276 silly packumentCache corgi:https://registry.npmjs.org/renderkid cache-miss
5277 silly packumentCache corgi:https://registry.npmjs.org/whatwg-url cache-miss
5278 http fetch GET 200 https://registry.npmjs.org/@firebase/database/-/database-1.0.13.tgz 29848ms (cache miss)
5279 http fetch GET 200 https://registry.npmjs.org/recharts/-/recharts-2.15.1.tgz 30180ms (cache miss)
5280 http fetch GET 200 https://registry.npmjs.org/pretty-error 172ms (cache miss)
5281 silly packumentCache corgi:https://registry.npmjs.org/pretty-error set size:undefined disposed:false
5282 http fetch GET 200 https://registry.npmjs.org/renderkid 198ms (cache miss)
5283 silly packumentCache corgi:https://registry.npmjs.org/renderkid set size:undefined disposed:false
5284 http fetch GET 200 https://registry.npmjs.org/whatwg-url 213ms (cache miss)
5285 silly packumentCache corgi:https://registry.npmjs.org/whatwg-url set size:undefined disposed:false
5286 http fetch GET 200 https://registry.npmjs.org/html-webpack-plugin 240ms (cache miss)
5287 silly packumentCache corgi:https://registry.npmjs.org/html-webpack-plugin set size:undefined disposed:false
5288 http fetch GET 200 https://registry.npmjs.org/eslint-plugin-flowtype 288ms (cache miss)
5289 silly packumentCache corgi:https://registry.npmjs.org/eslint-plugin-flowtype set size:undefined disposed:false
5290 http fetch GET 200 https://registry.npmjs.org/cypress 356ms (cache miss)
5291 silly packumentCache corgi:https://registry.npmjs.org/cypress set size:undefined disposed:false
5292 http fetch GET 200 https://registry.npmjs.org/recharts 422ms (cache miss)
5293 silly packumentCache corgi:https://registry.npmjs.org/recharts set size:undefined disposed:false
5294 silly packumentCache corgi:https://registry.npmjs.org/selfsigned cache-miss
5295 http fetch GET 200 https://registry.npmjs.org/selfsigned 129ms (cache miss)
5296 silly packumentCache corgi:https://registry.npmjs.org/selfsigned set size:undefined disposed:false
5297 silly packumentCache corgi:https://registry.npmjs.org/css-select cache-miss
5298 http fetch GET 200 https://registry.npmjs.org/eslint-plugin-react/-/eslint-plugin-react-7.37.4.tgz 30853ms (cache miss)
5299 http fetch GET 200 https://registry.npmjs.org/css-select 250ms (cache miss)
5300 silly packumentCache corgi:https://registry.npmjs.org/css-select set size:undefined disposed:false
5301 silly packumentCache corgi:https://registry.npmjs.org/compression cache-miss
5302 http fetch GET 200 https://registry.npmjs.org/regenerate-unicode-properties/-/regenerate-unicode-properties-10.2.0.tgz 31169ms (cache miss)
5303 http fetch GET 200 https://registry.npmjs.org/compression 188ms (cache miss)
5304 silly packumentCache corgi:https://registry.npmjs.org/compression set size:undefined disposed:false
5305 silly packumentCache corgi:https://registry.npmjs.org/@rollup%2fpluginutils cache-miss
5306 silly packumentCache corgi:https://registry.npmjs.org/anymatch cache-miss
5307 silly packumentCache corgi:https://registry.npmjs.org/jest-util cache-miss
5308 silly packumentCache corgi:https://registry.npmjs.org/micromatch cache-miss
5309 silly packumentCache corgi:https://registry.npmjs.org/readdirp cache-miss
5310 http fetch GET 200 https://registry.npmjs.org/anymatch 168ms (cache miss)
5311 silly packumentCache corgi:https://registry.npmjs.org/anymatch set size:undefined disposed:false
5312 http fetch GET 200 https://registry.npmjs.org/readdirp 177ms (cache miss)
5313 silly packumentCache corgi:https://registry.npmjs.org/readdirp set size:undefined disposed:false
5314 http fetch GET 200 https://registry.npmjs.org/@rollup%2fpluginutils 184ms (cache miss)
5315 silly packumentCache corgi:https://registry.npmjs.org/@rollup%2fpluginutils set size:undefined disposed:false
5316 http fetch GET 200 https://registry.npmjs.org/micromatch 188ms (cache miss)
5317 silly packumentCache corgi:https://registry.npmjs.org/micromatch set size:undefined disposed:false
5318 http fetch GET 200 https://registry.npmjs.org/framer-motion/-/framer-motion-12.6.3.tgz 31662ms (cache miss)
5319 http fetch GET 200 https://registry.npmjs.org/jest-util 434ms (cache miss)
5320 silly packumentCache corgi:https://registry.npmjs.org/jest-util set size:undefined disposed:false
5321 silly packumentCache corgi:https://registry.npmjs.org/resolve-url-loader cache-miss
5322 http fetch GET 200 https://registry.npmjs.org/eslint/-/eslint-8.57.1.tgz 31862ms (cache miss)
5323 warn deprecated eslint@8.57.1: This version is no longer supported. Please see https://eslint.org/version-support for other options.
5324 http fetch GET 200 https://registry.npmjs.org/resolve-url-loader 141ms (cache miss)
5325 silly packumentCache corgi:https://registry.npmjs.org/resolve-url-loader set size:undefined disposed:false
5326 silly packumentCache corgi:https://registry.npmjs.org/@csstools%2fpostcss-cascade-layers cache-miss
5327 silly packumentCache corgi:https://registry.npmjs.org/@csstools%2fpostcss-color-function cache-miss
5328 silly packumentCache corgi:https://registry.npmjs.org/@csstools%2fpostcss-font-format-keywords cache-miss
5329 silly packumentCache corgi:https://registry.npmjs.org/@csstools%2fpostcss-hwb-function cache-miss
5330 silly packumentCache corgi:https://registry.npmjs.org/@csstools%2fpostcss-ic-unit cache-miss
5331 silly packumentCache corgi:https://registry.npmjs.org/@csstools%2fpostcss-is-pseudo-class cache-miss
5332 silly packumentCache corgi:https://registry.npmjs.org/@csstools%2fpostcss-nested-calc cache-miss
5333 silly packumentCache corgi:https://registry.npmjs.org/@csstools%2fpostcss-normalize-display-values cache-miss
5334 silly packumentCache corgi:https://registry.npmjs.org/@csstools%2fpostcss-oklab-function cache-miss
5335 silly packumentCache corgi:https://registry.npmjs.org/@csstools%2fpostcss-progressive-custom-properties cache-miss
5336 silly packumentCache corgi:https://registry.npmjs.org/@csstools%2fpostcss-stepped-value-functions cache-miss
5337 silly packumentCache corgi:https://registry.npmjs.org/@csstools%2fpostcss-text-decoration-shorthand cache-miss
5338 silly packumentCache corgi:https://registry.npmjs.org/@csstools%2fpostcss-trigonometric-functions cache-miss
5339 silly packumentCache corgi:https://registry.npmjs.org/@csstools%2fpostcss-unset-value cache-miss
5340 silly packumentCache corgi:https://registry.npmjs.org/autoprefixer cache-miss
5341 silly packumentCache corgi:https://registry.npmjs.org/css-blank-pseudo cache-miss
5342 silly packumentCache corgi:https://registry.npmjs.org/css-declaration-sorter cache-miss
5343 silly packumentCache corgi:https://registry.npmjs.org/css-has-pseudo cache-miss
5344 silly packumentCache corgi:https://registry.npmjs.org/css-loader cache-miss
5345 silly packumentCache corgi:https://registry.npmjs.org/css-minimizer-webpack-plugin cache-miss
5346 silly packumentCache corgi:https://registry.npmjs.org/css-prefers-color-scheme cache-miss
5347 silly packumentCache corgi:https://registry.npmjs.org/cssnano cache-miss
5348 silly packumentCache corgi:https://registry.npmjs.org/cssnano-preset-default cache-miss
5349 silly packumentCache corgi:https://registry.npmjs.org/cssnano-utils cache-miss
5350 silly packumentCache corgi:https://registry.npmjs.org/icss-utils cache-miss
5351 silly packumentCache corgi:https://registry.npmjs.org/postcss-attribute-case-insensitive cache-miss
5352 silly packumentCache corgi:https://registry.npmjs.org/postcss-browser-comments cache-miss
5353 silly packumentCache corgi:https://registry.npmjs.org/postcss-calc cache-miss
5354 silly packumentCache corgi:https://registry.npmjs.org/postcss-clamp cache-miss
5355 silly packumentCache corgi:https://registry.npmjs.org/postcss-color-functional-notation cache-miss
5356 silly packumentCache corgi:https://registry.npmjs.org/postcss-color-hex-alpha cache-miss
5357 silly packumentCache corgi:https://registry.npmjs.org/postcss-color-rebeccapurple cache-miss
5358 silly packumentCache corgi:https://registry.npmjs.org/postcss-colormin cache-miss
5359 silly packumentCache corgi:https://registry.npmjs.org/postcss-convert-values cache-miss
5360 silly packumentCache corgi:https://registry.npmjs.org/postcss-custom-media cache-miss
5361 silly packumentCache corgi:https://registry.npmjs.org/postcss-custom-properties cache-miss
5362 silly packumentCache corgi:https://registry.npmjs.org/postcss-custom-selectors cache-miss
5363 silly packumentCache corgi:https://registry.npmjs.org/postcss-dir-pseudo-class cache-miss
5364 silly packumentCache corgi:https://registry.npmjs.org/postcss-discard-comments cache-miss
5365 silly packumentCache corgi:https://registry.npmjs.org/postcss-discard-duplicates cache-miss
5366 silly packumentCache corgi:https://registry.npmjs.org/postcss-discard-empty cache-miss
5367 silly packumentCache corgi:https://registry.npmjs.org/postcss-discard-overridden cache-miss
5368 silly packumentCache corgi:https://registry.npmjs.org/postcss-double-position-gradients cache-miss
5369 silly packumentCache corgi:https://registry.npmjs.org/postcss-env-function cache-miss
5370 silly packumentCache corgi:https://registry.npmjs.org/postcss-flexbugs-fixes cache-miss
5371 silly packumentCache corgi:https://registry.npmjs.org/postcss-focus-visible cache-miss
5372 silly packumentCache corgi:https://registry.npmjs.org/postcss-focus-within cache-miss
5373 silly packumentCache corgi:https://registry.npmjs.org/postcss-font-variant cache-miss
5374 silly packumentCache corgi:https://registry.npmjs.org/postcss-gap-properties cache-miss
5375 silly packumentCache corgi:https://registry.npmjs.org/postcss-image-set-function cache-miss
5376 silly packumentCache corgi:https://registry.npmjs.org/postcss-import cache-miss
5377 silly packumentCache corgi:https://registry.npmjs.org/postcss-initial cache-miss
5378 silly packumentCache corgi:https://registry.npmjs.org/postcss-js cache-miss
5379 silly packumentCache corgi:https://registry.npmjs.org/postcss-lab-function cache-miss
5380 silly packumentCache corgi:https://registry.npmjs.org/postcss-load-config cache-miss
5381 silly packumentCache corgi:https://registry.npmjs.org/postcss-loader cache-miss
5382 silly packumentCache corgi:https://registry.npmjs.org/postcss-logical cache-miss
5383 silly packumentCache corgi:https://registry.npmjs.org/postcss-media-minmax cache-miss
5384 silly packumentCache corgi:https://registry.npmjs.org/postcss-merge-longhand cache-miss
5385 silly packumentCache corgi:https://registry.npmjs.org/postcss-merge-rules cache-miss
5386 silly packumentCache corgi:https://registry.npmjs.org/postcss-minify-font-values cache-miss
5387 silly packumentCache corgi:https://registry.npmjs.org/postcss-minify-gradients cache-miss
5388 silly packumentCache corgi:https://registry.npmjs.org/postcss-minify-params cache-miss
5389 silly packumentCache corgi:https://registry.npmjs.org/postcss-minify-selectors cache-miss
5390 silly packumentCache corgi:https://registry.npmjs.org/postcss-modules-extract-imports cache-miss
5391 silly packumentCache corgi:https://registry.npmjs.org/postcss-modules-local-by-default cache-miss
5392 silly packumentCache corgi:https://registry.npmjs.org/postcss-modules-scope cache-miss
5393 silly packumentCache corgi:https://registry.npmjs.org/postcss-modules-values cache-miss
5394 silly packumentCache corgi:https://registry.npmjs.org/postcss-nested cache-miss
5395 silly packumentCache corgi:https://registry.npmjs.org/postcss-nesting cache-miss
5396 silly packumentCache corgi:https://registry.npmjs.org/postcss-normalize cache-miss
5397 silly packumentCache corgi:https://registry.npmjs.org/postcss-normalize-charset cache-miss
5398 silly packumentCache corgi:https://registry.npmjs.org/postcss-normalize-display-values cache-miss
5399 silly packumentCache corgi:https://registry.npmjs.org/postcss-normalize-positions cache-miss
5400 silly packumentCache corgi:https://registry.npmjs.org/postcss-normalize-repeat-style cache-miss
5401 silly packumentCache corgi:https://registry.npmjs.org/postcss-normalize-string cache-miss
5402 silly packumentCache corgi:https://registry.npmjs.org/postcss-normalize-timing-functions cache-miss
5403 silly packumentCache corgi:https://registry.npmjs.org/postcss-normalize-unicode cache-miss
5404 silly packumentCache corgi:https://registry.npmjs.org/postcss-normalize-url cache-miss
5405 silly packumentCache corgi:https://registry.npmjs.org/postcss-normalize-whitespace cache-miss
5406 silly packumentCache corgi:https://registry.npmjs.org/postcss-opacity-percentage cache-miss
5407 silly packumentCache corgi:https://registry.npmjs.org/postcss-ordered-values cache-miss
5408 silly packumentCache corgi:https://registry.npmjs.org/postcss-overflow-shorthand cache-miss
5409 silly packumentCache corgi:https://registry.npmjs.org/postcss-page-break cache-miss
5410 silly packumentCache corgi:https://registry.npmjs.org/postcss-place cache-miss
5411 silly packumentCache corgi:https://registry.npmjs.org/postcss-preset-env cache-miss
5412 silly packumentCache corgi:https://registry.npmjs.org/postcss-pseudo-class-any-link cache-miss
5413 silly packumentCache corgi:https://registry.npmjs.org/postcss-reduce-initial cache-miss
5414 silly packumentCache corgi:https://registry.npmjs.org/postcss-reduce-transforms cache-miss
5415 silly packumentCache corgi:https://registry.npmjs.org/postcss-replace-overflow-wrap cache-miss
5416 silly packumentCache corgi:https://registry.npmjs.org/postcss-selector-not cache-miss
5417 silly packumentCache corgi:https://registry.npmjs.org/postcss-svgo cache-miss
5418 silly packumentCache corgi:https://registry.npmjs.org/postcss-unique-selectors cache-miss
5419 silly packumentCache corgi:https://registry.npmjs.org/react-scripts cache-miss
5420 silly packumentCache corgi:https://registry.npmjs.org/stylehacks cache-miss
5421 silly packumentCache corgi:https://registry.npmjs.org/tailwindcss cache-miss
5422 http fetch GET 200 https://registry.npmjs.org/jspdf/-/jspdf-4.2.0.tgz 32176ms (cache miss)
5423 http fetch GET 200 https://registry.npmjs.org/@grpc/grpc-js/-/grpc-js-1.9.15.tgz 32031ms (cache miss)
5424 http fetch GET 200 https://registry.npmjs.org/@csstools%2fpostcss-normalize-display-values 216ms (cache miss)
5425 silly packumentCache corgi:https://registry.npmjs.org/@csstools%2fpostcss-normalize-display-values set size:undefined disposed:false
5426 http fetch GET 200 https://registry.npmjs.org/@csstools%2fpostcss-stepped-value-functions 221ms (cache miss)
5427 silly packumentCache corgi:https://registry.npmjs.org/@csstools%2fpostcss-stepped-value-functions set size:undefined disposed:false
5428 http fetch GET 200 https://registry.npmjs.org/@csstools%2fpostcss-text-decoration-shorthand 223ms (cache miss)
5429 silly packumentCache corgi:https://registry.npmjs.org/@csstools%2fpostcss-text-decoration-shorthand set size:undefined disposed:false
5430 http fetch GET 200 https://registry.npmjs.org/@csstools%2fpostcss-hwb-function 232ms (cache miss)
5431 silly packumentCache corgi:https://registry.npmjs.org/@csstools%2fpostcss-hwb-function set size:undefined disposed:false
5432 http fetch GET 200 https://registry.npmjs.org/@csstools%2fpostcss-progressive-custom-properties 239ms (cache miss)
5433 silly packumentCache corgi:https://registry.npmjs.org/@csstools%2fpostcss-progressive-custom-properties set size:undefined disposed:false
5434 http fetch GET 200 https://registry.npmjs.org/@csstools%2fpostcss-color-function 252ms (cache miss)
5435 silly packumentCache corgi:https://registry.npmjs.org/@csstools%2fpostcss-color-function set size:undefined disposed:false
5436 http fetch GET 200 https://registry.npmjs.org/html2canvas/-/html2canvas-1.4.1.tgz 32243ms (cache miss)
5437 http fetch GET 200 https://registry.npmjs.org/@csstools%2fpostcss-unset-value 279ms (cache miss)
5438 silly packumentCache corgi:https://registry.npmjs.org/@csstools%2fpostcss-unset-value set size:undefined disposed:false
5439 http fetch GET 200 https://registry.npmjs.org/@csstools%2fpostcss-ic-unit 291ms (cache miss)
5440 silly packumentCache corgi:https://registry.npmjs.org/@csstools%2fpostcss-ic-unit set size:undefined disposed:false
5441 http fetch GET 200 https://registry.npmjs.org/@csstools%2fpostcss-nested-calc 294ms (cache miss)
5442 silly packumentCache corgi:https://registry.npmjs.org/@csstools%2fpostcss-nested-calc set size:undefined disposed:false
5443 http fetch GET 200 https://registry.npmjs.org/@csstools%2fpostcss-is-pseudo-class 298ms (cache miss)
5444 silly packumentCache corgi:https://registry.npmjs.org/@csstools%2fpostcss-is-pseudo-class set size:undefined disposed:false
5445 http fetch GET 200 https://registry.npmjs.org/@csstools%2fpostcss-trigonometric-functions 304ms (cache miss)
5446 silly packumentCache corgi:https://registry.npmjs.org/@csstools%2fpostcss-trigonometric-functions set size:undefined disposed:false
5447 http fetch GET 200 https://registry.npmjs.org/@csstools%2fpostcss-oklab-function 313ms (cache miss)
5448 silly packumentCache corgi:https://registry.npmjs.org/@csstools%2fpostcss-oklab-function set size:undefined disposed:false
5449 http fetch GET 200 https://registry.npmjs.org/css-blank-pseudo 313ms (cache miss)
5450 silly packumentCache corgi:https://registry.npmjs.org/css-blank-pseudo set size:undefined disposed:false
5451 http fetch GET 200 https://registry.npmjs.org/css-prefers-color-scheme 361ms (cache miss)
5452 silly packumentCache corgi:https://registry.npmjs.org/css-prefers-color-scheme set size:undefined disposed:false
5453 http fetch GET 200 https://registry.npmjs.org/icss-utils 369ms (cache miss)
5454 silly packumentCache corgi:https://registry.npmjs.org/icss-utils set size:undefined disposed:false
5455 http fetch GET 200 https://registry.npmjs.org/autoprefixer 383ms (cache miss)
5456 silly packumentCache corgi:https://registry.npmjs.org/autoprefixer set size:undefined disposed:false
5457 http fetch GET 200 https://registry.npmjs.org/postcss-attribute-case-insensitive 429ms (cache miss)
5458 silly packumentCache corgi:https://registry.npmjs.org/postcss-attribute-case-insensitive set size:undefined disposed:false
5459 http fetch GET 200 https://registry.npmjs.org/css-declaration-sorter 444ms (cache miss)
5460 silly packumentCache corgi:https://registry.npmjs.org/css-declaration-sorter set size:undefined disposed:false
5461 http fetch GET 200 https://registry.npmjs.org/cssnano-utils 475ms (cache miss)
5462 silly packumentCache corgi:https://registry.npmjs.org/cssnano-utils set size:undefined disposed:false
5463 http fetch GET 200 https://registry.npmjs.org/css-minimizer-webpack-plugin 493ms (cache miss)
5464 silly packumentCache corgi:https://registry.npmjs.org/css-minimizer-webpack-plugin set size:undefined disposed:false
5465 http fetch GET 200 https://registry.npmjs.org/postcss-clamp 515ms (cache miss)
5466 silly packumentCache corgi:https://registry.npmjs.org/postcss-clamp set size:undefined disposed:false
5467 http fetch GET 200 https://registry.npmjs.org/postcss-calc 527ms (cache miss)
5468 silly packumentCache corgi:https://registry.npmjs.org/postcss-calc set size:undefined disposed:false
5469 http fetch GET 200 https://registry.npmjs.org/postcss-browser-comments 580ms (cache miss)
5470 silly packumentCache corgi:https://registry.npmjs.org/postcss-browser-comments set size:undefined disposed:false
5471 http fetch GET 200 https://registry.npmjs.org/postcss-color-rebeccapurple 702ms (cache miss)
5472 silly packumentCache corgi:https://registry.npmjs.org/postcss-color-rebeccapurple set size:undefined disposed:false
5473 http fetch GET 200 https://registry.npmjs.org/postcss-color-hex-alpha 707ms (cache miss)
5474 silly packumentCache corgi:https://registry.npmjs.org/postcss-color-hex-alpha set size:undefined disposed:false
5475 http fetch GET 200 https://registry.npmjs.org/@csstools%2fpostcss-font-format-keywords 771ms (cache miss)
5476 silly packumentCache corgi:https://registry.npmjs.org/@csstools%2fpostcss-font-format-keywords set size:undefined disposed:false
5477 http fetch GET 200 https://registry.npmjs.org/postcss-color-functional-notation 787ms (cache miss)
5478 silly packumentCache corgi:https://registry.npmjs.org/postcss-color-functional-notation set size:undefined disposed:false
5479 http fetch GET 200 https://registry.npmjs.org/postcss-dir-pseudo-class 804ms (cache miss)
5480 silly packumentCache corgi:https://registry.npmjs.org/postcss-dir-pseudo-class set size:undefined disposed:false
5481 http fetch GET 200 https://registry.npmjs.org/@csstools%2fpostcss-cascade-layers 824ms (cache miss)
5482 silly packumentCache corgi:https://registry.npmjs.org/@csstools%2fpostcss-cascade-layers set size:undefined disposed:false
5483 http fetch GET 200 https://registry.npmjs.org/postcss-custom-selectors 843ms (cache miss)
5484 silly packumentCache corgi:https://registry.npmjs.org/postcss-custom-selectors set size:undefined disposed:false
5485 http fetch GET 200 https://registry.npmjs.org/postcss-custom-media 850ms (cache miss)
5486 silly packumentCache corgi:https://registry.npmjs.org/postcss-custom-media set size:undefined disposed:false
5487 http fetch GET 200 https://registry.npmjs.org/css-loader 876ms (cache miss)
5488 silly packumentCache corgi:https://registry.npmjs.org/css-loader set size:undefined disposed:false
5489 http fetch GET 200 https://registry.npmjs.org/cssnano 894ms (cache miss)
5490 silly packumentCache corgi:https://registry.npmjs.org/cssnano set size:undefined disposed:false
5491 http fetch GET 200 https://registry.npmjs.org/postcss-convert-values 919ms (cache miss)
5492 silly packumentCache corgi:https://registry.npmjs.org/postcss-convert-values set size:undefined disposed:false
5493 http fetch GET 200 https://registry.npmjs.org/postcss-discard-comments 925ms (cache miss)
5494 silly packumentCache corgi:https://registry.npmjs.org/postcss-discard-comments set size:undefined disposed:false
5495 http fetch GET 200 https://registry.npmjs.org/cssnano-preset-default 951ms (cache miss)
5496 silly packumentCache corgi:https://registry.npmjs.org/cssnano-preset-default set size:undefined disposed:false
5497 http fetch GET 200 https://registry.npmjs.org/postcss-font-variant 949ms (cache miss)
5498 silly packumentCache corgi:https://registry.npmjs.org/postcss-font-variant set size:undefined disposed:false
5499 http fetch GET 200 https://registry.npmjs.org/postcss-env-function 953ms (cache miss)
5500 silly packumentCache corgi:https://registry.npmjs.org/postcss-env-function set size:undefined disposed:false
5501 http fetch GET 200 https://registry.npmjs.org/postcss-custom-properties 968ms (cache miss)
5502 silly packumentCache corgi:https://registry.npmjs.org/postcss-custom-properties set size:undefined disposed:false
5503 http fetch GET 200 https://registry.npmjs.org/postcss-double-position-gradients 977ms (cache miss)
5504 silly packumentCache corgi:https://registry.npmjs.org/postcss-double-position-gradients set size:undefined disposed:false
5505 http fetch GET 200 https://registry.npmjs.org/postcss-image-set-function 980ms (cache miss)
5506 silly packumentCache corgi:https://registry.npmjs.org/postcss-image-set-function set size:undefined disposed:false
5507 http fetch GET 200 https://registry.npmjs.org/postcss-gap-properties 986ms (cache miss)
5508 silly packumentCache corgi:https://registry.npmjs.org/postcss-gap-properties set size:undefined disposed:false
5509 http fetch GET 200 https://registry.npmjs.org/postcss-js 987ms (cache miss)
5510 silly packumentCache corgi:https://registry.npmjs.org/postcss-js set size:undefined disposed:false
5511 http fetch GET 200 https://registry.npmjs.org/css-has-pseudo 1009ms (cache miss)
5512 silly packumentCache corgi:https://registry.npmjs.org/css-has-pseudo set size:undefined disposed:false
5513 http fetch GET 200 https://registry.npmjs.org/postcss-focus-visible 1003ms (cache miss)
5514 silly packumentCache corgi:https://registry.npmjs.org/postcss-focus-visible set size:undefined disposed:false
5515 http fetch GET 200 https://registry.npmjs.org/postcss-discard-empty 1016ms (cache miss)
5516 silly packumentCache corgi:https://registry.npmjs.org/postcss-discard-empty set size:undefined disposed:false
5517 http fetch GET 200 https://registry.npmjs.org/postcss-discard-overridden 1021ms (cache miss)
5518 silly packumentCache corgi:https://registry.npmjs.org/postcss-discard-overridden set size:undefined disposed:false
5519 http fetch GET 200 https://registry.npmjs.org/postcss-focus-within 1024ms (cache miss)
5520 silly packumentCache corgi:https://registry.npmjs.org/postcss-focus-within set size:undefined disposed:false
5521 http fetch GET 200 https://registry.npmjs.org/postcss-import 1025ms (cache miss)
5522 silly packumentCache corgi:https://registry.npmjs.org/postcss-import set size:undefined disposed:false
5523 http fetch GET 200 https://registry.npmjs.org/postcss-initial 1040ms (cache miss)
5524 silly packumentCache corgi:https://registry.npmjs.org/postcss-initial set size:undefined disposed:false
5525 http fetch GET 200 https://registry.npmjs.org/postcss-media-minmax 1042ms (cache miss)
5526 silly packumentCache corgi:https://registry.npmjs.org/postcss-media-minmax set size:undefined disposed:false
5527 http fetch GET 200 https://registry.npmjs.org/postcss-load-config 1052ms (cache miss)
5528 silly packumentCache corgi:https://registry.npmjs.org/postcss-load-config set size:undefined disposed:false
5529 http fetch GET 200 https://registry.npmjs.org/postcss-flexbugs-fixes 1059ms (cache miss)
5530 silly packumentCache corgi:https://registry.npmjs.org/postcss-flexbugs-fixes set size:undefined disposed:false
5531 http fetch GET 200 https://registry.npmjs.org/postcss-modules-scope 1065ms (cache miss)
5532 silly packumentCache corgi:https://registry.npmjs.org/postcss-modules-scope set size:undefined disposed:false
5533 http fetch GET 200 https://registry.npmjs.org/postcss-modules-extract-imports 1070ms (cache miss)
5534 silly packumentCache corgi:https://registry.npmjs.org/postcss-modules-extract-imports set size:undefined disposed:false
5535 http fetch GET 200 https://registry.npmjs.org/dayjs/-/dayjs-1.11.13.tgz 33033ms (cache miss)
5536 http fetch GET 200 https://registry.npmjs.org/postcss-modules-values 1076ms (cache miss)
5537 silly packumentCache corgi:https://registry.npmjs.org/postcss-modules-values set size:undefined disposed:false
5538 http fetch GET 200 https://registry.npmjs.org/postcss-logical 1086ms (cache miss)
5539 silly packumentCache corgi:https://registry.npmjs.org/postcss-logical set size:undefined disposed:false
5540 http fetch GET 200 https://registry.npmjs.org/postcss-colormin 1099ms (cache miss)
5541 silly packumentCache corgi:https://registry.npmjs.org/postcss-colormin set size:undefined disposed:false
5542 http fetch GET 200 https://registry.npmjs.org/postcss-lab-function 1102ms (cache miss)
5543 silly packumentCache corgi:https://registry.npmjs.org/postcss-lab-function set size:undefined disposed:false
5544 http fetch GET 200 https://registry.npmjs.org/postcss-minify-font-values 1103ms (cache miss)
5545 silly packumentCache corgi:https://registry.npmjs.org/postcss-minify-font-values set size:undefined disposed:false
5546 http fetch GET 200 https://registry.npmjs.org/postcss-minify-gradients 1106ms (cache miss)
5547 silly packumentCache corgi:https://registry.npmjs.org/postcss-minify-gradients set size:undefined disposed:false
5548 http fetch GET 200 https://registry.npmjs.org/postcss-modules-local-by-default 1112ms (cache miss)
5549 silly packumentCache corgi:https://registry.npmjs.org/postcss-modules-local-by-default set size:undefined disposed:false
5550 http fetch GET 200 https://registry.npmjs.org/postcss-opacity-percentage 1110ms (cache miss)
5551 silly packumentCache corgi:https://registry.npmjs.org/postcss-opacity-percentage set size:undefined disposed:false
5552 http fetch GET 200 https://registry.npmjs.org/postcss-normalize 1115ms (cache miss)
5553 silly packumentCache corgi:https://registry.npmjs.org/postcss-normalize set size:undefined disposed:false
5554 http fetch GET 200 https://registry.npmjs.org/postcss-minify-params 1127ms (cache miss)
5555 silly packumentCache corgi:https://registry.npmjs.org/postcss-minify-params set size:undefined disposed:false
5556 http fetch GET 200 https://registry.npmjs.org/postcss-page-break 1127ms (cache miss)
5557 silly packumentCache corgi:https://registry.npmjs.org/postcss-page-break set size:undefined disposed:false
5558 http fetch GET 200 https://registry.npmjs.org/postcss-nested 1137ms (cache miss)
5559 silly packumentCache corgi:https://registry.npmjs.org/postcss-nested set size:undefined disposed:false
5560 http fetch GET 200 https://registry.npmjs.org/postcss-minify-selectors 1156ms (cache miss)
5561 silly packumentCache corgi:https://registry.npmjs.org/postcss-minify-selectors set size:undefined disposed:false
5562 http fetch GET 200 https://registry.npmjs.org/postcss-overflow-shorthand 1156ms (cache miss)
5563 silly packumentCache corgi:https://registry.npmjs.org/postcss-overflow-shorthand set size:undefined disposed:false
5564 http fetch GET 200 https://registry.npmjs.org/postcss-merge-rules 1175ms (cache miss)
5565 silly packumentCache corgi:https://registry.npmjs.org/postcss-merge-rules set size:undefined disposed:false
5566 http fetch GET 200 https://registry.npmjs.org/postcss-normalize-charset 1179ms (cache miss)
5567 silly packumentCache corgi:https://registry.npmjs.org/postcss-normalize-charset set size:undefined disposed:false
5568 http fetch GET 200 https://registry.npmjs.org/postcss-merge-longhand 1189ms (cache miss)
5569 silly packumentCache corgi:https://registry.npmjs.org/postcss-merge-longhand set size:undefined disposed:false
5570 http fetch GET 200 https://registry.npmjs.org/postcss-normalize-display-values 1189ms (cache miss)
5571 silly packumentCache corgi:https://registry.npmjs.org/postcss-normalize-display-values set size:undefined disposed:false
5572 http fetch GET 200 https://registry.npmjs.org/postcss-normalize-positions 1193ms (cache miss)
5573 silly packumentCache corgi:https://registry.npmjs.org/postcss-normalize-positions set size:undefined disposed:false
5574 http fetch GET 200 https://registry.npmjs.org/postcss-normalize-repeat-style 1196ms (cache miss)
5575 silly packumentCache corgi:https://registry.npmjs.org/postcss-normalize-repeat-style set size:undefined disposed:false
5576 http fetch GET 200 https://registry.npmjs.org/postcss-loader 1212ms (cache miss)
5577 silly packumentCache corgi:https://registry.npmjs.org/postcss-loader set size:undefined disposed:false
5578 http fetch GET 200 https://registry.npmjs.org/postcss-nesting 1224ms (cache miss)
5579 silly packumentCache corgi:https://registry.npmjs.org/postcss-nesting set size:undefined disposed:false
5580 http fetch GET 200 https://registry.npmjs.org/postcss-normalize-string 1231ms (cache miss)
5581 silly packumentCache corgi:https://registry.npmjs.org/postcss-normalize-string set size:undefined disposed:false
5582 http fetch GET 200 https://registry.npmjs.org/postcss-normalize-url 1234ms (cache miss)
5583 silly packumentCache corgi:https://registry.npmjs.org/postcss-normalize-url set size:undefined disposed:false
5584 http fetch GET 200 https://registry.npmjs.org/postcss-normalize-whitespace 1237ms (cache miss)
5585 silly packumentCache corgi:https://registry.npmjs.org/postcss-normalize-whitespace set size:undefined disposed:false
5586 http fetch GET 200 https://registry.npmjs.org/postcss-replace-overflow-wrap 1237ms (cache miss)
5587 silly packumentCache corgi:https://registry.npmjs.org/postcss-replace-overflow-wrap set size:undefined disposed:false
5588 http fetch GET 200 https://registry.npmjs.org/postcss-pseudo-class-any-link 1241ms (cache miss)
5589 silly packumentCache corgi:https://registry.npmjs.org/postcss-pseudo-class-any-link set size:undefined disposed:false
5590 http fetch GET 200 https://registry.npmjs.org/postcss-selector-not 1247ms (cache miss)
5591 silly packumentCache corgi:https://registry.npmjs.org/postcss-selector-not set size:undefined disposed:false
5592 http fetch GET 200 https://registry.npmjs.org/postcss-ordered-values 1260ms (cache miss)
5593 silly packumentCache corgi:https://registry.npmjs.org/postcss-ordered-values set size:undefined disposed:false
5594 http fetch GET 200 https://registry.npmjs.org/postcss-discard-duplicates 1283ms (cache miss)
5595 silly packumentCache corgi:https://registry.npmjs.org/postcss-discard-duplicates set size:undefined disposed:false
5596 http fetch GET 200 https://registry.npmjs.org/postcss-reduce-transforms 1268ms (cache miss)
5597 silly packumentCache corgi:https://registry.npmjs.org/postcss-reduce-transforms set size:undefined disposed:false
5598 http fetch GET 200 https://registry.npmjs.org/postcss-reduce-initial 1272ms (cache miss)
5599 silly packumentCache corgi:https://registry.npmjs.org/postcss-reduce-initial set size:undefined disposed:false
5600 http fetch GET 200 https://registry.npmjs.org/postcss-place 1289ms (cache miss)
5601 silly packumentCache corgi:https://registry.npmjs.org/postcss-place set size:undefined disposed:false
5602 http fetch GET 200 https://registry.npmjs.org/postcss-unique-selectors 1292ms (cache miss)
5603 silly packumentCache corgi:https://registry.npmjs.org/postcss-unique-selectors set size:undefined disposed:false
5604 http fetch GET 200 https://registry.npmjs.org/stylehacks 1308ms (cache miss)
5605 silly packumentCache corgi:https://registry.npmjs.org/stylehacks set size:undefined disposed:false
5606 http fetch GET 200 https://registry.npmjs.org/postcss-normalize-unicode 1385ms (cache miss)
5607 silly packumentCache corgi:https://registry.npmjs.org/postcss-normalize-unicode set size:undefined disposed:false
5608 http fetch GET 200 https://registry.npmjs.org/postcss-normalize-timing-functions 1394ms (cache miss)
5609 silly packumentCache corgi:https://registry.npmjs.org/postcss-normalize-timing-functions set size:undefined disposed:false
5610 http fetch GET 200 https://registry.npmjs.org/postcss-svgo 1397ms (cache miss)
5611 silly packumentCache corgi:https://registry.npmjs.org/postcss-svgo set size:undefined disposed:false
5612 http fetch GET 200 https://registry.npmjs.org/react-scripts 1413ms (cache miss)
5613 silly packumentCache corgi:https://registry.npmjs.org/react-scripts set size:undefined disposed:false
5614 http fetch GET 200 https://registry.npmjs.org/postcss-preset-env 1442ms (cache miss)
5615 silly packumentCache corgi:https://registry.npmjs.org/postcss-preset-env set size:undefined disposed:false
5616 http fetch GET 200 https://registry.npmjs.org/jsdom/-/jsdom-16.7.0.tgz 33995ms (cache miss)
5617 http fetch GET 200 https://registry.npmjs.org/ajv/-/ajv-8.17.1.tgz 33783ms (cache miss)
5618 http fetch GET 200 https://registry.npmjs.org/ajv/-/ajv-8.17.1.tgz 33796ms (cache miss)
5619 http fetch GET 200 https://registry.npmjs.org/underscore/-/underscore-1.12.1.tgz 34202ms (cache miss)
5620 http fetch GET 200 https://registry.npmjs.org/ajv/-/ajv-8.17.1.tgz 33833ms (cache miss)
5621 http fetch GET 200 https://registry.npmjs.org/@typescript-eslint/eslint-plugin/-/eslint-plugin-5.62.0.tgz 33991ms (cache miss)
5622 http fetch GET 200 https://registry.npmjs.org/@mui/utils/-/utils-6.4.8.tgz 34128ms (cache miss)
5623 http fetch GET 200 https://registry.npmjs.org/tailwindcss 2507ms (cache miss)
5624 silly packumentCache corgi:https://registry.npmjs.org/tailwindcss set size:undefined disposed:false
5625 silly packumentCache corgi:https://registry.npmjs.org/cosmiconfig cache-miss
5626 http fetch GET 200 https://registry.npmjs.org/@mui/system/-/system-6.4.8.tgz 34683ms (cache miss)
5627 http fetch GET 200 https://registry.npmjs.org/cosmiconfig 109ms (cache miss)
5628 silly packumentCache corgi:https://registry.npmjs.org/cosmiconfig set size:undefined disposed:false
5629 http fetch GET 200 https://registry.npmjs.org/@typescript-eslint/scope-manager/-/scope-manager-5.62.0.tgz 34897ms (cache miss)
5630 silly packumentCache corgi:https://registry.npmjs.org/@grpc%2fproto-loader cache-miss
5631 http fetch GET 200 https://registry.npmjs.org/@grpc%2fproto-loader 123ms (cache miss)
5632 silly packumentCache corgi:https://registry.npmjs.org/@grpc%2fproto-loader set size:undefined disposed:false
5633 silly packumentCache corgi:https://registry.npmjs.org/react-router-dom cache-miss
5634 http fetch GET 200 https://registry.npmjs.org/moment/-/moment-2.30.1.tgz 35264ms (cache miss)
5635 http fetch GET 200 https://registry.npmjs.org/react-router-dom 334ms (cache miss)
5636 silly packumentCache corgi:https://registry.npmjs.org/react-router-dom set size:undefined disposed:false
5637 silly packumentCache corgi:https://registry.npmjs.org/@rollup%2fplugin-babel cache-miss
5638 silly packumentCache corgi:https://registry.npmjs.org/@rollup%2fplugin-node-resolve cache-miss
5639 silly packumentCache corgi:https://registry.npmjs.org/@rollup%2fplugin-replace cache-miss
5640 silly packumentCache corgi:https://registry.npmjs.org/rollup-plugin-terser cache-miss
5641 http fetch GET 200 https://registry.npmjs.org/rollup-plugin-terser 148ms (cache miss)
5642 silly packumentCache corgi:https://registry.npmjs.org/rollup-plugin-terser set size:undefined disposed:false
5643 http fetch GET 200 https://registry.npmjs.org/@rollup%2fplugin-replace 185ms (cache miss)
5644 silly packumentCache corgi:https://registry.npmjs.org/@rollup%2fplugin-replace set size:undefined disposed:false
5645 http fetch GET 200 https://registry.npmjs.org/@rollup%2fplugin-babel 205ms (cache miss)
5646 silly packumentCache corgi:https://registry.npmjs.org/@rollup%2fplugin-babel set size:undefined disposed:false
5647 http fetch GET 200 https://registry.npmjs.org/@rollup%2fplugin-node-resolve 211ms (cache miss)
5648 silly packumentCache corgi:https://registry.npmjs.org/@rollup%2fplugin-node-resolve set size:undefined disposed:false
5649 silly packumentCache corgi:https://registry.npmjs.org/terser-webpack-plugin cache-miss
5650 http fetch GET 200 https://registry.npmjs.org/terser-webpack-plugin 136ms (cache miss)
5651 silly packumentCache corgi:https://registry.npmjs.org/terser-webpack-plugin set size:undefined disposed:false
5652 silly packumentCache corgi:https://registry.npmjs.org/@pmmmwh%2freact-refresh-webpack-plugin cache-miss
5653 silly packumentCache corgi:https://registry.npmjs.org/babel-loader cache-miss
5654 silly packumentCache corgi:https://registry.npmjs.org/eslint-webpack-plugin cache-miss
5655 silly packumentCache corgi:https://registry.npmjs.org/file-loader cache-miss
5656 silly packumentCache corgi:https://registry.npmjs.org/mini-css-extract-plugin cache-miss
5657 silly packumentCache corgi:https://registry.npmjs.org/sass-loader cache-miss
5658 silly packumentCache corgi:https://registry.npmjs.org/source-map-loader cache-miss
5659 silly packumentCache corgi:https://registry.npmjs.org/style-loader cache-miss
5660 silly packumentCache corgi:https://registry.npmjs.org/url-loader cache-miss
5661 silly packumentCache corgi:https://registry.npmjs.org/webpack-dev-middleware cache-miss
5662 silly packumentCache corgi:https://registry.npmjs.org/webpack-manifest-plugin cache-miss
5663 silly packumentCache corgi:https://registry.npmjs.org/workbox-webpack-plugin cache-miss
5664 http fetch GET 200 https://registry.npmjs.org/url-loader 345ms (cache miss)
5665 silly packumentCache corgi:https://registry.npmjs.org/url-loader set size:undefined disposed:false
5666 http fetch GET 200 https://registry.npmjs.org/file-loader 355ms (cache miss)
5667 silly packumentCache corgi:https://registry.npmjs.org/file-loader set size:undefined disposed:false
5668 http fetch GET 200 https://registry.npmjs.org/source-map-loader 364ms (cache miss)
5669 silly packumentCache corgi:https://registry.npmjs.org/source-map-loader set size:undefined disposed:false
5670 http fetch GET 200 https://registry.npmjs.org/webpack-manifest-plugin 371ms (cache miss)
5671 silly packumentCache corgi:https://registry.npmjs.org/webpack-manifest-plugin set size:undefined disposed:false
5672 http fetch GET 200 https://registry.npmjs.org/eslint-webpack-plugin 407ms (cache miss)
5673 silly packumentCache corgi:https://registry.npmjs.org/eslint-webpack-plugin set size:undefined disposed:false
5674 http fetch GET 200 https://registry.npmjs.org/style-loader 415ms (cache miss)
5675 silly packumentCache corgi:https://registry.npmjs.org/style-loader set size:undefined disposed:false
5676 http fetch GET 200 https://registry.npmjs.org/babel-loader 428ms (cache miss)
5677 silly packumentCache corgi:https://registry.npmjs.org/babel-loader set size:undefined disposed:false
5678 http fetch GET 200 https://registry.npmjs.org/workbox-webpack-plugin 450ms (cache miss)
5679 silly packumentCache corgi:https://registry.npmjs.org/workbox-webpack-plugin set size:undefined disposed:false
5680 http fetch GET 200 https://registry.npmjs.org/mini-css-extract-plugin 463ms (cache miss)
5681 silly packumentCache corgi:https://registry.npmjs.org/mini-css-extract-plugin set size:undefined disposed:false
5682 http fetch GET 200 https://registry.npmjs.org/webpack-dev-middleware 475ms (cache miss)
5683 silly packumentCache corgi:https://registry.npmjs.org/webpack-dev-middleware set size:undefined disposed:false
5684 http fetch GET 200 https://registry.npmjs.org/@pmmmwh%2freact-refresh-webpack-plugin 508ms (cache miss)
5685 silly packumentCache corgi:https://registry.npmjs.org/@pmmmwh%2freact-refresh-webpack-plugin set size:undefined disposed:false
5686 http fetch GET 200 https://registry.npmjs.org/sass-loader 516ms (cache miss)
5687 silly packumentCache corgi:https://registry.npmjs.org/sass-loader set size:undefined disposed:false
5688 silly packumentCache corgi:https://registry.npmjs.org/react-app-rewired cache-miss
5689 http fetch GET 200 https://registry.npmjs.org/webpack/-/webpack-5.98.0.tgz 39106ms (cache miss)
5690 http fetch GET 200 https://registry.npmjs.org/react-app-rewired 172ms (cache miss)
5691 silly packumentCache corgi:https://registry.npmjs.org/react-app-rewired set size:undefined disposed:false
5692 silly packumentCache corgi:https://registry.npmjs.org/jest-environment-jsdom cache-miss
5693 http fetch GET 200 https://registry.npmjs.org/jest-environment-jsdom 262ms (cache miss)
5694 silly packumentCache corgi:https://registry.npmjs.org/jest-environment-jsdom set size:undefined disposed:false
5695 silly packumentCache corgi:https://registry.npmjs.org/@svgr%2fplugin-svgo cache-miss
5696 http fetch GET 200 https://registry.npmjs.org/@svgr%2fplugin-svgo 157ms (cache miss)
5697 silly packumentCache corgi:https://registry.npmjs.org/@svgr%2fplugin-svgo set size:undefined disposed:false
5698 silly packumentCache corgi:https://registry.npmjs.org/jest-config cache-miss
5699 silly packumentCache corgi:https://registry.npmjs.org/jest-runner cache-miss
5700 http fetch GET 200 https://registry.npmjs.org/jest-runner 181ms (cache miss)
5701 silly packumentCache corgi:https://registry.npmjs.org/jest-runner set size:undefined disposed:false
5702 http fetch GET 200 https://registry.npmjs.org/jest-config 256ms (cache miss)
5703 silly packumentCache corgi:https://registry.npmjs.org/jest-config set size:undefined disposed:false
5704 http fetch GET 200 https://registry.npmjs.org/cypress/-/cypress-14.4.1.tgz 40107ms (cache miss)
5705 silly packumentCache corgi:https://registry.npmjs.org/@svgr%2fwebpack cache-miss
5706 http fetch GET 200 https://registry.npmjs.org/caniuse-lite/-/caniuse-lite-1.0.30001702.tgz 40211ms (cache miss)
5707 http fetch GET 200 https://registry.npmjs.org/@svgr%2fwebpack 141ms (cache miss)
5708 silly packumentCache corgi:https://registry.npmjs.org/@svgr%2fwebpack set size:undefined disposed:false
5709 silly packumentCache corgi:https://registry.npmjs.org/@jest%2fcore cache-miss
5710 http fetch GET 200 https://registry.npmjs.org/@jest%2fcore 505ms (cache miss)
5711 silly packumentCache corgi:https://registry.npmjs.org/@jest%2fcore set size:undefined disposed:false
5712 silly packumentCache corgi:https://registry.npmjs.org/jest-cli cache-miss
5713 http fetch GET 200 https://registry.npmjs.org/jest-cli 365ms (cache miss)
5714 silly packumentCache corgi:https://registry.npmjs.org/jest-cli set size:undefined disposed:false
5715 silly packumentCache corgi:https://registry.npmjs.org/jest cache-miss
5716 http fetch GET 200 https://registry.npmjs.org/jest 222ms (cache miss)
5717 silly packumentCache corgi:https://registry.npmjs.org/jest set size:undefined disposed:false
5718 silly packumentCache corgi:https://registry.npmjs.org/jest-watch-typeahead cache-miss
5719 http fetch GET 200 https://registry.npmjs.org/jest-watch-typeahead 267ms (cache miss)
5720 silly packumentCache corgi:https://registry.npmjs.org/jest-watch-typeahead set size:undefined disposed:false
5721 http fetch GET 200 https://registry.npmjs.org/lodash/-/lodash-4.17.21.tgz 42669ms (cache miss)
5722 http fetch GET 200 https://registry.npmjs.org/@fortawesome/free-brands-svg-icons/-/free-brands-svg-icons-6.7.2.tgz 42771ms (cache miss)
5723 http fetch GET 200 https://registry.npmjs.org/typescript/-/typescript-4.9.5.tgz 43222ms (cache miss)
5724 http fetch GET 200 https://registry.npmjs.org/@firebase/firestore/-/firestore-4.7.9.tgz 45282ms (cache miss)
5725 http fetch GET 200 https://registry.npmjs.org/react-icons/-/react-icons-5.5.0.tgz 45946ms (cache miss)
5726 http fetch GET 200 https://registry.npmjs.org/@mui/x-date-pickers/-/x-date-pickers-7.28.0.tgz 45895ms (cache miss)
5727 http fetch GET 200 https://registry.npmjs.org/@firebase/auth/-/auth-1.9.1.tgz 50590ms (cache miss)
5728 http fetch GET 200 https://registry.npmjs.org/es-abstract/-/es-abstract-1.23.9.tgz 51067ms (cache miss)
5729 http fetch GET 200 https://registry.npmjs.org/rxjs/-/rxjs-7.8.2.tgz 52694ms (cache miss)
5730 http fetch GET 200 https://registry.npmjs.org/@mui/material/-/material-6.4.8.tgz 55035ms (cache miss)
5731 http fetch GET 200 https://registry.npmjs.org/core-js-pure/-/core-js-pure-3.41.0.tgz 60789ms (cache miss)
5732 http fetch GET 200 https://registry.npmjs.org/core-js/-/core-js-3.41.0.tgz 60829ms (cache miss)
5733 http fetch GET 200 https://registry.npmjs.org/firebase/-/firebase-11.4.0.tgz 63204ms (cache miss)
5734 http fetch GET 200 https://registry.npmjs.org/@fortawesome/free-solid-svg-icons/-/free-solid-svg-icons-6.7.2.tgz 63406ms (cache miss)
5735 http fetch GET 200 https://registry.npmjs.org/date-fns/-/date-fns-4.1.0.tgz 72700ms (cache miss)
5736 http fetch GET 200 https://registry.npmjs.org/date-fns/-/date-fns-2.30.0.tgz 83234ms (cache miss)
5737 silly ADD node_modules/yocto-queue
5738 silly ADD node_modules/yauzl
5739 silly ADD node_modules/yargs-parser
5740 silly ADD node_modules/yargs
5741 silly ADD node_modules/yaml
5742 silly ADD node_modules/yallist
5743 silly ADD node_modules/y18n
5744 silly ADD node_modules/xmlchars
5745 silly ADD node_modules/xml-name-validator
5746 silly ADD node_modules/ws
5747 silly ADD node_modules/write-file-atomic
5748 silly ADD node_modules/wrappy
5749 silly ADD node_modules/wrap-ansi-cjs
5750 silly ADD node_modules/wrap-ansi
5751 silly ADD node_modules/workbox-window
5752 silly ADD node_modules/workbox-webpack-plugin
5753 silly ADD node_modules/workbox-webpack-plugin/node_modules/webpack-sources
5754 silly ADD node_modules/workbox-webpack-plugin/node_modules/source-map
5755 silly ADD node_modules/workbox-sw
5756 silly ADD node_modules/workbox-streams
5757 silly ADD node_modules/workbox-strategies
5758 silly ADD node_modules/workbox-routing
5759 silly ADD node_modules/workbox-recipes
5760 silly ADD node_modules/workbox-range-requests
5761 silly ADD node_modules/workbox-precaching
5762 silly ADD node_modules/workbox-navigation-preload
5763 silly ADD node_modules/workbox-google-analytics
5764 silly ADD node_modules/workbox-expiration
5765 silly ADD node_modules/workbox-core
5766 silly ADD node_modules/workbox-cacheable-response
5767 silly ADD node_modules/workbox-build
5768 silly ADD node_modules/workbox-build/node_modules/whatwg-url
5769 silly ADD node_modules/workbox-build/node_modules/webidl-conversions
5770 silly ADD node_modules/workbox-build/node_modules/tr46
5771 silly ADD node_modules/workbox-build/node_modules/source-map
5772 silly ADD node_modules/workbox-build/node_modules/minimatch
5773 silly ADD node_modules/workbox-build/node_modules/json-schema-traverse
5774 silly ADD node_modules/workbox-build/node_modules/glob
5775 silly ADD node_modules/workbox-build/node_modules/fs-extra
5776 silly ADD node_modules/workbox-build/node_modules/brace-expansion
5777 silly ADD node_modules/workbox-build/node_modules/ajv
5778 silly ADD node_modules/workbox-build/node_modules/@apideck/better-ajv-errors
5779 silly ADD node_modules/workbox-broadcast-update
5780 silly ADD node_modules/workbox-background-sync
5781 silly ADD node_modules/word-wrap
5782 silly ADD node_modules/which-typed-array
5783 silly ADD node_modules/which-collection
5784 silly ADD node_modules/which-builtin-type
5785 silly ADD node_modules/which-boxed-primitive
5786 silly ADD node_modules/which
5787 silly ADD node_modules/whatwg-url
5788 silly ADD node_modules/whatwg-mimetype
5789 silly ADD node_modules/whatwg-fetch
5790 silly ADD node_modules/whatwg-encoding
5791 silly ADD node_modules/whatwg-encoding/node_modules/iconv-lite
5792 silly ADD node_modules/websocket-extensions
5793 silly ADD node_modules/websocket-driver
5794 silly ADD node_modules/webpack-sources
5795 silly ADD node_modules/webpack-manifest-plugin
5796 silly ADD node_modules/webpack-manifest-plugin/node_modules/webpack-sources
5797 silly ADD node_modules/webpack-manifest-plugin/node_modules/source-map
5798 silly ADD node_modules/webpack-dev-server
5799 silly ADD node_modules/webpack-dev-server/node_modules/ws
5800 silly ADD node_modules/webpack-dev-middleware
5801 silly ADD node_modules/webpack
5802 silly ADD node_modules/webpack/node_modules/estraverse
5803 silly ADD node_modules/webpack/node_modules/eslint-scope
5804 silly ADD node_modules/webidl-conversions
5805 silly ADD node_modules/web-vitals
5806 silly ADD node_modules/wbuf
5807 silly ADD node_modules/watchpack
5808 silly ADD node_modules/walker
5809 silly ADD node_modules/w3c-xmlserializer
5810 silly ADD node_modules/w3c-hr-time
5811 silly ADD node_modules/victory-vendor
5812 silly ADD node_modules/verror
5813 silly ADD node_modules/verror/node_modules/core-util-is
5814 silly ADD node_modules/vary
5815 silly ADD node_modules/v8-to-istanbul
5816 silly ADD node_modules/v8-to-istanbul/node_modules/convert-source-map
5817 silly ADD node_modules/uuid
5818 silly ADD node_modules/utrie
5819 silly ADD node_modules/utils-merge
5820 silly ADD node_modules/utila
5821 silly ADD node_modules/util.promisify
5822 silly ADD node_modules/util-deprecate
5823 silly ADD node_modules/url-parse
5824 silly ADD node_modules/url-loader
5825 silly ADD node_modules/url-loader/node_modules/schema-utils
5826 silly ADD node_modules/uri-js
5827 silly ADD node_modules/update-browserslist-db
5828 silly ADD node_modules/upath
5829 silly ADD node_modules/untildify
5830 silly ADD node_modules/unquote
5831 silly ADD node_modules/unpipe
5832 silly ADD node_modules/universalify
5833 silly ADD node_modules/unique-string
5834 silly ADD node_modules/unicode-property-aliases-ecmascript
5835 silly ADD node_modules/unicode-match-property-value-ecmascript
5836 silly ADD node_modules/unicode-match-property-ecmascript
5837 silly ADD node_modules/unicode-canonical-property-names-ecmascript
5838 silly ADD node_modules/undici-types
5839 silly ADD node_modules/underscore
5840 silly ADD node_modules/unbox-primitive
5841 silly ADD node_modules/typescript
5842 silly ADD node_modules/typedarray-to-buffer
5843 silly ADD node_modules/typed-array-length
5844 silly ADD node_modules/typed-array-byte-offset
5845 silly ADD node_modules/typed-array-byte-length
5846 silly ADD node_modules/typed-array-buffer
5847 silly ADD node_modules/type-is
5848 silly ADD node_modules/type-fest
5849 silly ADD node_modules/type-detect
5850 silly ADD node_modules/type-check
5851 silly ADD node_modules/tweetnacl
5852 silly ADD node_modules/turbo-stream
5853 silly ADD node_modules/tunnel-agent
5854 silly ADD node_modules/tsutils
5855 silly ADD node_modules/tsutils/node_modules/tslib
5856 silly ADD node_modules/tslib
5857 silly ADD node_modules/tsconfig-paths
5858 silly ADD node_modules/tsconfig-paths/node_modules/strip-bom
5859 silly ADD node_modules/tsconfig-paths/node_modules/json5
5860 silly ADD node_modules/ts-interface-checker
5861 silly ADD node_modules/tryer
5862 silly ADD node_modules/tree-kill
5863 silly ADD node_modules/tr46
5864 silly ADD node_modules/tough-cookie
5865 silly ADD node_modules/tough-cookie/node_modules/universalify
5866 silly ADD node_modules/toidentifier
5867 silly ADD node_modules/to-regex-range
5868 silly ADD node_modules/tmpl
5869 silly ADD node_modules/tmp
5870 silly ADD node_modules/tldts-core
5871 silly ADD node_modules/tldts
5872 silly ADD node_modules/tippy.js
5873 silly ADD node_modules/tiny-invariant
5874 silly ADD node_modules/thunky
5875 silly ADD node_modules/through
5876 silly ADD node_modules/throttleit
5877 silly ADD node_modules/throat
5878 silly ADD node_modules/thenify-all
5879 silly ADD node_modules/thenify
5880 silly ADD node_modules/text-table
5881 silly ADD node_modules/text-segmentation
5882 silly ADD node_modules/test-exclude
5883 silly ADD node_modules/test-exclude/node_modules/minimatch
5884 silly ADD node_modules/test-exclude/node_modules/glob
5885 silly ADD node_modules/test-exclude/node_modules/brace-expansion
5886 silly ADD node_modules/terser-webpack-plugin
5887 silly ADD node_modules/terser
5888 silly ADD node_modules/terser/node_modules/commander
5889 silly ADD node_modules/terminal-link
5890 silly ADD node_modules/tempy
5891 silly ADD node_modules/tempy/node_modules/type-fest
5892 silly ADD node_modules/temp-dir
5893 silly ADD node_modules/tapable
5894 silly ADD node_modules/tailwindcss
5895 silly ADD node_modules/tailwindcss/node_modules/lilconfig
5896 silly ADD node_modules/tabbable
5897 silly ADD node_modules/symbol-tree
5898 silly ADD node_modules/svgo
5899 silly ADD node_modules/svgo/node_modules/supports-color
5900 silly ADD node_modules/svgo/node_modules/nth-check
5901 silly ADD node_modules/svgo/node_modules/has-flag
5902 silly ADD node_modules/svgo/node_modules/escape-string-regexp
5903 silly ADD node_modules/svgo/node_modules/domutils
5904 silly ADD node_modules/svgo/node_modules/domutils/node_modules/domelementtype
5905 silly ADD node_modules/svgo/node_modules/dom-serializer
5906 silly ADD node_modules/svgo/node_modules/css-what
5907 silly ADD node_modules/svgo/node_modules/css-select
5908 silly ADD node_modules/svgo/node_modules/color-name
5909 silly ADD node_modules/svgo/node_modules/color-convert
5910 silly ADD node_modules/svgo/node_modules/chalk
5911 silly ADD node_modules/svgo/node_modules/ansi-styles
5912 silly ADD node_modules/svg-pathdata
5913 silly ADD node_modules/svg-parser
5914 silly ADD node_modules/supports-preserve-symlinks-flag
5915 silly ADD node_modules/supports-hyperlinks
5916 silly ADD node_modules/supports-color
5917 silly ADD node_modules/sucrase
5918 silly ADD node_modules/sucrase/node_modules/minipass
5919 silly ADD node_modules/sucrase/node_modules/minimatch
5920 silly ADD node_modules/sucrase/node_modules/glob
5921 silly ADD node_modules/sucrase/node_modules/commander
5922 silly ADD node_modules/stylis
5923 silly ADD node_modules/stylehacks
5924 silly ADD node_modules/style-loader
5925 silly ADD node_modules/strip-json-comments
5926 silly ADD node_modules/strip-final-newline
5927 silly ADD node_modules/strip-comments
5928 silly ADD node_modules/strip-bom
5929 silly ADD node_modules/strip-ansi-cjs
5930 silly ADD node_modules/strip-ansi
5931 silly ADD node_modules/stringify-object
5932 silly ADD node_modules/string.prototype.trimstart
5933 silly ADD node_modules/string.prototype.trimend
5934 silly ADD node_modules/string.prototype.trim
5935 silly ADD node_modules/string.prototype.repeat
5936 silly ADD node_modules/string.prototype.matchall
5937 silly ADD node_modules/string.prototype.includes
5938 silly ADD node_modules/string-width-cjs
5939 silly ADD node_modules/string-width-cjs/node_modules/emoji-regex
5940 silly ADD node_modules/string-width
5941 silly ADD node_modules/string-width/node_modules/emoji-regex
5942 silly ADD node_modules/string-natural-compare
5943 silly ADD node_modules/string-length
5944 silly ADD node_modules/string_decoder
5945 silly ADD node_modules/statuses
5946 silly ADD node_modules/static-eval
5947 silly ADD node_modules/static-eval/node_modules/type-check
5948 silly ADD node_modules/static-eval/node_modules/source-map
5949 silly ADD node_modules/static-eval/node_modules/prelude-ls
5950 silly ADD node_modules/static-eval/node_modules/optionator
5951 silly ADD node_modules/static-eval/node_modules/levn
5952 silly ADD node_modules/static-eval/node_modules/estraverse
5953 silly ADD node_modules/static-eval/node_modules/escodegen
5954 silly ADD node_modules/stackframe
5955 silly ADD node_modules/stackblur-canvas
5956 silly ADD node_modules/stack-utils
5957 silly ADD node_modules/stack-utils/node_modules/escape-string-regexp
5958 silly ADD node_modules/stable
5959 silly ADD node_modules/sshpk
5960 silly ADD node_modules/sprintf-js
5961 silly ADD node_modules/spdy-transport
5962 silly ADD node_modules/spdy
5963 silly ADD node_modules/sourcemap-codec
5964 silly ADD node_modules/source-map-support
5965 silly ADD node_modules/source-map-support/node_modules/source-map
5966 silly ADD node_modules/source-map-loader
5967 silly ADD node_modules/source-map-js
5968 silly ADD node_modules/source-map
5969 silly ADD node_modules/source-list-map
5970 silly ADD node_modules/sockjs
5971 silly ADD node_modules/sockjs/node_modules/uuid
5972 silly ADD node_modules/slice-ansi
5973 silly ADD node_modules/slash
5974 silly ADD node_modules/sisteransi
5975 silly ADD node_modules/signal-exit
5976 silly ADD node_modules/side-channel-weakmap
5977 silly ADD node_modules/side-channel-map
5978 silly ADD node_modules/side-channel-list
5979 silly ADD node_modules/side-channel
5980 silly ADD node_modules/shell-quote
5981 silly ADD node_modules/shebang-regex
5982 silly ADD node_modules/shebang-command
5983 silly ADD node_modules/shallow-equal
5984 silly ADD node_modules/setprototypeof
5985 silly ADD node_modules/set-proto
5986 silly ADD node_modules/set-function-name
5987 silly ADD node_modules/set-function-length
5988 silly ADD node_modules/set-cookie-parser
5989 silly ADD node_modules/serve-static
5990 silly ADD node_modules/serve-index
5991 silly ADD node_modules/serve-index/node_modules/statuses
5992 silly ADD node_modules/serve-index/node_modules/setprototypeof
5993 silly ADD node_modules/serve-index/node_modules/ms
5994 silly ADD node_modules/serve-index/node_modules/inherits
5995 silly ADD node_modules/serve-index/node_modules/http-errors
5996 silly ADD node_modules/serve-index/node_modules/depd
5997 silly ADD node_modules/serve-index/node_modules/debug
5998 silly ADD node_modules/serialize-javascript
5999 silly ADD node_modules/send
6000 silly ADD node_modules/send/node_modules/encodeurl
6001 silly ADD node_modules/send/node_modules/debug
6002 silly ADD node_modules/send/node_modules/debug/node_modules/ms
6003 silly ADD node_modules/semver
6004 silly ADD node_modules/selfsigned
6005 silly ADD node_modules/select-hose
6006 silly ADD node_modules/schema-utils
6007 silly ADD node_modules/schema-utils/node_modules/json-schema-traverse
6008 silly ADD node_modules/schema-utils/node_modules/ajv-keywords
6009 silly ADD node_modules/schema-utils/node_modules/ajv
6010 silly ADD node_modules/scheduler
6011 silly ADD node_modules/saxes
6012 silly ADD node_modules/sax
6013 silly ADD node_modules/sass-loader
6014 silly ADD node_modules/sass
6015 silly ADD node_modules/sass/node_modules/readdirp
6016 silly ADD node_modules/sass/node_modules/chokidar
6017 silly ADD node_modules/sanitize.css
6018 silly ADD node_modules/safer-buffer
6019 silly ADD node_modules/safe-regex-test
6020 silly ADD node_modules/safe-push-apply
6021 silly ADD node_modules/safe-buffer
6022 silly ADD node_modules/safe-array-concat
6023 silly ADD node_modules/rxjs
6024 silly ADD node_modules/run-parallel
6025 silly ADD node_modules/rollup-plugin-terser
6026 silly ADD node_modules/rollup-plugin-terser/node_modules/serialize-javascript
6027 silly ADD node_modules/rollup-plugin-terser/node_modules/jest-worker
6028 silly ADD node_modules/rollup
6029 silly ADD node_modules/rimraf
6030 silly ADD node_modules/rimraf/node_modules/minimatch
6031 silly ADD node_modules/rimraf/node_modules/glob
6032 silly ADD node_modules/rimraf/node_modules/brace-expansion
6033 silly ADD node_modules/rgbcolor
6034 silly ADD node_modules/rfdc
6035 silly ADD node_modules/reusify
6036 silly ADD node_modules/retry
6037 silly ADD node_modules/restore-cursor
6038 silly ADD node_modules/resolve.exports
6039 silly ADD node_modules/resolve-url-loader
6040 silly ADD node_modules/resolve-url-loader/node_modules/source-map
6041 silly ADD node_modules/resolve-url-loader/node_modules/postcss
6042 silly ADD node_modules/resolve-url-loader/node_modules/picocolors
6043 silly ADD node_modules/resolve-url-loader/node_modules/convert-source-map
6044 silly ADD node_modules/resolve-from
6045 silly ADD node_modules/resolve-cwd
6046 silly ADD node_modules/resolve
6047 silly ADD node_modules/reselect
6048 silly ADD node_modules/requires-port
6049 silly ADD node_modules/require-from-string
6050 silly ADD node_modules/require-directory
6051 silly ADD node_modules/request-progress
6052 silly ADD node_modules/renderkid
6053 silly ADD node_modules/relateurl
6054 silly ADD node_modules/regjsparser
6055 silly ADD node_modules/regjsparser/node_modules/jsesc
6056 silly ADD node_modules/regjsgen
6057 silly ADD node_modules/regexpu-core
6058 silly ADD node_modules/regexp.prototype.flags
6059 silly ADD node_modules/regex-parser
6060 silly ADD node_modules/regenerator-transform
6061 silly ADD node_modules/regenerator-runtime
6062 silly ADD node_modules/regenerate-unicode-properties
6063 silly ADD node_modules/regenerate
6064 silly ADD node_modules/reflect.getprototypeof
6065 silly ADD node_modules/recursive-readdir
6066 silly ADD node_modules/recursive-readdir/node_modules/minimatch
6067 silly ADD node_modules/recursive-readdir/node_modules/brace-expansion
6068 silly ADD node_modules/recharts-scale
6069 silly ADD node_modules/recharts
6070 silly ADD node_modules/recharts/node_modules/react-is
6071 silly ADD node_modules/readdirp
6072 silly ADD node_modules/readable-stream
6073 silly ADD node_modules/read-cache
6074 silly ADD node_modules/react-transition-group
6075 silly ADD node_modules/react-to-print
6076 silly ADD node_modules/react-smooth
6077 silly ADD node_modules/react-scripts
6078 silly ADD node_modules/react-scripts/node_modules/semver
6079 silly ADD node_modules/react-router-dom
6080 silly ADD node_modules/react-router
6081 silly ADD node_modules/react-responsive
6082 silly ADD node_modules/react-refresh
6083 silly ADD node_modules/react-is
6084 silly ADD node_modules/react-icons
6085 silly ADD node_modules/react-error-overlay
6086 silly ADD node_modules/react-dom
6087 silly ADD node_modules/react-dev-utils
6088 silly ADD node_modules/react-dev-utils/node_modules/path-exists
6089 silly ADD node_modules/react-dev-utils/node_modules/p-locate
6090 silly ADD node_modules/react-dev-utils/node_modules/p-limit
6091 silly ADD node_modules/react-dev-utils/node_modules/locate-path
6092 silly ADD node_modules/react-dev-utils/node_modules/loader-utils
6093 silly ADD node_modules/react-dev-utils/node_modules/find-up
6094 silly ADD node_modules/react-datepicker
6095 silly ADD node_modules/react-datepicker/node_modules/date-fns
6096 silly ADD node_modules/react-app-rewired
6097 silly ADD node_modules/react-app-polyfill
6098 silly ADD node_modules/react
6099 silly ADD node_modules/raw-body
6100 silly ADD node_modules/raw-body/node_modules/iconv-lite
6101 silly ADD node_modules/range-parser
6102 silly ADD node_modules/randombytes
6103 silly ADD node_modules/raf
6104 silly ADD node_modules/queue-microtask
6105 silly ADD node_modules/querystringify
6106 silly ADD node_modules/qs
6107 silly ADD node_modules/q
6108 silly ADD node_modules/punycode
6109 silly ADD node_modules/pump
6110 silly ADD node_modules/psl
6111 silly ADD node_modules/proxy-from-env
6112 silly ADD node_modules/proxy-addr
6113 silly ADD node_modules/proxy-addr/node_modules/ipaddr.js
6114 silly ADD node_modules/protobufjs
6115 silly ADD node_modules/prop-types
6116 silly ADD node_modules/prompts
6117 silly ADD node_modules/promise
6118 silly ADD node_modules/process-nextick-args
6119 silly ADD node_modules/process
6120 silly ADD node_modules/pretty-format
6121 silly ADD node_modules/pretty-format/node_modules/react-is
6122 silly ADD node_modules/pretty-format/node_modules/ansi-styles
6123 silly ADD node_modules/pretty-error
6124 silly ADD node_modules/pretty-bytes
6125 silly ADD node_modules/prelude-ls
6126 silly ADD node_modules/postcss-value-parser
6127 silly ADD node_modules/postcss-unique-selectors
6128 silly ADD node_modules/postcss-svgo
6129 silly ADD node_modules/postcss-svgo/node_modules/svgo
6130 silly ADD node_modules/postcss-svgo/node_modules/source-map
6131 silly ADD node_modules/postcss-svgo/node_modules/mdn-data
6132 silly ADD node_modules/postcss-svgo/node_modules/css-tree
6133 silly ADD node_modules/postcss-svgo/node_modules/commander
6134 silly ADD node_modules/postcss-selector-parser
6135 silly ADD node_modules/postcss-selector-not
6136 silly ADD node_modules/postcss-replace-overflow-wrap
6137 silly ADD node_modules/postcss-reduce-transforms
6138 silly ADD node_modules/postcss-reduce-initial
6139 silly ADD node_modules/postcss-pseudo-class-any-link
6140 silly ADD node_modules/postcss-preset-env
6141 silly ADD node_modules/postcss-place
6142 silly ADD node_modules/postcss-page-break
6143 silly ADD node_modules/postcss-overflow-shorthand
6144 silly ADD node_modules/postcss-ordered-values
6145 silly ADD node_modules/postcss-opacity-percentage
6146 silly ADD node_modules/postcss-normalize-whitespace
6147 silly ADD node_modules/postcss-normalize-url
6148 silly ADD node_modules/postcss-normalize-unicode
6149 silly ADD node_modules/postcss-normalize-timing-functions
6150 silly ADD node_modules/postcss-normalize-string
6151 silly ADD node_modules/postcss-normalize-repeat-style
6152 silly ADD node_modules/postcss-normalize-positions
6153 silly ADD node_modules/postcss-normalize-display-values
6154 silly ADD node_modules/postcss-normalize-charset
6155 silly ADD node_modules/postcss-normalize
6156 silly ADD node_modules/postcss-nesting
6157 silly ADD node_modules/postcss-nested
6158 silly ADD node_modules/postcss-modules-values
6159 silly ADD node_modules/postcss-modules-scope
6160 silly ADD node_modules/postcss-modules-scope/node_modules/postcss-selector-parser
6161 silly ADD node_modules/postcss-modules-local-by-default
6162 silly ADD node_modules/postcss-modules-local-by-default/node_modules/postcss-selector-parser
6163 silly ADD node_modules/postcss-modules-extract-imports
6164 silly ADD node_modules/postcss-minify-selectors
6165 silly ADD node_modules/postcss-minify-params
6166 silly ADD node_modules/postcss-minify-gradients
6167 silly ADD node_modules/postcss-minify-font-values
6168 silly ADD node_modules/postcss-merge-rules
6169 silly ADD node_modules/postcss-merge-longhand
6170 silly ADD node_modules/postcss-media-minmax
6171 silly ADD node_modules/postcss-logical
6172 silly ADD node_modules/postcss-loader
6173 silly ADD node_modules/postcss-loader/node_modules/semver
6174 silly ADD node_modules/postcss-load-config
6175 silly ADD node_modules/postcss-load-config/node_modules/yaml
6176 silly ADD node_modules/postcss-load-config/node_modules/lilconfig
6177 silly ADD node_modules/postcss-lab-function
6178 silly ADD node_modules/postcss-js
6179 silly ADD node_modules/postcss-initial
6180 silly ADD node_modules/postcss-import
6181 silly ADD node_modules/postcss-image-set-function
6182 silly ADD node_modules/postcss-gap-properties
6183 silly ADD node_modules/postcss-font-variant
6184 silly ADD node_modules/postcss-focus-within
6185 silly ADD node_modules/postcss-focus-visible
6186 silly ADD node_modules/postcss-flexbugs-fixes
6187 silly ADD node_modules/postcss-env-function
6188 silly ADD node_modules/postcss-double-position-gradients
6189 silly ADD node_modules/postcss-discard-overridden
6190 silly ADD node_modules/postcss-discard-empty
6191 silly ADD node_modules/postcss-discard-duplicates
6192 silly ADD node_modules/postcss-discard-comments
6193 silly ADD node_modules/postcss-dir-pseudo-class
6194 silly ADD node_modules/postcss-custom-selectors
6195 silly ADD node_modules/postcss-custom-properties
6196 silly ADD node_modules/postcss-custom-media
6197 silly ADD node_modules/postcss-convert-values
6198 silly ADD node_modules/postcss-colormin
6199 silly ADD node_modules/postcss-color-rebeccapurple
6200 silly ADD node_modules/postcss-color-hex-alpha
6201 silly ADD node_modules/postcss-color-functional-notation
6202 silly ADD node_modules/postcss-clamp
6203 silly ADD node_modules/postcss-calc
6204 silly ADD node_modules/postcss-browser-comments
6205 silly ADD node_modules/postcss-attribute-case-insensitive
6206 silly ADD node_modules/postcss
6207 silly ADD node_modules/possible-typed-array-names
6208 silly ADD node_modules/pkg-up
6209 silly ADD node_modules/pkg-dir
6210 silly ADD node_modules/pkg-dir/node_modules/path-exists
6211 silly ADD node_modules/pkg-dir/node_modules/p-locate
6212 silly ADD node_modules/pkg-dir/node_modules/locate-path
6213 silly ADD node_modules/pkg-dir/node_modules/find-up
6214 silly ADD node_modules/pirates
6215 silly ADD node_modules/pify
6216 silly ADD node_modules/picomatch
6217 silly ADD node_modules/picocolors
6218 silly ADD node_modules/performance-now
6219 silly ADD node_modules/pend
6220 silly ADD node_modules/path-type
6221 silly ADD node_modules/path-to-regexp
6222 silly ADD node_modules/path-scurry
6223 silly ADD node_modules/path-scurry/node_modules/minipass
6224 silly ADD node_modules/path-parse
6225 silly ADD node_modules/path-key
6226 silly ADD node_modules/path-is-absolute
6227 silly ADD node_modules/path-exists
6228 silly ADD node_modules/pascal-case
6229 silly ADD node_modules/parseurl
6230 silly ADD node_modules/parse5
6231 silly ADD node_modules/parse-json
6232 silly ADD node_modules/parent-module
6233 silly ADD node_modules/param-case
6234 silly ADD node_modules/pako
6235 silly ADD node_modules/package-json-from-dist
6236 silly ADD node_modules/p-try
6237 silly ADD node_modules/p-retry
6238 silly ADD node_modules/p-map
6239 silly ADD node_modules/p-locate
6240 silly ADD node_modules/p-limit
6241 silly ADD node_modules/own-keys
6242 silly ADD node_modules/ospath
6243 silly ADD node_modules/optionator
6244 silly ADD node_modules/open
6245 silly ADD node_modules/onetime
6246 silly ADD node_modules/once
6247 silly ADD node_modules/on-headers
6248 silly ADD node_modules/on-finished
6249 silly ADD node_modules/obuf
6250 silly ADD node_modules/object.values
6251 silly ADD node_modules/object.groupby
6252 silly ADD node_modules/object.getownpropertydescriptors
6253 silly ADD node_modules/object.fromentries
6254 silly ADD node_modules/object.entries
6255 silly ADD node_modules/object.assign
6256 silly ADD node_modules/object-keys
6257 silly ADD node_modules/object-inspect
6258 silly ADD node_modules/object-hash
6259 silly ADD node_modules/object-assign
6260 silly ADD node_modules/nwsapi
6261 silly ADD node_modules/nth-check
6262 silly ADD node_modules/npm-run-path
6263 silly ADD node_modules/normalize.css
6264 silly ADD node_modules/normalize-url
6265 silly ADD node_modules/normalize-range
6266 silly ADD node_modules/normalize-path
6267 silly ADD node_modules/node-releases
6268 silly ADD node_modules/node-int64
6269 silly ADD node_modules/node-forge
6270 silly ADD node_modules/node-addon-api
6271 silly ADD node_modules/no-case
6272 silly ADD node_modules/neo-async
6273 silly ADD node_modules/negotiator
6274 silly ADD node_modules/natural-compare-lite
6275 silly ADD node_modules/natural-compare
6276 silly ADD node_modules/nanoid
6277 silly ADD node_modules/mz
6278 silly ADD node_modules/multicast-dns
6279 silly ADD node_modules/ms
6280 silly ADD node_modules/motion-utils
6281 silly ADD node_modules/motion-dom
6282 silly ADD node_modules/moment
6283 silly ADD node_modules/mkdirp
6284 silly ADD node_modules/minipass
6285 silly ADD node_modules/minimist
6286 silly ADD node_modules/minimatch
6287 silly ADD node_modules/minimalistic-assert
6288 silly ADD node_modules/mini-css-extract-plugin
6289 silly ADD node_modules/mimic-fn
6290 silly ADD node_modules/mime-types
6291 silly ADD node_modules/mime-db
6292 silly ADD node_modules/mime
6293 silly ADD node_modules/micromatch
6294 silly ADD node_modules/methods
6295 silly ADD node_modules/merge2
6296 silly ADD node_modules/merge-stream
6297 silly ADD node_modules/merge-descriptors
6298 silly ADD node_modules/memfs
6299 silly ADD node_modules/media-typer
6300 silly ADD node_modules/mdn-data
6301 silly ADD node_modules/math-intrinsics
6302 silly ADD node_modules/matchmediaquery
6303 silly ADD node_modules/makeerror
6304 silly ADD node_modules/make-dir
6305 silly ADD node_modules/make-dir/node_modules/semver
6306 silly ADD node_modules/magic-string
6307 silly ADD node_modules/lru-cache
6308 silly ADD node_modules/lower-case
6309 silly ADD node_modules/loose-envify
6310 silly ADD node_modules/long
6311 silly ADD node_modules/log-update
6312 silly ADD node_modules/log-update/node_modules/wrap-ansi
6313 silly ADD node_modules/log-update/node_modules/slice-ansi
6314 silly ADD node_modules/log-symbols
6315 silly ADD node_modules/lodash.uniq
6316 silly ADD node_modules/lodash.throttle
6317 silly ADD node_modules/lodash.sortby
6318 silly ADD node_modules/lodash.once
6319 silly ADD node_modules/lodash.merge
6320 silly ADD node_modules/lodash.memoize
6321 silly ADD node_modules/lodash.flow
6322 silly ADD node_modules/lodash.debounce
6323 silly ADD node_modules/lodash.camelcase
6324 silly ADD node_modules/lodash
6325 silly ADD node_modules/locate-path
6326 silly ADD node_modules/loader-utils
6327 silly ADD node_modules/loader-runner
6328 silly ADD node_modules/listr2
6329 silly ADD node_modules/lines-and-columns
6330 silly ADD node_modules/lilconfig
6331 silly ADD node_modules/levn
6332 silly ADD node_modules/leven
6333 silly ADD node_modules/lazy-ass
6334 silly ADD node_modules/launch-editor
6335 silly ADD node_modules/language-tags
6336 silly ADD node_modules/language-subtag-registry
6337 silly ADD node_modules/klona
6338 silly ADD node_modules/kleur
6339 silly ADD node_modules/kind-of
6340 silly ADD node_modules/keyv
6341 silly ADD node_modules/jsx-ast-utils
6342 silly ADD node_modules/jsprim
6343 silly ADD node_modules/jspdf
6344 silly ADD node_modules/jsonpointer
6345 silly ADD node_modules/jsonpath
6346 silly ADD node_modules/jsonpath/node_modules/esprima
6347 silly ADD node_modules/jsonfile
6348 silly ADD node_modules/json5
6349 silly ADD node_modules/json-stringify-safe
6350 silly ADD node_modules/json-stable-stringify-without-jsonify
6351 silly ADD node_modules/json-schema-traverse
6352 silly ADD node_modules/json-schema
6353 silly ADD node_modules/json-parse-even-better-errors
6354 silly ADD node_modules/json-buffer
6355 silly ADD node_modules/jsesc
6356 silly ADD node_modules/jsdom
6357 silly ADD node_modules/jsbn
6358 silly ADD node_modules/js-yaml
6359 silly ADD node_modules/js-tokens
6360 silly ADD node_modules/jiti
6361 silly ADD node_modules/jest-worker
6362 silly ADD node_modules/jest-worker/node_modules/supports-color
6363 silly ADD node_modules/jest-watcher
6364 silly ADD node_modules/jest-watch-typeahead
6365 silly ADD node_modules/jest-watch-typeahead/node_modules/strip-ansi
6366 silly ADD node_modules/jest-watch-typeahead/node_modules/strip-ansi/node_modules/ansi-regex
6367 silly ADD node_modules/jest-watch-typeahead/node_modules/string-length
6368 silly ADD node_modules/jest-watch-typeahead/node_modules/string-length/node_modules/char-regex
6369 silly ADD node_modules/jest-watch-typeahead/node_modules/slash
6370 silly ADD node_modules/jest-watch-typeahead/node_modules/react-is
6371 silly ADD node_modules/jest-watch-typeahead/node_modules/pretty-format
6372 silly ADD node_modules/jest-watch-typeahead/node_modules/jest-watcher
6373 silly ADD node_modules/jest-watch-typeahead/node_modules/jest-watcher/node_modules/strip-ansi
6374 silly ADD node_modules/jest-watch-typeahead/node_modules/jest-watcher/node_modules/string-length
6375 silly ADD node_modules/jest-watch-typeahead/node_modules/jest-util
6376 silly ADD node_modules/jest-watch-typeahead/node_modules/jest-regex-util
6377 silly ADD node_modules/jest-watch-typeahead/node_modules/jest-message-util
6378 silly ADD node_modules/jest-watch-typeahead/node_modules/jest-message-util/node_modules/slash
6379 silly ADD node_modules/jest-watch-typeahead/node_modules/emittery
6380 silly ADD node_modules/jest-watch-typeahead/node_modules/ansi-styles
6381 silly ADD node_modules/jest-watch-typeahead/node_modules/@types/yargs
6382 silly ADD node_modules/jest-watch-typeahead/node_modules/@jest/types
6383 silly ADD node_modules/jest-watch-typeahead/node_modules/@jest/test-result
6384 silly ADD node_modules/jest-watch-typeahead/node_modules/@jest/console
6385 silly ADD node_modules/jest-watch-typeahead/node_modules/@jest/console/node_modules/slash
6386 silly ADD node_modules/jest-validate
6387 silly ADD node_modules/jest-util
6388 silly ADD node_modules/jest-snapshot
6389 silly ADD node_modules/jest-snapshot/node_modules/semver
6390 silly ADD node_modules/jest-serializer
6391 silly ADD node_modules/jest-runtime
6392 silly ADD node_modules/jest-runtime/node_modules/minimatch
6393 silly ADD node_modules/jest-runtime/node_modules/glob
6394 silly ADD node_modules/jest-runtime/node_modules/brace-expansion
6395 silly ADD node_modules/jest-runner
6396 silly ADD node_modules/jest-resolve-dependencies
6397 silly ADD node_modules/jest-resolve
6398 silly ADD node_modules/jest-regex-util
6399 silly ADD node_modules/jest-pnp-resolver
6400 silly ADD node_modules/jest-mock
6401 silly ADD node_modules/jest-message-util
6402 silly ADD node_modules/jest-matcher-utils
6403 silly ADD node_modules/jest-leak-detector
6404 silly ADD node_modules/jest-jasmine2
6405 silly ADD node_modules/jest-haste-map
6406 silly ADD node_modules/jest-get-type
6407 silly ADD node_modules/jest-environment-node
6408 silly ADD node_modules/jest-environment-jsdom
6409 silly ADD node_modules/jest-each
6410 silly ADD node_modules/jest-docblock
6411 silly ADD node_modules/jest-diff
6412 silly ADD node_modules/jest-config
6413 silly ADD node_modules/jest-config/node_modules/minimatch
6414 silly ADD node_modules/jest-config/node_modules/glob
6415 silly ADD node_modules/jest-config/node_modules/brace-expansion
6416 silly ADD node_modules/jest-cli
6417 silly ADD node_modules/jest-circus
6418 silly ADD node_modules/jest-changed-files
6419 silly ADD node_modules/jest
6420 silly ADD node_modules/jake
6421 silly ADD node_modules/jake/node_modules/minimatch
6422 silly ADD node_modules/jake/node_modules/brace-expansion
6423 silly ADD node_modules/jackspeak
6424 silly ADD node_modules/iterator.prototype
6425 silly ADD node_modules/istanbul-reports
6426 silly ADD node_modules/istanbul-lib-source-maps
6427 silly ADD node_modules/istanbul-lib-source-maps/node_modules/source-map
6428 silly ADD node_modules/istanbul-lib-report
6429 silly ADD node_modules/istanbul-lib-report/node_modules/semver
6430 silly ADD node_modules/istanbul-lib-report/node_modules/make-dir
6431 silly ADD node_modules/istanbul-lib-instrument
6432 silly ADD node_modules/istanbul-lib-instrument/node_modules/semver
6433 silly ADD node_modules/istanbul-lib-coverage
6434 silly ADD node_modules/isstream
6435 silly ADD node_modules/isexe
6436 silly ADD node_modules/isarray
6437 silly ADD node_modules/is-wsl
6438 silly ADD node_modules/is-weakset
6439 silly ADD node_modules/is-weakref
6440 silly ADD node_modules/is-weakmap
6441 silly ADD node_modules/is-unicode-supported
6442 silly ADD node_modules/is-typedarray
6443 silly ADD node_modules/is-typed-array
6444 silly ADD node_modules/is-symbol
6445 silly ADD node_modules/is-string
6446 silly ADD node_modules/is-stream
6447 silly ADD node_modules/is-shared-array-buffer
6448 silly ADD node_modules/is-set
6449 silly ADD node_modules/is-root
6450 silly ADD node_modules/is-regexp
6451 silly ADD node_modules/is-regex
6452 silly ADD node_modules/is-potential-custom-element-name
6453 silly ADD node_modules/is-plain-obj
6454 silly ADD node_modules/is-path-inside
6455 silly ADD node_modules/is-obj
6456 silly ADD node_modules/is-number-object
6457 silly ADD node_modules/is-number
6458 silly ADD node_modules/is-module
6459 silly ADD node_modules/is-map
6460 silly ADD node_modules/is-installed-globally
6461 silly ADD node_modules/is-glob
6462 silly ADD node_modules/is-generator-function
6463 silly ADD node_modules/is-generator-fn
6464 silly ADD node_modules/is-fullwidth-code-point
6465 silly ADD node_modules/is-finalizationregistry
6466 silly ADD node_modules/is-extglob
6467 silly ADD node_modules/is-docker
6468 silly ADD node_modules/is-date-object
6469 silly ADD node_modules/is-data-view
6470 silly ADD node_modules/is-core-module
6471 silly ADD node_modules/is-callable
6472 silly ADD node_modules/is-boolean-object
6473 silly ADD node_modules/is-binary-path
6474 silly ADD node_modules/is-bigint
6475 silly ADD node_modules/is-async-function
6476 silly ADD node_modules/is-arrayish
6477 silly ADD node_modules/is-array-buffer
6478 silly ADD node_modules/ipaddr.js
6479 silly ADD node_modules/iobuffer
6480 silly ADD node_modules/internmap
6481 silly ADD node_modules/internal-slot
6482 silly ADD node_modules/ini
6483 silly ADD node_modules/inherits
6484 silly ADD node_modules/inflight
6485 silly ADD node_modules/indent-string
6486 silly ADD node_modules/imurmurhash
6487 silly ADD node_modules/import-local
6488 silly ADD node_modules/import-fresh
6489 silly ADD node_modules/import-fresh/node_modules/resolve-from
6490 silly ADD node_modules/immutable
6491 silly ADD node_modules/immer
6492 silly ADD node_modules/ignore
6493 silly ADD node_modules/ieee754
6494 silly ADD node_modules/identity-obj-proxy
6495 silly ADD node_modules/idb
6496 silly ADD node_modules/icss-utils
6497 silly ADD node_modules/iconv-lite
6498 silly ADD node_modules/hyphenate-style-name
6499 silly ADD node_modules/human-signals
6500 silly ADD node_modules/https-proxy-agent
6501 silly ADD node_modules/http-signature
6502 silly ADD node_modules/http-proxy-middleware
6503 silly ADD node_modules/http-proxy-agent
6504 silly ADD node_modules/http-proxy
6505 silly ADD node_modules/http-parser-js
6506 silly ADD node_modules/http-errors
6507 silly ADD node_modules/http-deceiver
6508 silly ADD node_modules/htmlparser2
6509 silly ADD node_modules/html2canvas
6510 silly ADD node_modules/html-webpack-plugin
6511 silly ADD node_modules/html-minifier-terser
6512 silly ADD node_modules/html-escaper
6513 silly ADD node_modules/html-entities
6514 silly ADD node_modules/html-encoding-sniffer
6515 silly ADD node_modules/hpack.js
6516 silly ADD node_modules/hpack.js/node_modules/string_decoder
6517 silly ADD node_modules/hpack.js/node_modules/safe-buffer
6518 silly ADD node_modules/hpack.js/node_modules/readable-stream
6519 silly ADD node_modules/hpack.js/node_modules/isarray
6520 silly ADD node_modules/hoopy
6521 silly ADD node_modules/hoist-non-react-statics
6522 silly ADD node_modules/he
6523 silly ADD node_modules/hasown
6524 silly ADD node_modules/has-tostringtag
6525 silly ADD node_modules/has-symbols
6526 silly ADD node_modules/has-proto
6527 silly ADD node_modules/has-property-descriptors
6528 silly ADD node_modules/has-flag
6529 silly ADD node_modules/has-bigints
6530 silly ADD node_modules/harmony-reflect
6531 silly ADD node_modules/handle-thing
6532 silly ADD node_modules/gzip-size
6533 silly ADD node_modules/graphemer
6534 silly ADD node_modules/graceful-fs
6535 silly ADD node_modules/gopd
6536 silly ADD node_modules/globby
6537 silly ADD node_modules/globalthis
6538 silly ADD node_modules/globals
6539 silly ADD node_modules/global-prefix
6540 silly ADD node_modules/global-prefix/node_modules/which
6541 silly ADD node_modules/global-modules
6542 silly ADD node_modules/global-dirs
6543 silly ADD node_modules/global-dirs/node_modules/ini
6544 silly ADD node_modules/glob-to-regexp
6545 silly ADD node_modules/glob-parent
6546 silly ADD node_modules/glob
6547 silly ADD node_modules/getpass
6548 silly ADD node_modules/getos
6549 silly ADD node_modules/get-symbol-description
6550 silly ADD node_modules/get-stream
6551 silly ADD node_modules/get-proto
6552 silly ADD node_modules/get-package-type
6553 silly ADD node_modules/get-own-enumerable-property-symbols
6554 silly ADD node_modules/get-intrinsic
6555 silly ADD node_modules/get-caller-file
6556 silly ADD node_modules/gensync
6557 silly ADD node_modules/functions-have-names
6558 silly ADD node_modules/function.prototype.name
6559 silly ADD node_modules/function-bind
6560 silly ADD
6561 silly ADD node_modules/fs.realpath
6562 silly ADD node_modules/fs-monkey
6563 silly ADD node_modules/fs-extra
6564 silly ADD node_modules/fresh
6565 silly ADD node_modules/framer-motion
6566 silly ADD node_modules/fraction.js
6567 silly ADD node_modules/forwarded
6568 silly ADD node_modules/form-data
6569 silly ADD node_modules/fork-ts-checker-webpack-plugin
6570 silly ADD node_modules/fork-ts-checker-webpack-plugin/node_modules/tapable
6571 silly ADD node_modules/fork-ts-checker-webpack-plugin/node_modules/semver
6572 silly ADD node_modules/fork-ts-checker-webpack-plugin/node_modules/schema-utils
6573 silly ADD node_modules/fork-ts-checker-webpack-plugin/node_modules/minimatch
6574 silly ADD node_modules/fork-ts-checker-webpack-plugin/node_modules/glob
6575 silly ADD node_modules/fork-ts-checker-webpack-plugin/node_modules/fs-extra
6576 silly ADD node_modules/fork-ts-checker-webpack-plugin/node_modules/cosmiconfig
6577 silly ADD node_modules/fork-ts-checker-webpack-plugin/node_modules/brace-expansion
6578 silly ADD node_modules/forever-agent
6579 silly ADD node_modules/foreground-child
6580 silly ADD node_modules/foreground-child/node_modules/signal-exit
6581 silly ADD node_modules/for-each
6582 silly ADD node_modules/follow-redirects
6583 silly ADD node_modules/flatted
6584 silly ADD node_modules/flat-cache
6585 silly ADD node_modules/firebase
6586 silly ADD node_modules/find-up
6587 silly ADD node_modules/find-root
6588 silly ADD node_modules/find-cache-dir
6589 silly ADD node_modules/find-babel-config
6590 silly ADD node_modules/finalhandler
6591 silly ADD node_modules/finalhandler/node_modules/ms
6592 silly ADD node_modules/finalhandler/node_modules/debug
6593 silly ADD node_modules/fill-range
6594 silly ADD node_modules/filesize
6595 silly ADD node_modules/filelist
6596 silly ADD node_modules/filelist/node_modules/minimatch
6597 silly ADD node_modules/file-loader
6598 silly ADD node_modules/file-loader/node_modules/schema-utils
6599 silly ADD node_modules/file-entry-cache
6600 silly ADD node_modules/figures
6601 silly ADD node_modules/figures/node_modules/escape-string-regexp
6602 silly ADD node_modules/fflate
6603 silly ADD node_modules/fd-slicer
6604 silly ADD node_modules/fb-watchman
6605 silly ADD node_modules/faye-websocket
6606 silly ADD node_modules/fastq
6607 silly ADD node_modules/fast-uri
6608 silly ADD node_modules/fast-png
6609 silly ADD node_modules/fast-levenshtein
6610 silly ADD node_modules/fast-json-stable-stringify
6611 silly ADD node_modules/fast-glob
6612 silly ADD node_modules/fast-glob/node_modules/glob-parent
6613 silly ADD node_modules/fast-equals
6614 silly ADD node_modules/fast-deep-equal
6615 silly ADD node_modules/extsprintf
6616 silly ADD node_modules/extract-zip
6617 silly ADD node_modules/extract-zip/node_modules/get-stream
6618 silly ADD node_modules/extend
6619 silly ADD node_modules/express
6620 silly ADD node_modules/express/node_modules/ms
6621 silly ADD node_modules/express/node_modules/debug
6622 silly ADD node_modules/express/node_modules/cookie
6623 silly ADD node_modules/expect
6624 silly ADD node_modules/exit
6625 silly ADD node_modules/executable
6626 silly ADD node_modules/execa
6627 silly ADD node_modules/events
6628 silly ADD node_modules/eventemitter3
6629 silly ADD node_modules/eventemitter2
6630 silly ADD node_modules/etag
6631 silly ADD node_modules/esutils
6632 silly ADD node_modules/estree-walker
6633 silly ADD node_modules/estraverse
6634 silly ADD node_modules/esrecurse
6635 silly ADD node_modules/esquery
6636 silly ADD node_modules/esprima
6637 silly ADD node_modules/espree
6638 silly ADD node_modules/eslint-webpack-plugin
6639 silly ADD node_modules/eslint-webpack-plugin/node_modules/supports-color
6640 silly ADD node_modules/eslint-webpack-plugin/node_modules/jest-worker
6641 silly ADD node_modules/eslint-visitor-keys
6642 silly ADD node_modules/eslint-scope
6643 silly ADD node_modules/eslint-plugin-testing-library
6644 silly ADD node_modules/eslint-plugin-react-hooks
6645 silly ADD node_modules/eslint-plugin-react
6646 silly ADD node_modules/eslint-plugin-react/node_modules/semver
6647 silly ADD node_modules/eslint-plugin-react/node_modules/resolve
6648 silly ADD node_modules/eslint-plugin-react/node_modules/minimatch
6649 silly ADD node_modules/eslint-plugin-react/node_modules/doctrine
6650 silly ADD node_modules/eslint-plugin-react/node_modules/brace-expansion
6651 silly ADD node_modules/eslint-plugin-jsx-a11y
6652 silly ADD node_modules/eslint-plugin-jsx-a11y/node_modules/minimatch
6653 silly ADD node_modules/eslint-plugin-jsx-a11y/node_modules/brace-expansion
6654 silly ADD node_modules/eslint-plugin-jest
6655 silly ADD node_modules/eslint-plugin-import
6656 silly ADD node_modules/eslint-plugin-import/node_modules/semver
6657 silly ADD node_modules/eslint-plugin-import/node_modules/minimatch
6658 silly ADD node_modules/eslint-plugin-import/node_modules/doctrine
6659 silly ADD node_modules/eslint-plugin-import/node_modules/debug
6660 silly ADD node_modules/eslint-plugin-import/node_modules/brace-expansion
6661 silly ADD node_modules/eslint-plugin-flowtype
6662 silly ADD node_modules/eslint-module-utils
6663 silly ADD node_modules/eslint-module-utils/node_modules/debug
6664 silly ADD node_modules/eslint-import-resolver-node
6665 silly ADD node_modules/eslint-import-resolver-node/node_modules/debug
6666 silly ADD node_modules/eslint-config-react-app
6667 silly ADD node_modules/eslint
6668 silly ADD node_modules/eslint/node_modules/type-fest
6669 silly ADD node_modules/eslint/node_modules/path-exists
6670 silly ADD node_modules/eslint/node_modules/p-locate
6671 silly ADD node_modules/eslint/node_modules/p-limit
6672 silly ADD node_modules/eslint/node_modules/minimatch
6673 silly ADD node_modules/eslint/node_modules/locate-path
6674 silly ADD node_modules/eslint/node_modules/js-yaml
6675 silly ADD node_modules/eslint/node_modules/globals
6676 silly ADD node_modules/eslint/node_modules/find-up
6677 silly ADD node_modules/eslint/node_modules/brace-expansion
6678 silly ADD node_modules/eslint/node_modules/argparse
6679 silly ADD node_modules/escodegen
6680 silly ADD node_modules/escodegen/node_modules/source-map
6681 silly ADD node_modules/escape-string-regexp
6682 silly ADD node_modules/escape-html
6683 silly ADD node_modules/escalade
6684 silly ADD node_modules/es-to-primitive
6685 silly ADD node_modules/es-shim-unscopables
6686 silly ADD node_modules/es-set-tostringtag
6687 silly ADD node_modules/es-object-atoms
6688 silly ADD node_modules/es-module-lexer
6689 silly ADD node_modules/es-iterator-helpers
6690 silly ADD node_modules/es-errors
6691 silly ADD node_modules/es-define-property
6692 silly ADD node_modules/es-array-method-boxes-properly
6693 silly ADD node_modules/es-abstract
6694 silly ADD node_modules/error-stack-parser
6695 silly ADD node_modules/error-ex
6696 silly ADD node_modules/entities
6697 silly ADD node_modules/enquirer
6698 silly ADD node_modules/enhanced-resolve
6699 silly ADD node_modules/end-of-stream
6700 silly ADD node_modules/encodeurl
6701 silly ADD node_modules/emojis-list
6702 silly ADD node_modules/emoji-regex
6703 silly ADD node_modules/emittery
6704 silly ADD node_modules/electron-to-chromium
6705 silly ADD node_modules/ejs
6706 silly ADD node_modules/ee-first
6707 silly ADD node_modules/ecc-jsbn
6708 silly ADD node_modules/eastasianwidth
6709 silly ADD node_modules/duplexer
6710 silly ADD node_modules/dunder-proto
6711 silly ADD node_modules/dotenv-expand
6712 silly ADD node_modules/dotenv
6713 silly ADD node_modules/dot-case
6714 silly ADD node_modules/domutils
6715 silly ADD node_modules/dompurify
6716 silly ADD node_modules/domhandler
6717 silly ADD node_modules/domexception
6718 silly ADD node_modules/domexception/node_modules/webidl-conversions
6719 silly ADD node_modules/domelementtype
6720 silly ADD node_modules/dom-serializer
6721 silly ADD node_modules/dom-helpers
6722 silly ADD node_modules/dom-converter
6723 silly ADD node_modules/doctrine
6724 silly ADD node_modules/dns-packet
6725 silly ADD node_modules/dlv
6726 silly ADD node_modules/dir-glob
6727 silly ADD node_modules/diff-sequences
6728 silly ADD node_modules/didyoumean
6729 silly ADD node_modules/detect-port-alt
6730 silly ADD node_modules/detect-port-alt/node_modules/ms
6731 silly ADD node_modules/detect-port-alt/node_modules/debug
6732 silly ADD node_modules/detect-node
6733 silly ADD node_modules/detect-newline
6734 silly ADD node_modules/detect-libc
6735 silly ADD node_modules/destroy
6736 silly ADD node_modules/depd
6737 silly ADD node_modules/delayed-stream
6738 silly ADD node_modules/define-properties
6739 silly ADD node_modules/define-lazy-prop
6740 silly ADD node_modules/define-data-property
6741 silly ADD node_modules/default-gateway
6742 silly ADD node_modules/deepmerge
6743 silly ADD node_modules/deep-is
6744 silly ADD node_modules/dedent
6745 silly ADD node_modules/decimal.js-light
6746 silly ADD node_modules/decimal.js
6747 silly ADD node_modules/debug
6748 silly ADD node_modules/dayjs
6749 silly ADD node_modules/date-fns
6750 silly ADD node_modules/data-view-byte-offset
6751 silly ADD node_modules/data-view-byte-length
6752 silly ADD node_modules/data-view-buffer
6753 silly ADD node_modules/data-urls
6754 silly ADD node_modules/dashdash
6755 silly ADD node_modules/damerau-levenshtein
6756 silly ADD node_modules/d3-timer
6757 silly ADD node_modules/d3-time-format
6758 silly ADD node_modules/d3-time
6759 silly ADD node_modules/d3-shape
6760 silly ADD node_modules/d3-scale
6761 silly ADD node_modules/d3-path
6762 silly ADD node_modules/d3-interpolate
6763 silly ADD node_modules/d3-format
6764 silly ADD node_modules/d3-ease
6765 silly ADD node_modules/d3-color
6766 silly ADD node_modules/d3-array
6767 silly ADD node_modules/cypress
6768 silly ADD node_modules/cypress/node_modules/supports-color
6769 silly ADD node_modules/cypress/node_modules/semver
6770 silly ADD node_modules/cypress/node_modules/proxy-from-env
6771 silly ADD node_modules/cypress/node_modules/human-signals
6772 silly ADD node_modules/cypress/node_modules/get-stream
6773 silly ADD node_modules/cypress/node_modules/fs-extra
6774 silly ADD node_modules/cypress/node_modules/execa
6775 silly ADD node_modules/cypress/node_modules/commander
6776 silly ADD node_modules/cypress/node_modules/ci-info
6777 silly ADD node_modules/customize-cra
6778 silly ADD node_modules/csstype
6779 silly ADD node_modules/cssstyle
6780 silly ADD node_modules/cssstyle/node_modules/cssom
6781 silly ADD node_modules/cssom
6782 silly ADD node_modules/csso
6783 silly ADD node_modules/csso/node_modules/source-map
6784 silly ADD node_modules/csso/node_modules/mdn-data
6785 silly ADD node_modules/csso/node_modules/css-tree
6786 silly ADD node_modules/cssnano-utils
6787 silly ADD node_modules/cssnano-preset-default
6788 silly ADD node_modules/cssnano
6789 silly ADD node_modules/cssesc
6790 silly ADD node_modules/cssdb
6791 silly ADD node_modules/css-what
6792 silly ADD node_modules/css-tree
6793 silly ADD node_modules/css-tree/node_modules/source-map
6794 silly ADD node_modules/css-select-base-adapter
6795 silly ADD node_modules/css-select
6796 silly ADD node_modules/css-prefers-color-scheme
6797 silly ADD node_modules/css-minimizer-webpack-plugin
6798 silly ADD node_modules/css-minimizer-webpack-plugin/node_modules/source-map
6799 silly ADD node_modules/css-mediaquery
6800 silly ADD node_modules/css-loader
6801 silly ADD node_modules/css-loader/node_modules/semver
6802 silly ADD node_modules/css-line-break
6803 silly ADD node_modules/css-has-pseudo
6804 silly ADD node_modules/css-declaration-sorter
6805 silly ADD node_modules/css-blank-pseudo
6806 silly ADD node_modules/crypto-random-string
6807 silly ADD node_modules/cross-spawn
6808 silly ADD node_modules/cra-template
6809 silly ADD node_modules/cosmiconfig
6810 silly ADD node_modules/core-util-is
6811 silly ADD node_modules/core-js-pure
6812 silly ADD node_modules/core-js-compat
6813 silly ADD node_modules/core-js
6814 silly ADD node_modules/cookie-signature
6815 silly ADD node_modules/cookie
6816 silly ADD node_modules/convert-source-map
6817 silly ADD node_modules/content-type
6818 silly ADD node_modules/content-disposition
6819 silly ADD node_modules/connect-history-api-fallback
6820 silly ADD node_modules/confusing-browser-globals
6821 silly ADD node_modules/concat-map
6822 silly ADD node_modules/compression
6823 silly ADD node_modules/compression/node_modules/ms
6824 silly ADD node_modules/compression/node_modules/debug
6825 silly ADD node_modules/compressible
6826 silly ADD node_modules/commondir
6827 silly ADD node_modules/common-tags
6828 silly ADD node_modules/commander
6829 silly ADD node_modules/combined-stream
6830 silly ADD node_modules/colors
6831 silly ADD node_modules/colorette
6832 silly ADD node_modules/colord
6833 silly ADD node_modules/color-name
6834 silly ADD node_modules/color-convert
6835 silly ADD node_modules/collect-v8-coverage
6836 silly ADD node_modules/coa
6837 silly ADD node_modules/coa/node_modules/supports-color
6838 silly ADD node_modules/coa/node_modules/has-flag
6839 silly ADD node_modules/coa/node_modules/escape-string-regexp
6840 silly ADD node_modules/coa/node_modules/color-name
6841 silly ADD node_modules/coa/node_modules/color-convert
6842 silly ADD node_modules/coa/node_modules/chalk
6843 silly ADD node_modules/coa/node_modules/ansi-styles
6844 silly ADD node_modules/co
6845 silly ADD node_modules/clsx
6846 silly ADD node_modules/cliui
6847 silly ADD node_modules/cli-truncate
6848 silly ADD node_modules/cli-table3
6849 silly ADD node_modules/cli-cursor
6850 silly ADD node_modules/clean-stack
6851 silly ADD node_modules/clean-css
6852 silly ADD node_modules/clean-css/node_modules/source-map
6853 silly ADD node_modules/classnames
6854 silly ADD node_modules/classname
6855 silly ADD node_modules/classlist-polyfill
6856 silly ADD node_modules/cjs-module-lexer
6857 silly ADD node_modules/ci-info
6858 silly ADD node_modules/chrome-trace-event
6859 silly ADD node_modules/chokidar
6860 silly ADD node_modules/chokidar/node_modules/glob-parent
6861 silly ADD node_modules/check-types
6862 silly ADD node_modules/check-more-types
6863 silly ADD node_modules/char-regex
6864 silly ADD node_modules/chalk
6865 silly ADD node_modules/caseless
6866 silly ADD node_modules/case-sensitive-paths-webpack-plugin
6867 silly ADD node_modules/canvg
6868 silly ADD node_modules/caniuse-lite
6869 silly ADD node_modules/caniuse-api
6870 silly ADD node_modules/camelcase-css
6871 silly ADD node_modules/camelcase
6872 silly ADD node_modules/camel-case
6873 silly ADD node_modules/callsites
6874 silly ADD node_modules/call-bound
6875 silly ADD node_modules/call-bind-apply-helpers
6876 silly ADD node_modules/call-bind
6877 silly ADD node_modules/cachedir
6878 silly ADD node_modules/bytes
6879 silly ADD node_modules/builtin-modules
6880 silly ADD node_modules/buffer-from
6881 silly ADD node_modules/buffer-crc32
6882 silly ADD node_modules/buffer
6883 silly ADD node_modules/bser
6884 silly ADD node_modules/browserslist
6885 silly ADD node_modules/browser-process-hrtime
6886 silly ADD node_modules/braces
6887 silly ADD node_modules/brace-expansion
6888 silly ADD node_modules/boolbase
6889 silly ADD node_modules/bonjour-service
6890 silly ADD node_modules/body-parser
6891 silly ADD node_modules/body-parser/node_modules/ms
6892 silly ADD node_modules/body-parser/node_modules/iconv-lite
6893 silly ADD node_modules/body-parser/node_modules/debug
6894 silly ADD node_modules/bluebird
6895 silly ADD node_modules/blob-util
6896 silly ADD node_modules/binary-extensions
6897 silly ADD node_modules/big.js
6898 silly ADD node_modules/bfj
6899 silly ADD node_modules/bcrypt-pbkdf
6900 silly ADD node_modules/batch
6901 silly ADD node_modules/base64-js
6902 silly ADD node_modules/base64-arraybuffer
6903 silly ADD node_modules/balanced-match
6904 silly ADD node_modules/babel-preset-react-app
6905 silly ADD node_modules/babel-preset-react-app/node_modules/@babel/plugin-proposal-private-property-in-object
6906 silly ADD node_modules/babel-preset-jest
6907 silly ADD node_modules/babel-preset-current-node-syntax
6908 silly ADD node_modules/babel-plugin-transform-react-remove-prop-types
6909 silly ADD node_modules/babel-plugin-polyfill-regenerator
6910 silly ADD node_modules/babel-plugin-polyfill-corejs3
6911 silly ADD node_modules/babel-plugin-polyfill-corejs2
6912 silly ADD node_modules/babel-plugin-polyfill-corejs2/node_modules/semver
6913 silly ADD node_modules/babel-plugin-named-asset-import
6914 silly ADD node_modules/babel-plugin-module-resolver
6915 silly ADD node_modules/babel-plugin-macros
6916 silly ADD node_modules/babel-plugin-jest-hoist
6917 silly ADD node_modules/babel-plugin-istanbul
6918 silly ADD node_modules/babel-loader
6919 silly ADD node_modules/babel-loader/node_modules/schema-utils
6920 silly ADD node_modules/babel-jest
6921 silly ADD node_modules/axobject-query
6922 silly ADD node_modules/axios
6923 silly ADD node_modules/axios/node_modules/form-data
6924 silly ADD node_modules/axe-core
6925 silly ADD node_modules/aws4
6926 silly ADD node_modules/aws-sign2
6927 silly ADD node_modules/available-typed-arrays
6928 silly ADD node_modules/autoprefixer
6929 silly ADD node_modules/at-least-node
6930 silly ADD node_modules/asynckit
6931 silly ADD node_modules/async-function
6932 silly ADD node_modules/async
6933 silly ADD node_modules/astral-regex
6934 silly ADD node_modules/ast-types-flow
6935 silly ADD node_modules/assert-plus
6936 silly ADD node_modules/asn1
6937 silly ADD node_modules/asap
6938 silly ADD node_modules/arraybuffer.prototype.slice
6939 silly ADD node_modules/array.prototype.tosorted
6940 silly ADD node_modules/array.prototype.reduce
6941 silly ADD node_modules/array.prototype.flatmap
6942 silly ADD node_modules/array.prototype.flat
6943 silly ADD node_modules/array.prototype.findlastindex
6944 silly ADD node_modules/array.prototype.findlast
6945 silly ADD node_modules/array-union
6946 silly ADD node_modules/array-includes
6947 silly ADD node_modules/array-flatten
6948 silly ADD node_modules/array-buffer-byte-length
6949 silly ADD node_modules/aria-query
6950 silly ADD node_modules/argparse
6951 silly ADD node_modules/arg
6952 silly ADD node_modules/arch
6953 silly ADD node_modules/aos
6954 silly ADD node_modules/anymatch
6955 silly ADD node_modules/any-promise
6956 silly ADD node_modules/ansi-styles
6957 silly ADD node_modules/ansi-regex
6958 silly ADD node_modules/ansi-html-community
6959 silly ADD node_modules/ansi-html
6960 silly ADD node_modules/ansi-escapes
6961 silly ADD node_modules/ansi-colors
6962 silly ADD node_modules/ajv-keywords
6963 silly ADD node_modules/ajv-formats
6964 silly ADD node_modules/ajv-formats/node_modules/json-schema-traverse
6965 silly ADD node_modules/ajv-formats/node_modules/ajv
6966 silly ADD node_modules/ajv
6967 silly ADD node_modules/aggregate-error
6968 silly ADD node_modules/agent-base
6969 silly ADD node_modules/adjust-sourcemap-loader
6970 silly ADD node_modules/address
6971 silly ADD node_modules/add
6972 silly ADD node_modules/acorn-walk
6973 silly ADD node_modules/acorn-jsx
6974 silly ADD node_modules/acorn-globals
6975 silly ADD node_modules/acorn-globals/node_modules/acorn
6976 silly ADD node_modules/acorn
6977 silly ADD node_modules/accepts
6978 silly ADD node_modules/accepts/node_modules/negotiator
6979 silly ADD node_modules/abab
6980 silly ADD node_modules/@xtuc/long
6981 silly ADD node_modules/@xtuc/ieee754
6982 silly ADD node_modules/@webassemblyjs/wast-printer
6983 silly ADD node_modules/@webassemblyjs/wasm-parser
6984 silly ADD node_modules/@webassemblyjs/wasm-opt
6985 silly ADD node_modules/@webassemblyjs/wasm-gen
6986 silly ADD node_modules/@webassemblyjs/wasm-edit
6987 silly ADD node_modules/@webassemblyjs/utf8
6988 silly ADD node_modules/@webassemblyjs/leb128
6989 silly ADD node_modules/@webassemblyjs/ieee754
6990 silly ADD node_modules/@webassemblyjs/helper-wasm-section
6991 silly ADD node_modules/@webassemblyjs/helper-wasm-bytecode
6992 silly ADD node_modules/@webassemblyjs/helper-numbers
6993 silly ADD node_modules/@webassemblyjs/helper-buffer
6994 silly ADD node_modules/@webassemblyjs/helper-api-error
6995 silly ADD node_modules/@webassemblyjs/floating-point-hex-parser
6996 silly ADD node_modules/@webassemblyjs/ast
6997 silly ADD node_modules/@ungap/structured-clone
6998 silly ADD node_modules/@typescript-eslint/visitor-keys
6999 silly ADD node_modules/@typescript-eslint/utils
7000 silly ADD node_modules/@typescript-eslint/utils/node_modules/semver
7001 silly ADD node_modules/@typescript-eslint/utils/node_modules/estraverse
7002 silly ADD node_modules/@typescript-eslint/utils/node_modules/eslint-scope
7003 silly ADD node_modules/@typescript-eslint/typescript-estree
7004 silly ADD node_modules/@typescript-eslint/typescript-estree/node_modules/semver
7005 silly ADD node_modules/@typescript-eslint/types
7006 silly ADD node_modules/@typescript-eslint/type-utils
7007 silly ADD node_modules/@typescript-eslint/scope-manager
7008 silly ADD node_modules/@typescript-eslint/parser
7009 silly ADD node_modules/@typescript-eslint/experimental-utils
7010 silly ADD node_modules/@typescript-eslint/eslint-plugin
7011 silly ADD node_modules/@typescript-eslint/eslint-plugin/node_modules/semver
7012 silly ADD node_modules/@types/yauzl
7013 silly ADD node_modules/@types/yargs-parser
7014 silly ADD node_modules/@types/yargs
7015 silly ADD node_modules/@types/ws
7016 silly ADD node_modules/@types/trusted-types
7017 silly ADD node_modules/@types/stack-utils
7018 silly ADD node_modules/@types/sockjs
7019 silly ADD node_modules/@types/sizzle
7020 silly ADD node_modules/@types/sinonjs__fake-timers
7021 silly ADD node_modules/@types/serve-static
7022 silly ADD node_modules/@types/serve-index
7023 silly ADD node_modules/@types/send
7024 silly ADD node_modules/@types/semver
7025 silly ADD node_modules/@types/retry
7026 silly ADD node_modules/@types/resolve
7027 silly ADD node_modules/@types/react-transition-group
7028 silly ADD node_modules/@types/react
7029 silly ADD node_modules/@types/range-parser
7030 silly ADD node_modules/@types/raf
7031 silly ADD node_modules/@types/qs
7032 silly ADD node_modules/@types/q
7033 silly ADD node_modules/@types/prop-types
7034 silly ADD node_modules/@types/prettier
7035 silly ADD node_modules/@types/parse-json
7036 silly ADD node_modules/@types/pako
7037 silly ADD node_modules/@types/node-forge
7038 silly ADD node_modules/@types/node
7039 silly ADD node_modules/@types/mime
7040 silly ADD node_modules/@types/json5
7041 silly ADD node_modules/@types/json-schema
7042 silly ADD node_modules/@types/istanbul-reports
7043 silly ADD node_modules/@types/istanbul-lib-report
7044 silly ADD node_modules/@types/istanbul-lib-coverage
7045 silly ADD node_modules/@types/http-proxy
7046 silly ADD node_modules/@types/http-errors
7047 silly ADD node_modules/@types/html-minifier-terser
7048 silly ADD node_modules/@types/graceful-fs
7049 silly ADD node_modules/@types/express-serve-static-core
7050 silly ADD node_modules/@types/express
7051 silly ADD node_modules/@types/express/node_modules/@types/express-serve-static-core
7052 silly ADD node_modules/@types/estree
7053 silly ADD node_modules/@types/eslint-scope
7054 silly ADD node_modules/@types/eslint
7055 silly ADD node_modules/@types/d3-timer
7056 silly ADD node_modules/@types/d3-time
7057 silly ADD node_modules/@types/d3-shape
7058 silly ADD node_modules/@types/d3-scale
7059 silly ADD node_modules/@types/d3-path
7060 silly ADD node_modules/@types/d3-interpolate
7061 silly ADD node_modules/@types/d3-ease
7062 silly ADD node_modules/@types/d3-color
7063 silly ADD node_modules/@types/d3-array
7064 silly ADD node_modules/@types/cookie
7065 silly ADD node_modules/@types/connect-history-api-fallback
7066 silly ADD node_modules/@types/connect
7067 silly ADD node_modules/@types/bonjour
7068 silly ADD node_modules/@types/body-parser
7069 silly ADD node_modules/@types/babel__traverse
7070 silly ADD node_modules/@types/babel__template
7071 silly ADD node_modules/@types/babel__generator
7072 silly ADD node_modules/@types/babel__core
7073 silly ADD node_modules/@trysound/sax
7074 silly ADD node_modules/@tootallnate/once
7075 silly ADD node_modules/@tippyjs/react
7076 silly ADD node_modules/@svgr/webpack
7077 silly ADD node_modules/@svgr/plugin-svgo
7078 silly ADD node_modules/@svgr/plugin-jsx
7079 silly ADD node_modules/@svgr/hast-util-to-babel-ast
7080 silly ADD node_modules/@svgr/core
7081 silly ADD node_modules/@svgr/babel-preset
7082 silly ADD node_modules/@svgr/babel-plugin-transform-svg-component
7083 silly ADD node_modules/@svgr/babel-plugin-transform-react-native-svg
7084 silly ADD node_modules/@svgr/babel-plugin-svg-em-dimensions
7085 silly ADD node_modules/@svgr/babel-plugin-svg-dynamic-title
7086 silly ADD node_modules/@svgr/babel-plugin-replace-jsx-attribute-value
7087 silly ADD node_modules/@svgr/babel-plugin-remove-jsx-empty-expression
7088 silly ADD node_modules/@svgr/babel-plugin-remove-jsx-attribute
7089 silly ADD node_modules/@svgr/babel-plugin-add-jsx-attribute
7090 silly ADD node_modules/@surma/rollup-plugin-off-main-thread
7091 silly ADD node_modules/@sinonjs/fake-timers
7092 silly ADD node_modules/@sinonjs/commons
7093 silly ADD node_modules/@sinclair/typebox
7094 silly ADD node_modules/@rushstack/eslint-patch
7095 silly ADD node_modules/@rtsao/scc
7096 silly ADD node_modules/@rollup/pluginutils
7097 silly ADD node_modules/@rollup/pluginutils/node_modules/@types/estree
7098 silly ADD node_modules/@rollup/plugin-replace
7099 silly ADD node_modules/@rollup/plugin-node-resolve
7100 silly ADD node_modules/@rollup/plugin-babel
7101 silly ADD node_modules/@protobufjs/utf8
7102 silly ADD node_modules/@protobufjs/pool
7103 silly ADD node_modules/@protobufjs/path
7104 silly ADD node_modules/@protobufjs/inquire
7105 silly ADD node_modules/@protobufjs/float
7106 silly ADD node_modules/@protobufjs/fetch
7107 silly ADD node_modules/@protobufjs/eventemitter
7108 silly ADD node_modules/@protobufjs/codegen
7109 silly ADD node_modules/@protobufjs/base64
7110 silly ADD node_modules/@protobufjs/aspromise
7111 silly ADD node_modules/@popperjs/core
7112 silly ADD node_modules/@pmmmwh/react-refresh-webpack-plugin
7113 silly ADD node_modules/@pkgjs/parseargs
7114 silly ADD node_modules/@parcel/watcher-win32-x64
7115 silly ADD
7116 silly ADD
7117 silly ADD
7118 silly ADD
7119 silly ADD
7120 silly ADD
7121 silly ADD
7122 silly ADD
7123 silly ADD
7124 silly ADD
7125 silly ADD
7126 silly ADD
7127 silly ADD node_modules/@parcel/watcher
7128 silly ADD node_modules/@nodelib/fs.walk
7129 silly ADD node_modules/@nodelib/fs.stat
7130 silly ADD node_modules/@nodelib/fs.scandir
7131 silly ADD node_modules/@nicolo-ribaudo/eslint-scope-5-internals
7132 silly ADD node_modules/@nicolo-ribaudo/eslint-scope-5-internals/node_modules/estraverse
7133 silly ADD node_modules/@nicolo-ribaudo/eslint-scope-5-internals/node_modules/eslint-scope
7134 silly ADD node_modules/@mui/x-internals
7135 silly ADD node_modules/@mui/x-date-pickers
7136 silly ADD node_modules/@mui/utils
7137 silly ADD node_modules/@mui/utils/node_modules/react-is
7138 silly ADD node_modules/@mui/types
7139 silly ADD node_modules/@mui/system
7140 silly ADD node_modules/@mui/styled-engine
7141 silly ADD node_modules/@mui/private-theming
7142 silly ADD node_modules/@mui/material
7143 silly ADD node_modules/@mui/material/node_modules/react-is
7144 silly ADD node_modules/@mui/core-downloads-tracker
7145 silly ADD node_modules/@leichtgewicht/ip-codec
7146 silly ADD node_modules/@jridgewell/trace-mapping
7147 silly ADD node_modules/@jridgewell/sourcemap-codec
7148 silly ADD node_modules/@jridgewell/source-map
7149 silly ADD node_modules/@jridgewell/set-array
7150 silly ADD node_modules/@jridgewell/resolve-uri
7151 silly ADD node_modules/@jridgewell/gen-mapping
7152 silly ADD node_modules/@jest/types
7153 silly ADD node_modules/@jest/transform
7154 silly ADD node_modules/@jest/transform/node_modules/source-map
7155 silly ADD node_modules/@jest/transform/node_modules/convert-source-map
7156 silly ADD node_modules/@jest/test-sequencer
7157 silly ADD node_modules/@jest/test-result
7158 silly ADD node_modules/@jest/source-map
7159 silly ADD node_modules/@jest/source-map/node_modules/source-map
7160 silly ADD node_modules/@jest/schemas
7161 silly ADD node_modules/@jest/reporters
7162 silly ADD node_modules/@jest/reporters/node_modules/source-map
7163 silly ADD node_modules/@jest/reporters/node_modules/minimatch
7164 silly ADD node_modules/@jest/reporters/node_modules/glob
7165 silly ADD node_modules/@jest/reporters/node_modules/brace-expansion
7166 silly ADD node_modules/@jest/globals
7167 silly ADD node_modules/@jest/fake-timers
7168 silly ADD node_modules/@jest/environment
7169 silly ADD node_modules/@jest/core
7170 silly ADD node_modules/@jest/console
7171 silly ADD node_modules/@istanbuljs/schema
7172 silly ADD node_modules/@istanbuljs/load-nyc-config
7173 silly ADD node_modules/@istanbuljs/load-nyc-config/node_modules/path-exists
7174 silly ADD node_modules/@istanbuljs/load-nyc-config/node_modules/p-locate
7175 silly ADD node_modules/@istanbuljs/load-nyc-config/node_modules/locate-path
7176 silly ADD node_modules/@istanbuljs/load-nyc-config/node_modules/find-up
7177 silly ADD node_modules/@istanbuljs/load-nyc-config/node_modules/camelcase
7178 silly ADD node_modules/@isaacs/cliui
7179 silly ADD node_modules/@isaacs/cliui/node_modules/wrap-ansi
7180 silly ADD node_modules/@isaacs/cliui/node_modules/strip-ansi
7181 silly ADD node_modules/@isaacs/cliui/node_modules/string-width
7182 silly ADD node_modules/@isaacs/cliui/node_modules/ansi-styles
7183 silly ADD node_modules/@isaacs/cliui/node_modules/ansi-regex
7184 silly ADD node_modules/@humanwhocodes/object-schema
7185 silly ADD node_modules/@humanwhocodes/module-importer
7186 silly ADD node_modules/@humanwhocodes/config-array
7187 silly ADD node_modules/@humanwhocodes/config-array/node_modules/minimatch
7188 silly ADD node_modules/@humanwhocodes/config-array/node_modules/brace-expansion
7189 silly ADD node_modules/@grpc/proto-loader
7190 silly ADD node_modules/@grpc/proto-loader/node_modules/yargs-parser
7191 silly ADD node_modules/@grpc/proto-loader/node_modules/yargs
7192 silly ADD node_modules/@grpc/proto-loader/node_modules/cliui
7193 silly ADD node_modules/@grpc/grpc-js
7194 silly ADD node_modules/@fortawesome/react-fontawesome
7195 silly ADD node_modules/@fortawesome/free-solid-svg-icons
7196 silly ADD node_modules/@fortawesome/free-brands-svg-icons
7197 silly ADD node_modules/@fortawesome/fontawesome-svg-core
7198 silly ADD node_modules/@fortawesome/fontawesome-common-types
7199 silly ADD node_modules/@floating-ui/utils
7200 silly ADD node_modules/@floating-ui/react-dom
7201 silly ADD node_modules/@floating-ui/react
7202 silly ADD node_modules/@floating-ui/dom
7203 silly ADD node_modules/@floating-ui/core
7204 silly ADD node_modules/@firebase/webchannel-wrapper
7205 silly ADD node_modules/@firebase/vertexai
7206 silly ADD node_modules/@firebase/util
7207 silly ADD node_modules/@firebase/storage-types
7208 silly ADD node_modules/@firebase/storage-compat
7209 silly ADD node_modules/@firebase/storage
7210 silly ADD node_modules/@firebase/remote-config-types
7211 silly ADD node_modules/@firebase/remote-config-compat
7212 silly ADD node_modules/@firebase/remote-config
7213 silly ADD node_modules/@firebase/performance-types
7214 silly ADD node_modules/@firebase/performance-compat
7215 silly ADD node_modules/@firebase/performance
7216 silly ADD node_modules/@firebase/messaging-interop-types
7217 silly ADD node_modules/@firebase/messaging-compat
7218 silly ADD node_modules/@firebase/messaging
7219 silly ADD node_modules/@firebase/logger
7220 silly ADD node_modules/@firebase/installations-types
7221 silly ADD node_modules/@firebase/installations-compat
7222 silly ADD node_modules/@firebase/installations
7223 silly ADD node_modules/@firebase/functions-types
7224 silly ADD node_modules/@firebase/functions-compat
7225 silly ADD node_modules/@firebase/functions
7226 silly ADD node_modules/@firebase/firestore-types
7227 silly ADD node_modules/@firebase/firestore-compat
7228 silly ADD node_modules/@firebase/firestore
7229 silly ADD node_modules/@firebase/database-types
7230 silly ADD node_modules/@firebase/database-compat
7231 silly ADD node_modules/@firebase/database
7232 silly ADD node_modules/@firebase/data-connect
7233 silly ADD node_modules/@firebase/component
7234 silly ADD node_modules/@firebase/auth-types
7235 silly ADD node_modules/@firebase/auth-interop-types
7236 silly ADD node_modules/@firebase/auth-compat
7237 silly ADD node_modules/@firebase/auth
7238 silly ADD node_modules/@firebase/app-types
7239 silly ADD node_modules/@firebase/app-compat
7240 silly ADD node_modules/@firebase/app-check-types
7241 silly ADD node_modules/@firebase/app-check-interop-types
7242 silly ADD node_modules/@firebase/app-check-compat
7243 silly ADD node_modules/@firebase/app-check
7244 silly ADD node_modules/@firebase/app
7245 silly ADD node_modules/@firebase/analytics-types
7246 silly ADD node_modules/@firebase/analytics-compat
7247 silly ADD node_modules/@firebase/analytics
7248 silly ADD node_modules/@eslint/js
7249 silly ADD node_modules/@eslint/eslintrc
7250 silly ADD node_modules/@eslint/eslintrc/node_modules/type-fest
7251 silly ADD node_modules/@eslint/eslintrc/node_modules/minimatch
7252 silly ADD node_modules/@eslint/eslintrc/node_modules/js-yaml
7253 silly ADD node_modules/@eslint/eslintrc/node_modules/globals
7254 silly ADD node_modules/@eslint/eslintrc/node_modules/brace-expansion
7255 silly ADD node_modules/@eslint/eslintrc/node_modules/argparse
7256 silly ADD node_modules/@eslint-community/regexpp
7257 silly ADD node_modules/@eslint-community/eslint-utils
7258 silly ADD node_modules/@emotion/weak-memoize
7259 silly ADD node_modules/@emotion/utils
7260 silly ADD node_modules/@emotion/use-insertion-effect-with-fallbacks
7261 silly ADD node_modules/@emotion/unitless
7262 silly ADD node_modules/@emotion/styled
7263 silly ADD node_modules/@emotion/sheet
7264 silly ADD node_modules/@emotion/serialize
7265 silly ADD node_modules/@emotion/react
7266 silly ADD node_modules/@emotion/memoize
7267 silly ADD node_modules/@emotion/is-prop-valid
7268 silly ADD node_modules/@emotion/hash
7269 silly ADD node_modules/@emotion/cache
7270 silly ADD node_modules/@emotion/babel-plugin
7271 silly ADD node_modules/@emotion/babel-plugin/node_modules/source-map
7272 silly ADD node_modules/@emotion/babel-plugin/node_modules/convert-source-map
7273 silly ADD node_modules/@cypress/xvfb
7274 silly ADD node_modules/@cypress/xvfb/node_modules/debug
7275 silly ADD node_modules/@cypress/request
7276 silly ADD node_modules/@cypress/request/node_modules/uuid
7277 silly ADD node_modules/@cypress/request/node_modules/tough-cookie
7278 silly ADD node_modules/@cypress/request/node_modules/qs
7279 silly ADD node_modules/@cypress/request/node_modules/form-data
7280 silly ADD node_modules/@csstools/selector-specificity
7281 silly ADD node_modules/@csstools/postcss-unset-value
7282 silly ADD node_modules/@csstools/postcss-trigonometric-functions
7283 silly ADD node_modules/@csstools/postcss-text-decoration-shorthand
7284 silly ADD node_modules/@csstools/postcss-stepped-value-functions
7285 silly ADD node_modules/@csstools/postcss-progressive-custom-properties
7286 silly ADD node_modules/@csstools/postcss-oklab-function
7287 silly ADD node_modules/@csstools/postcss-normalize-display-values
7288 silly ADD node_modules/@csstools/postcss-nested-calc
7289 silly ADD node_modules/@csstools/postcss-is-pseudo-class
7290 silly ADD node_modules/@csstools/postcss-ic-unit
7291 silly ADD node_modules/@csstools/postcss-hwb-function
7292 silly ADD node_modules/@csstools/postcss-font-format-keywords
7293 silly ADD node_modules/@csstools/postcss-color-function
7294 silly ADD node_modules/@csstools/postcss-cascade-layers
7295 silly ADD node_modules/@csstools/normalize.css
7296 silly ADD node_modules/@bcoe/v8-coverage
7297 silly ADD node_modules/@babel/types
7298 silly ADD node_modules/@babel/traverse
7299 silly ADD node_modules/@babel/template
7300 silly ADD node_modules/@babel/runtime
7301 silly ADD node_modules/@babel/preset-typescript
7302 silly ADD node_modules/@babel/preset-react
7303 silly ADD node_modules/@babel/preset-modules
7304 silly ADD node_modules/@babel/preset-env
7305 silly ADD node_modules/@babel/preset-env/node_modules/semver
7306 silly ADD node_modules/@babel/plugin-transform-unicode-sets-regex
7307 silly ADD node_modules/@babel/plugin-transform-unicode-regex
7308 silly ADD node_modules/@babel/plugin-transform-unicode-property-regex
7309 silly ADD node_modules/@babel/plugin-transform-unicode-escapes
7310 silly ADD node_modules/@babel/plugin-transform-typescript
7311 silly ADD node_modules/@babel/plugin-transform-typeof-symbol
7312 silly ADD node_modules/@babel/plugin-transform-template-literals
7313 silly ADD node_modules/@babel/plugin-transform-sticky-regex
7314 silly ADD node_modules/@babel/plugin-transform-spread
7315 silly ADD node_modules/@babel/plugin-transform-shorthand-properties
7316 silly ADD node_modules/@babel/plugin-transform-runtime
7317 silly ADD node_modules/@babel/plugin-transform-runtime/node_modules/semver
7318 silly ADD node_modules/@babel/plugin-transform-runtime/node_modules/babel-plugin-polyfill-corejs3
7319 silly ADD node_modules/@babel/plugin-transform-reserved-words
7320 silly ADD node_modules/@babel/plugin-transform-regexp-modifiers
7321 silly ADD node_modules/@babel/plugin-transform-regenerator
7322 silly ADD node_modules/@babel/plugin-transform-react-pure-annotations
7323 silly ADD node_modules/@babel/plugin-transform-react-jsx-development
7324 silly ADD node_modules/@babel/plugin-transform-react-jsx
7325 silly ADD node_modules/@babel/plugin-transform-react-display-name
7326 silly ADD node_modules/@babel/plugin-transform-react-constant-elements
7327 silly ADD node_modules/@babel/plugin-transform-property-literals
7328 silly ADD node_modules/@babel/plugin-transform-private-property-in-object
7329 silly ADD node_modules/@babel/plugin-transform-private-methods
7330 silly ADD node_modules/@babel/plugin-transform-parameters
7331 silly ADD node_modules/@babel/plugin-transform-optional-chaining
7332 silly ADD node_modules/@babel/plugin-transform-optional-catch-binding
7333 silly ADD node_modules/@babel/plugin-transform-object-super
7334 silly ADD node_modules/@babel/plugin-transform-object-rest-spread
7335 silly ADD node_modules/@babel/plugin-transform-numeric-separator
7336 silly ADD node_modules/@babel/plugin-transform-nullish-coalescing-operator
7337 silly ADD node_modules/@babel/plugin-transform-new-target
7338 silly ADD node_modules/@babel/plugin-transform-named-capturing-groups-regex
7339 silly ADD node_modules/@babel/plugin-transform-modules-umd
7340 silly ADD node_modules/@babel/plugin-transform-modules-systemjs
7341 silly ADD node_modules/@babel/plugin-transform-modules-commonjs
7342 silly ADD node_modules/@babel/plugin-transform-modules-amd
7343 silly ADD node_modules/@babel/plugin-transform-member-expression-literals
7344 silly ADD node_modules/@babel/plugin-transform-logical-assignment-operators
7345 silly ADD node_modules/@babel/plugin-transform-literals
7346 silly ADD node_modules/@babel/plugin-transform-json-strings
7347 silly ADD node_modules/@babel/plugin-transform-function-name
7348 silly ADD node_modules/@babel/plugin-transform-for-of
7349 silly ADD node_modules/@babel/plugin-transform-flow-strip-types
7350 silly ADD node_modules/@babel/plugin-transform-export-namespace-from
7351 silly ADD node_modules/@babel/plugin-transform-exponentiation-operator
7352 silly ADD node_modules/@babel/plugin-transform-dynamic-import
7353 silly ADD node_modules/@babel/plugin-transform-duplicate-named-capturing-groups-regex
7354 silly ADD node_modules/@babel/plugin-transform-duplicate-keys
7355 silly ADD node_modules/@babel/plugin-transform-dotall-regex
7356 silly ADD node_modules/@babel/plugin-transform-destructuring
7357 silly ADD node_modules/@babel/plugin-transform-computed-properties
7358 silly ADD node_modules/@babel/plugin-transform-classes
7359 silly ADD node_modules/@babel/plugin-transform-class-static-block
7360 silly ADD node_modules/@babel/plugin-transform-class-properties
7361 silly ADD node_modules/@babel/plugin-transform-block-scoping
7362 silly ADD node_modules/@babel/plugin-transform-block-scoped-functions
7363 silly ADD node_modules/@babel/plugin-transform-async-to-generator
7364 silly ADD node_modules/@babel/plugin-transform-async-generator-functions
7365 silly ADD node_modules/@babel/plugin-transform-arrow-functions
7366 silly ADD node_modules/@babel/plugin-syntax-unicode-sets-regex
7367 silly ADD node_modules/@babel/plugin-syntax-typescript
7368 silly ADD node_modules/@babel/plugin-syntax-top-level-await
7369 silly ADD node_modules/@babel/plugin-syntax-private-property-in-object
7370 silly ADD node_modules/@babel/plugin-syntax-optional-chaining
7371 silly ADD node_modules/@babel/plugin-syntax-optional-catch-binding
7372 silly ADD node_modules/@babel/plugin-syntax-object-rest-spread
7373 silly ADD node_modules/@babel/plugin-syntax-numeric-separator
7374 silly ADD node_modules/@babel/plugin-syntax-nullish-coalescing-operator
7375 silly ADD node_modules/@babel/plugin-syntax-logical-assignment-operators
7376 silly ADD node_modules/@babel/plugin-syntax-jsx
7377 silly ADD node_modules/@babel/plugin-syntax-json-strings
7378 silly ADD node_modules/@babel/plugin-syntax-import-meta
7379 silly ADD node_modules/@babel/plugin-syntax-import-attributes
7380 silly ADD node_modules/@babel/plugin-syntax-import-assertions
7381 silly ADD node_modules/@babel/plugin-syntax-flow
7382 silly ADD node_modules/@babel/plugin-syntax-decorators
7383 silly ADD node_modules/@babel/plugin-syntax-class-static-block
7384 silly ADD node_modules/@babel/plugin-syntax-class-properties
7385 silly ADD node_modules/@babel/plugin-syntax-bigint
7386 silly ADD node_modules/@babel/plugin-syntax-async-generators
7387 silly ADD node_modules/@babel/plugin-proposal-private-property-in-object
7388 silly ADD node_modules/@babel/plugin-proposal-private-methods
7389 silly ADD node_modules/@babel/plugin-proposal-optional-chaining
7390 silly ADD node_modules/@babel/plugin-proposal-numeric-separator
7391 silly ADD node_modules/@babel/plugin-proposal-nullish-coalescing-operator
7392 silly ADD node_modules/@babel/plugin-proposal-decorators
7393 silly ADD node_modules/@babel/plugin-proposal-class-properties
7394 silly ADD node_modules/@babel/plugin-bugfix-v8-static-class-fields-redefine-readonly
7395 silly ADD node_modules/@babel/plugin-bugfix-v8-spread-parameters-in-optional-chaining
7396 silly ADD node_modules/@babel/plugin-bugfix-safari-id-destructuring-collision-in-function-expression
7397 silly ADD node_modules/@babel/plugin-bugfix-safari-class-field-initializer-scope
7398 silly ADD node_modules/@babel/plugin-bugfix-firefox-class-in-computed-class-key
7399 silly ADD node_modules/@babel/parser
7400 silly ADD node_modules/@babel/helpers
7401 silly ADD node_modules/@babel/helper-wrap-function
7402 silly ADD node_modules/@babel/helper-validator-option
7403 silly ADD node_modules/@babel/helper-validator-identifier
7404 silly ADD node_modules/@babel/helper-string-parser
7405 silly ADD node_modules/@babel/helper-skip-transparent-expression-wrappers
7406 silly ADD node_modules/@babel/helper-replace-supers
7407 silly ADD node_modules/@babel/helper-remap-async-to-generator
7408 silly ADD node_modules/@babel/helper-plugin-utils
7409 silly ADD node_modules/@babel/helper-optimise-call-expression
7410 silly ADD node_modules/@babel/helper-module-transforms
7411 silly ADD node_modules/@babel/helper-module-imports
7412 silly ADD node_modules/@babel/helper-member-expression-to-functions
7413 silly ADD node_modules/@babel/helper-define-polyfill-provider
7414 silly ADD node_modules/@babel/helper-create-regexp-features-plugin
7415 silly ADD node_modules/@babel/helper-create-regexp-features-plugin/node_modules/semver
7416 silly ADD node_modules/@babel/helper-create-class-features-plugin
7417 silly ADD node_modules/@babel/helper-create-class-features-plugin/node_modules/semver
7418 silly ADD node_modules/@babel/helper-compilation-targets
7419 silly ADD node_modules/@babel/helper-compilation-targets/node_modules/semver
7420 silly ADD node_modules/@babel/helper-compilation-targets/node_modules/lru-cache
7421 silly ADD node_modules/@babel/helper-annotate-as-pure
7422 silly ADD node_modules/@babel/generator
7423 silly ADD node_modules/@babel/eslint-parser
7424 silly ADD node_modules/@babel/eslint-parser/node_modules/semver
7425 silly ADD node_modules/@babel/eslint-parser/node_modules/eslint-visitor-keys
7426 silly ADD node_modules/@babel/core
7427 silly ADD node_modules/@babel/core/node_modules/semver
7428 silly ADD node_modules/@babel/compat-data
7429 silly ADD node_modules/@babel/code-frame
7430 silly ADD node_modules/@ampproject/remapping
7431 silly ADD node_modules/@alloc/quick-lru
7432 verbose cwd C:\Users\NGUYEN MINH TRI\OneDrive\Desktop\JobConect4Student\Client
7433 verbose os Windows_NT 10.0.26200
7434 verbose node v22.19.0
7435 verbose npm  v10.9.3
7436 notice
7436 notice New major version of npm available! 10.9.3 -> 11.13.0
7436 notice Changelog: https://github.com/npm/cli/releases/tag/v11.13.0
7436 notice To update run: npm install -g npm@11.13.0
7436 notice  { force: true, [Symbol(proc-log.meta)]: true }
7437 verbose exit 0
7438 info ok
